Date,Open,High,Low,Close,Volume
2004-01-02,0.3309088685142229,0.3339804578914139,0.3252274904104245,0.3267632722854614,144642400.0
2004-01-05,0.3289129962926636,0.3438073984195995,0.3289129962926636,0.3404296934604645,395018400.0
2004-01-06,0.3416576275234983,0.3442683130255485,0.333366461244601,0.339200884103775,509348000.0
2004-01-07,0.3393547997003427,0.3505644835168268,0.3367441144020497,0.3468789458274841,586874400.0
2004-01-08,0.350717462913208,0.3643839120250591,0.3477998168103386,0.3587025105953216,460303200.0
2004-01-09,0.3567058600622507,0.3705262269036145,0.3499496058730034,0.3531742393970489,427459200.0
2004-01-12,0.3570137660797078,0.3685295654055884,0.3547100680451668,0.3643839955329895,487547200.0
2004-01-13,0.3792783048883403,0.3814280604833569,0.3663797456911326,0.3703722953796386,679016800.0
2004-01-14,0.3746718218424224,0.3768215775250695,0.3651518376883868,0.3716011047363281,620043200.0
2004-01-15,0.3517924351332212,0.3593165813213136,0.3454970834164448,0.3508714735507965,1018208800.0
2004-01-16,0.3514854071424541,0.353789079373255,0.3471858955340135,0.3488747477531433,372820000.0
2004-01-20,0.3481068398212879,0.3501035247949899,0.3416575470999591,0.3490286469459533,315946400.0
2004-01-21,0.3485678347071544,0.3527142764652826,0.3444222386438576,0.3471859693527221,226660000.0
2004-01-22,0.3464180175207946,0.350564458549682,0.3405826985836029,0.3405826985836029,205004800.0
2004-01-23,0.3442682671915339,0.3491817533768255,0.3416575820370562,0.346418023109436,227169600.0
2004-01-26,0.3448822451739509,0.3540960889868,0.3444221872543374,0.3533281981945038,271269600.0
2004-01-27,0.3537890618909006,0.3570137210649963,0.3501035247815991,0.3542491197586059,307070400.0
2004-01-28,0.3507174612112523,0.3590094959648197,0.3441151241055816,0.3458039760589599,275402400.0
2004-01-29,0.3474928993292701,0.3501035588435702,0.3407366444346336,0.3482607901096344,212699200.0
2004-01-30,0.3477998882431307,0.3511784385547039,0.3442682671915339,0.346418023109436,185298400.0
2004-02-02,0.3448822150595519,0.3502566044416396,0.3390477677980221,0.3427324593067169,287431200.0
2004-02-03,0.3424255121166095,0.3439612937463264,0.3378189872950758,0.3418115377426147,180812800.0
2004-02-04,0.3378189730014371,0.3392008381318215,0.3332124740019246,0.3345943391323089,305552800.0
2004-02-05,0.3350552354890396,0.3517923775402929,0.3349012934426826,0.3442682325839996,352844800.0
2004-02-06,0.344729129045573,0.3514853831556695,0.3439612383543766,0.3487216532230377,193340000.0
2004-02-09,0.3473397268465469,0.3510244175403993,0.3454969586523985,0.3481067717075348,188260800.0
2004-02-10,0.3473398151827002,0.3550170313006182,0.3445752393411631,0.3528672754764557,255343200.0
2004-02-11,0.3545560960864432,0.3665336941061087,0.3539421218184918,0.3654588162899017,348544000.0
2004-02-12,0.3625412011188774,0.3683765202890356,0.3623881560023246,0.3643839955329895,183988000.0
2004-02-13,0.3662267155382204,0.3700653233445784,0.3505644258499195,0.3531742393970489,315980000.0
2004-02-17,0.3547100621146573,0.360698426301247,0.3547100621146573,0.355631023645401,170956800.0
2004-02-18,0.3559388482435678,0.3599305271453769,0.3539421630979808,0.3571667969226837,141635200.0
2004-02-19,0.358241733250433,0.3630021750216809,0.3441152469701731,0.3450362086296081,323080800.0
2004-02-20,0.3454969903103498,0.3456500610187956,0.3410435629585526,0.3439612090587616,277603200.0
2004-02-23,0.3430402998058677,0.3448822227539934,0.3361301288191207,0.3407366275787353,194079200.0
2004-02-24,0.3399687606556546,0.3491817588203759,0.3378189790771266,0.3433473110198974,259056000.0
2004-02-25,0.3421184728862852,0.3516393027085377,0.3410435950479407,0.3502565920352936,276276000.0
2004-02-26,0.3513314431807148,0.355938787018943,0.350103494712817,0.3537890315055847,198408000.0
2004-02-27,0.3525602554301997,0.3688373646482981,0.3524063390165477,0.3673015832901001,468837600.0
2004-03-01,0.370065334972915,0.3731368978702002,0.3665337141967413,0.3688373863697052,321680800.0
2004-03-02,0.3685296104985896,0.3700654179185748,0.3649979889308459,0.3656128346920013,256687200.0
2004-03-03,0.3623880977773629,0.3714471781237382,0.3623880977773629,0.3673015832901001,225131200.0
2004-03-04,0.3674546697366112,0.3872634017522401,0.3671477081964497,0.3863424658775329,660223200.0
2004-03-05,0.3831177573122767,0.4221203963117244,0.3823498666452486,0.4106037020683288,1540599200.0
2004-03-08,0.4087610769012806,0.4113717369454534,0.3961695260759847,0.3992410898208618,522872000.0
2004-03-09,0.3977052822590143,0.4181279918298956,0.3954015839720447,0.4161321520805359,618363200.0
2004-03-10,0.4152101684450882,0.4321012503641412,0.4136743872291378,0.4250380098819732,1006964000.0
2004-03-11,0.4187419135191011,0.4305655975059285,0.4159781830620849,0.4168991446495056,595851200.0
2004-03-12,0.4195097653153569,0.426573006814374,0.4172069388544105,0.4231953024864197,329224000.0
2004-03-15,0.4150571623907266,0.4199706479103279,0.4032334808170523,0.4061502814292907,481717600.0
2004-03-16,0.4076860392071169,0.4086078462478339,0.3898740209579583,0.3964763581752777,605432800.0
2004-03-17,0.398626269736315,0.4050755387680365,0.3958625389212525,0.4021587371826172,411432000.0
2004-03-18,0.3983192477950565,0.4001620167428251,0.3929448317764461,0.39417365193367,321081600.0
2004-03-19,0.3924847113997128,0.4136744353090217,0.3921768529380336,0.3970912098884582,408576000.0
2004-03-22,0.3895670650281006,0.4018507790998882,0.3877242964936823,0.3970912098884582,419031200.0
2004-03-23,0.3973981897160769,0.3992409582165871,0.3872633601834541,0.3883382380008697,385515200.0
2004-03-24,0.3880312288966075,0.3954014567867688,0.3880312288966075,0.3915628492832184,428215200.0
2004-03-25,0.401390727197596,0.4132144092094116,0.3975512736544613,0.4125995635986328,566445600.0
2004-03-26,0.4145962983421081,0.4201237330275018,0.4132144332639819,0.4152102470397949,419893600.0
2004-03-29,0.4202776390395984,0.4297976230361675,0.4176669542139991,0.4285696744918823,350728000.0
2004-03-30,0.4259591277798829,0.4291837621020714,0.41981682072553,0.4287228584289551,359676800.0
2004-03-31,0.428722781980431,0.42964458916229,0.4138283819616687,0.4152102470397949,390773600.0
2004-04-01,0.4129074485275676,0.4187418704096396,0.4087609819470538,0.4162851274013519,318332000.0
2004-04-02,0.4261129662281566,0.4288766963712778,0.4181279172650747,0.4222734868526459,274478400.0
2004-04-05,0.4219665226233642,0.4356329482131891,0.4213525483054055,0.4348650574684143,385672000.0
2004-04-06,0.4254981857107947,0.4322552866573797,0.4211986480420747,0.42734095454216,257992000.0
2004-04-07,0.4239631723457924,0.4253450372932967,0.4133674392968471,0.4193566739559173,255119200.0
2004-04-08,0.4281088292223975,0.429951597984286,0.4176670110743869,0.4227344393730163,240917600.0
2004-04-12,0.4222734745133563,0.4314873431727293,0.4221204294117983,0.4305655360221863,230540800.0
2004-04-13,0.4296446349171042,0.4304125513793225,0.412139573611764,0.4135214388370514,436396800.0
2004-04-14,0.4106037101553503,0.4156711377289954,0.4040005268445095,0.4090679287910461,639732800.0
2004-04-15,0.4425431200659508,0.4542128342998092,0.4324083159139227,0.4499133229255676,1761446400.0
2004-04-16,0.4476104980847163,0.4500672151544772,0.4376296108873171,0.4480705559253692,402931200.0
2004-04-19,0.4317943593689106,0.4414682347312578,0.4273409057664106,0.4353259801864624,712353600.0
2004-04-20,0.4331761799836426,0.4362468712802291,0.4231952672363372,0.425805926322937,354519200.0
2004-04-21,0.4238092414821654,0.4317943150832526,0.4202776210268235,0.425805926322937,325875200.0
2004-04-22,0.423195303959165,0.4327152883738128,0.4162851075359205,0.4265730082988739,344584800.0
2004-04-23,0.4253450334072113,0.4299515317549999,0.4153641460379068,0.4253450334072113,315828800.0
2004-04-26,0.4235023179860639,0.424423279493171,0.4145963073053069,0.4165921211242676,231128800.0
2004-04-27,0.4182818741355004,0.421352591736462,0.4098358951399475,0.4136745035648346,283864000.0
2004-04-28,0.4118325289507541,0.414749303935884,0.4044614293496619,0.4061502814292907,231168000.0
2004-04-29,0.4061503523190873,0.4145963312076715,0.3989340391940115,0.4110646843910217,460790400.0
2004-04-30,0.4101428916427077,0.413982371476622,0.3914099070315104,0.3958624899387359,466502400.0
2004-05-03,0.399241002837902,0.404308405357019,0.3952484782563345,0.4003158807754516,297634400.0
2004-05-04,0.3987800424288825,0.4076860518291944,0.3915628594356877,0.4013907015323639,279983200.0
2004-05-05,0.4023117164280284,0.4107576947389775,0.3986261790498202,0.409221887588501,238106400.0
2004-05-06,0.4053832770571061,0.4107576922892722,0.3977052151807418,0.4081470072269439,263558400.0
2004-05-07,0.4076860829245869,0.4233483729780734,0.4076860829245869,0.4095288515090942,419036800.0
2004-05-10,0.4033866947985596,0.4084540985317094,0.3983192910654098,0.4035406112670898,249978400.0
2004-05-11,0.4053832421310092,0.4175139110080225,0.4053832421310092,0.4167460203170776,305172000.0
2004-05-12,0.411371704718792,0.4198168129658908,0.4029257507768957,0.4192028641700744,245420000.0
2004-05-13,0.416132071706952,0.4256520563337042,0.4130604831266245,0.4175139367580414,229852000.0
2004-05-14,0.4184348273703876,0.4195097307760057,0.4061502682746813,0.4155171811580658,257801600.0
2004-05-17,0.4099897358874622,0.4155171956876229,0.4047684175266616,0.4090679287910461,300445600.0
2004-05-18,0.4141353162563458,0.4190488016168066,0.4115246571672335,0.4155171811580658,206063200.0
2004-05-19,0.4207385029383029,0.4222734128468923,0.405690189199808,0.4064580798149109,375592000.0
2004-05-20,0.4089148903223015,0.4145962926119245,0.406458147362403,0.4101428389549255,196296800.0
2004-05-21,0.4130604936352241,0.4176669924875971,0.4104498341975015,0.4162851274013519,179894400.0
2004-05-24,0.4190488714257155,0.4284158114966364,0.4162851411618687,0.4198167622089386,235603200.0
2004-05-25,0.4222734640402731,0.4377826831669574,0.4190488304826158,0.4362469017505646,319978400.0
2004-05-26,0.435018885857053,0.4419290810940139,0.4299514845227912,0.4377826154232025,322168000.0
2004-05-27,0.4370148185940932,0.4391645744277626,0.4271878466085549,0.4325622618198395,235972800.0
2004-05-28,0.4311804436925509,0.4340972192761803,0.4268809059299142,0.4308725595474243,145717600.0
2004-06-01,0.4267269894844647,0.4330223156151858,0.4239632590244158,0.4308725595474243,182134400.0
2004-06-02,0.4304124390367218,0.4479174445188265,0.4268807930457291,0.4440788626670837,318712800.0
2004-06-03,0.4410074129148499,0.4451538286365232,0.4344050483911466,0.4360939264297485,250930400.0
2004-06-04,0.4385506154265753,0.4491454785364487,0.4377827246456234,0.4419291913509369,399112000.0
2004-06-07,0.4459208769345754,0.460355194163955,0.4423892558454091,0.4577445089817047,295876000.0
2004-06-08,0.460509009365809,0.4674183335888952,0.458052292414205,0.4660364687442779,415620800.0
2004-06-09,0.4620440429488886,0.4715649256500284,0.4606621777344407,0.4637337923049927,349204800.0
2004-06-10,0.4637338294559183,0.4755574630154377,0.4637338294559183,0.4720258414745331,257577600.0
2004-06-14,0.470643189955479,0.4711040680348565,0.4529850809800415,0.462505042552948,243986400.0
2004-06-15,0.4689542228300331,0.4781672210454602,0.4646547109035386,0.4712578952312469,444634400.0
2004-06-16,0.4707970120916075,0.5116424262009378,0.4688011725881488,0.5027363896369934,909641600.0
2004-06-17,0.4999725392705671,0.5087246060421498,0.4945981250847918,0.5038111209869385,551320000.0
2004-06-18,0.5015076270288894,0.5130243500925579,0.4979760055370247,0.5053471326828003,406252000.0
2004-06-21,0.5085715969005077,0.5144060180532917,0.4932154750525186,0.4964400827884674,390213600.0
2004-06-22,0.495980232737629,0.5081108806101277,0.49582631626295,0.5067290663719177,360511200.0
2004-06-23,0.5067289120666394,0.5194735305671268,0.5050391628851467,0.5174776911735535,390868800.0
2004-06-24,0.5145600296214675,0.5174776761076363,0.5064218845345306,0.5094925761222839,252515200.0
2004-06-25,0.5078037643502199,0.5174776911735535,0.5067289120666394,0.5174776911735535,323428000.0
2004-06-28,0.5248478976785026,0.5250018141072461,0.4945982196353116,0.4988977313041687,521096800.0
2004-06-29,0.4924485208101072,0.5065750061033519,0.4823137147903368,0.499050885438919,590553600.0
2004-06-30,0.4999727057859135,0.5062680577536566,0.4896839830508838,0.4996648728847503,373044000.0
2004-07-01,0.4929084616941191,0.4987437541614047,0.489837770372138,0.4959800243377685,341941600.0
2004-07-02,0.4680333155088729,0.4787820959818264,0.4565166441885992,0.4772463142871856,910683200.0
2004-07-06,0.4801639993406509,0.4824668007435099,0.4729468396367184,0.4752505123615265,348980800.0
2004-07-07,0.473714591429874,0.481545723282731,0.4626588004990504,0.4666513502597809,397992000.0
2004-07-08,0.4626589100903662,0.4711040182120171,0.4598943082115314,0.4628120064735412,233380000.0
2004-07-09,0.4648086165399172,0.4683402375839365,0.4611230790615082,0.4611230790615082,208863200.0
2004-07-12,0.4609691678680409,0.4612770007403202,0.4442319983527966,0.4474566578865051,511621600.0
2004-07-13,0.4491454953709327,0.4545199109714542,0.445613874201939,0.4486854374408722,316176000.0
2004-07-14,0.4431571041763565,0.4602021049548068,0.4413143099630511,0.4542128443717956,835800000.0
2004-07-15,0.5015075111126899,0.5164027558391814,0.4930624047749603,0.505653977394104,1767724000.0
2004-07-16,0.5036573084674677,0.5055001027939817,0.4932155419277482,0.4944443106651306,488381600.0
2004-07-19,0.491526620335548,0.4947512794762726,0.4861522567732981,0.4909126460552215,533170400.0
2004-07-20,0.4906057281570475,0.4944443106651306,0.4844634220968193,0.4944443106651306,323747200.0
2004-07-21,0.4978230475047109,0.5022756057875273,0.4812389182877279,0.4855384826660156,301257600.0
2004-07-22,0.4798570307878728,0.4872272355226117,0.4769393324024423,0.486459344625473,334118400.0
2004-07-23,0.4841564497668565,0.4875341029740361,0.468033255497629,0.4714109599590301,273571200.0
2004-07-26,0.4737146221535377,0.4829276195550626,0.4726397186397615,0.4800099730491638,393932000.0
2004-07-27,0.488302010983372,0.5028893714851381,0.4847703903401937,0.4979758858680725,425006400.0
2004-07-28,0.4961332846898478,0.4976690665193645,0.4784751764297666,0.4955193102359772,285051200.0
2004-07-29,0.4985898718412688,0.5039642867676654,0.4933694245896218,0.5012005567550659,222157600.0
2004-07-30,0.5013545424821557,0.5067289581515041,0.4913736532172525,0.496594101190567,243023200.0
2004-08-02,0.4787820990627803,0.4944443662256514,0.4780142082105186,0.4849244058132171,365092000.0
2004-08-03,0.4829275447318195,0.4870740105334235,0.4783210211176668,0.4804707765579223,211629600.0
2004-08-04,0.4789349422056351,0.4932153893440081,0.4786279807602553,0.4881488084793091,276488800.0
2004-08-05,0.4884558757659756,0.4959799941860159,0.4798568539978079,0.4820066094398498,244501600.0
2004-08-06,0.4744825579559,0.4775532498560947,0.456055690080783,0.4572845101356506,492290400.0
2004-08-09,0.4583593165428782,0.467572313895839,0.4577444709161717,0.4652686417102813,290847200.0
2004-08-10,0.4666512360414857,0.4843093346446943,0.4660363906019057,0.4840023219585418,351036000.0
2004-08-11,0.4775531199076954,0.4780140490316313,0.4646545875523663,0.4761712551116943,322392000.0
2004-08-12,0.4675724102116912,0.4737147172375821,0.4649617759629951,0.4663436412811279,226200800.0
2004-08-13,0.4698759738244261,0.480316919514952,0.4668044109904726,0.4735606908798218,328048000.0
2004-08-16,0.4760173540063862,0.4870740153727743,0.4704898946448154,0.47263965010643,435674400.0
2004-08-17,0.4695680672564446,0.4780140436561743,0.4660364471076032,0.4740214943885803,323019200.0
2004-08-18,0.468493440461657,0.4890700683774586,0.4681864275906613,0.4873811900615692,364655200.0
2004-08-19,0.483849449874021,0.4892238651917356,0.466190473636448,0.4715648889541626,388920000.0
2004-08-20,0.4715648979054893,0.4758644097395859,0.4681863219681461,0.4729467630386352,316780800.0
2004-08-23,0.4738677380708151,0.4801639612290967,0.4698760587763745,0.4772463142871856,254660000.0
2004-08-24,0.4800099780622525,0.4906057119369507,0.4789350745372503,0.4906057119369507,374136000.0
2004-08-25,0.4893769276921456,0.5090317440726748,0.4872271717395108,0.5074968338012695,505618400.0
2004-08-26,0.5073429792048931,0.540203351433162,0.5027365047201738,0.5322191715240479,955858400.0
2004-08-27,0.5325259506406556,0.5337538992123638,0.5220841336809828,0.5274585485458374,388813600.0
2004-08-30,0.5220842383986393,0.5331400318616947,0.5214702639896365,0.5239270329475403,218142400.0
2004-08-31,0.5231589832436154,0.5366714903075814,0.5220840798797268,0.5296082496643066,376560800.0
2004-09-01,0.5266905538846681,0.552641533522489,0.525001676457501,0.5506448745727539,515726400.0
2004-09-02,0.5451175642968055,0.549877133912082,0.5348287916603058,0.5475742816925049,406324800.0
2004-09-03,0.537593336560529,0.5515667737853474,0.537593336560529,0.540971040725708,293468000.0
2004-09-07,0.5435817013504033,0.5557123439117678,0.540971016661184,0.549109160900116,301957600.0
2004-09-08,0.5481882968503597,0.5615477622095274,0.5478813352885931,0.5581691861152649,343526400.0
2004-09-09,0.5543304547717485,0.5574011459051856,0.5417388836068475,0.5481881499290466,461339200.0
2004-09-10,0.5475742338443296,0.5563263528695086,0.5445026710632116,0.5507988929748535,328014400.0
2004-09-13,0.5509519278793431,0.5538695741895995,0.542352905362622,0.5464993715286255,281976800.0
2004-09-14,0.5411250240412869,0.5458845937438095,0.5340609106875991,0.5449636578559875,254822400.0
2004-09-15,0.5429676978742659,0.5448096204952949,0.5343686761981307,0.5405100584030151,232668800.0
2004-09-16,0.5405102087223083,0.5644654090459892,0.5386683368432552,0.5581691861152649,501916800.0
2004-09-17,0.5612406647953051,0.5739852813699358,0.55893694164001,0.5702997446060181,502308800.0
2004-09-20,0.5663073152990769,0.5831984013689854,0.5661542701836796,0.5790528059005737,245000000.0
2004-09-21,0.5796666144963809,0.5968646572008892,0.5752140074944116,0.5836591124534607,386652000.0
2004-09-22,0.5850412337067306,0.5856552081597921,0.5652324978674104,0.5669222474098206,401688000.0
2004-09-23,0.5687649384883222,0.5758281811329546,0.5670752403556624,0.5722965598106384,397404000.0
2004-09-24,0.5750602411752644,0.5835053483382416,0.5704537678321442,0.5726035237312317,369488000.0
2004-09-27,0.5673820913842698,0.5831983229789598,0.5655402198076916,0.5762889981269836,397516000.0
2004-09-28,0.5752140598935565,0.5879586766897039,0.5750601434863303,0.5841200947761536,353186400.0
2004-09-29,0.5824305017780529,0.5967117737572705,0.5807416238405746,0.593947172164917,273509600.0
2004-09-30,0.5988614079138366,0.6030070024767479,0.5904154310627813,0.5950219035148621,425012000.0
2004-10-01,0.6007034328852598,0.6017782851828204,0.5924122423475086,0.5937941074371338,465404800.0
2004-10-04,0.6016252943603732,0.6016252943603732,0.5950220585324887,0.5956369042396545,574084000.0
2004-10-05,0.5921043821011245,0.6091493844749181,0.5896476646149095,0.6045429110527039,406162400.0
2004-10-06,0.6065388196077547,0.6258866252345152,0.6060778903148216,0.624043881893158,446303200.0
2004-10-07,0.62250886580179,0.6284972557819979,0.6059247922296687,0.6083815097808838,426148800.0
2004-10-08,0.6074603735854724,0.6106849808845948,0.596403713131817,0.5997822880744934,359228800.0
2004-10-11,0.5957900174683952,0.5997825168481998,0.5865769673949813,0.5925653576850891,323870400.0
2004-10-12,0.5911833525245042,0.5924121723609278,0.5781309025406263,0.5879586935043335,460191200.0
2004-10-13,0.5968647439262444,0.6105311685174676,0.5948689046913876,0.6103772521018982,1163008000.0
2004-10-14,0.6632001650385956,0.7025097354598573,0.6533723239589392,0.6906861066818237,2768427200.0
2004-10-15,0.6891512713089758,0.7003601078781773,0.6785555889705261,0.698671281337738,1031128000.0
2004-10-18,0.6863866759569285,0.7332212924957275,0.6863866759569285,0.7332212924957275,1200752000.0
2004-10-19,0.7385956495498714,0.7424342827972454,0.7264641354202924,0.7281538844108582,801992800.0
2004-10-20,0.7244685292144125,0.7309178492779274,0.716330433447387,0.7289220094680786,605108000.0
2004-10-21,0.7290749230127093,0.7390558116501362,0.7272321286734342,0.7361381649971008,724505600.0
2004-10-22,0.7299967640370263,0.7319926035791066,0.722011714479263,0.7280001044273376,483067200.0
2004-10-25,0.7247753312032549,0.7346031736449332,0.7227794919740677,0.7301497459411621,392644000.0
2004-10-26,0.7286139283851907,0.7378277967461041,0.7212437255198627,0.7365990281105042,594361600.0
2004-10-27,0.7448910670700596,0.7772913713346471,0.7396706196904619,0.7723770141601562,1193494400.0
2004-10-28,0.7674634821489255,0.8018596236928855,0.7600932794401986,0.8013986945152283,864264800.0
2004-10-29,0.7960243427037303,0.8169079251699524,0.7954103684237239,0.8046233654022217,810219200.0
2004-11-01,0.8061592023957757,0.8178289686208453,0.7990959606047653,0.8053913116455078,602050400.0
2004-11-02,0.8046234026015437,0.8304204718896671,0.8046234026015437,0.8215144872665405,729988000.0
2004-11-03,0.8348739950696408,0.8615920015998546,0.8290386504945697,0.8493083119392395,1204173600.0
2004-11-04,0.8450088574871631,0.8529930359150203,0.8348740517044319,0.8361019492149353,928625600.0
2004-11-05,0.8423981021830933,0.8445478580374512,0.7990959723031537,0.8402483463287354,1205047200.0
2004-11-08,0.833338220626011,0.8514581274523952,0.8270428689561176,0.8350270986557007,526920800.0
2004-11-09,0.8327241357110602,0.8376376212156184,0.8196716343230479,0.8299604058265686,475764800.0
2004-11-10,0.8284245396254236,0.8505361204481423,0.8278106166401091,0.8407091498374939,508676000.0
2004-11-11,0.8437799972922361,0.8511502522416162,0.8327242560885955,0.8491544127464294,407299200.0
2004-11-12,0.8447010045263299,0.8551427716249744,0.8420911906159316,0.852225124835968,395701600.0
2004-11-15,0.8476184286875198,0.8516109267917443,0.8344128834533969,0.8482332229614258,376045600.0
2004-11-16,0.8470044783768185,0.8476184526006526,0.8365626624719156,0.8436259031295776,295103200.0
2004-11-17,0.8474654628120465,0.8514580127850829,0.8325702176753405,0.8430120348930359,397751200.0
2004-11-18,0.8337988834665031,0.8514578553880897,0.8336449670723842,0.850536048412323,459149600.0
2004-11-19,0.8520719174024693,0.8738764858790806,0.8368696607314023,0.8471584320068359,765279200.0
2004-11-22,0.9489643045266544,0.9827463748554962,0.889078866977393,0.9420549273490906,2568210400.0
2004-11-23,0.9566424912761236,0.9589461641982278,0.9374485997048772,0.9408263564109802,911450400.0
2004-11-24,0.947275015082944,1.0011729134676728,0.9451253111573726,0.98351389169693,1390788000.0
2004-11-26,1.003476254175593,1.009772426469859,0.9879678513454988,0.9911924600601196,550144000.0
2004-11-29,1.05875591139806,1.0682758716062706,1.035108543458451,1.0509247779846191,1712916800.0
2004-11-30,1.056299185857711,1.056299185857711,1.0295803546905518,1.0295803546905518,1028518400.0
2004-12-01,1.0409437417984009,1.0434004592036743,1.0176033888216192,1.0409437417984009,800553600.0
2004-12-02,1.015453627114782,1.0272773617833326,0.9928812664023492,1.001326322555542,987442400.0
2004-12-03,0.990884501403932,0.9981017113206904,0.9481972151782424,0.9624775648117064,1238848800.0
2004-12-06,0.9865849440784072,1.0171425065408215,0.9666231670420186,1.010079264640808,1247920800.0
2004-12-07,1.0123822065546866,1.024666820945726,0.9606350110763304,0.9657024145126344,1056899200.0
2004-12-08,0.9686196144229464,0.9893492776819842,0.9528034873860952,0.9716903567314148,691902400.0
2004-12-09,0.9644732165431978,0.9888884693464032,0.9531104646203632,0.9825931191444396,741501600.0
2004-12-10,0.9985627552946474,1.0142250239433144,0.9934953517448196,1.0004055500030518,775773600.0
2004-12-13,1.0076225338636906,1.011922045956116,0.9919594470864356,0.9967198371887208,395040800.0
2004-12-14,1.0042439417943347,1.011615016337597,0.9984085462215844,1.002555012702942,415721600.0
2004-12-15,1.0017870176282522,1.0051655930182568,0.9928810851095592,1.002094030380249,398361600.0
2004-12-16,1.0157607861436342,1.0364904579411134,1.014225004323129,1.0226709842681885,1126115200.0
2004-12-17,1.0263553574669584,1.0294269202294033,0.99656661111664,0.9979485273361206,783496000.0
2004-12-20,1.0053189033230805,1.0134570498376565,0.948350340094172,0.9630916714668274,1168126400.0
2004-12-21,0.9759901385834682,0.979214746929948,0.9458935548299358,0.977985978126526,1064414400.0
2004-12-22,0.977526085713193,0.9882749186993924,0.9735335858834566,0.9789080023765564,565829600.0
2004-12-23,0.9789077036628968,0.9865848680488858,0.9766040315540708,0.9829002022743224,245929600.0
2004-12-27,0.9950308849913512,1.000405300056597,0.9655482271923204,0.9698477387428284,559490400.0
2004-12-28,0.9719974165272044,0.9865847758083324,0.9528035335266074,0.9855098724365234,611755200.0
2004-12-29,0.979828564077201,0.997794498921054,0.9761438985861258,0.989502489566803,449562400.0
2004-12-30,0.9951836270072872,0.9985622016928282,0.9861245487810064,0.9950305819511414,345340800.0
2004-12-31,0.9964128437455952,0.9981016703868212,0.983207295749887,0.9888886213302612,278588800.0
2005-01-03,0.9947241097656596,0.9997915132595973,0.9612489452032074,0.9718447327613832,691992000.0
2005-01-04,0.9795216200173176,1.005318688126241,0.966930098730128,0.9818252921104432,1096810400.0
2005-01-05,0.9898093702530436,1.0019409349728456,0.983514020272586,0.9904242157936096,680433600.0
2005-01-06,0.9930344346283564,0.996719921391772,0.9724586284477018,0.9911924600601196,705555200.0
2005-01-07,0.9981018975830586,1.0691977738038403,0.9942632629469708,1.0633624792099,2227450400.0
2005-01-10,1.072268488824432,1.085628007189171,1.042325765850196,1.058909893035889,1725309600.0
2005-01-11,1.0480068661774309,1.0618263356929114,0.9848960111467716,0.991345226764679,2611627200.0
2005-01-12,1.0050118309728098,1.011921925041392,0.971997552140235,1.005165696144104,1919702400.0
2005-01-13,1.131848021791874,1.142750722442715,1.07073389425944,1.071808695793152,3164716800.0
2005-01-14,1.0787178917420903,1.1012903602376265,1.0624415962315292,1.0779500007629397,1770742400.0
2005-01-18,1.072575354331135,1.085627858046491,1.0403289630261838,1.0848599672317505,1006460000.0
2005-01-19,1.0824027475902522,1.0972971176748154,1.0710399973940117,1.0730358362197876,751895200.0
2005-01-20,1.0695044255896335,1.094380557380673,1.0667406956918355,1.081942081451416,914922400.0
2005-01-21,1.094994809114811,1.0994473663879338,1.074879062349657,1.0824031829833984,911332800.0
2005-01-24,1.0899272617648783,1.1022117709365296,1.0833240779699442,1.0865486860275269,841629600.0
2005-01-25,1.09591563747618,1.118488099669576,1.0893132735225546,1.106357455253601,969231200.0
2005-01-26,1.1157244727597904,1.1171062867321848,1.093612886490105,1.109429121017456,739496800.0
2005-01-27,1.1080464048647494,1.1197169926728274,1.098680309674268,1.11541748046875,496227200.0
2005-01-28,1.1151100741990714,1.1359928846359253,1.11234552460271,1.1359928846359253,801612000.0
2005-01-31,1.145206916505433,1.1960331614939497,1.1441320130516952,1.180830955505371,1681097600.0
2005-02-01,1.1831348913394402,1.1941906335803123,1.175917680826785,1.1905051469802856,678395200.0
2005-02-02,1.1969542063155083,1.2270508907112463,1.1929617074093528,1.2227513790130615,1020062400.0
2005-02-03,1.214613160682659,1.2196805628363243,1.1874341757811595,1.1948044300079346,731651200.0
2005-02-04,1.195726031591872,1.212002319372216,1.1905047649456202,1.210620403289795,563556000.0
2005-02-07,1.212002685702792,1.218452005234305,1.1900450668263929,1.2121566534042358,524456800.0
2005-02-08,1.2141523233871894,1.2496233195827515,1.2098527092946925,1.242253065109253,890019200.0
2005-02-09,1.2444028209795948,1.2589902854243853,1.1992578962305371,1.2090848684310913,1191456000.0
2005-02-10,1.2087779879573726,1.217377011692292,1.177146443373022,1.203250527381897,1093019200.0
2005-02-11,1.2262830797306452,1.255458727648394,1.2121565950573856,1.2470135688781738,1201054400.0
2005-02-14,1.270352954286113,1.3019853160442778,1.2599119571901034,1.2995285987854004,1271463200.0
2005-02-15,1.3306999890443465,1.3678598082597837,1.320565185369385,1.3575719594955444,2312217600.0
2005-02-16,1.353579542438477,1.3850579361996318,1.3412949311849744,1.383983135223389,1639243200.0
2005-02-17,1.3919683746131513,1.395499995945835,1.3428309461381138,1.348359227180481,1518473600.0
2005-02-18,1.347284451100536,1.3491271431433276,1.3244049732866237,1.3330039978027344,1163254400.0
2005-02-22,1.3251714525216909,1.3558828703501726,1.3096630573272705,1.3096630573272705,1219293600.0
2005-02-23,1.33162078961555,1.358185744615477,1.3136556761537488,1.3548080921173096,1345181600.0
2005-02-24,1.358646861927802,1.3713914277689316,1.347130142086697,1.3655569553375244,1519028000.0
2005-02-25,1.3761518918721312,1.3806052681085392,1.3541933560477717,1.3664779663085938,915510400.0
2005-02-28,1.3721596666142004,1.3862870747895066,1.3500481821598425,1.3776880502700806,651610400.0
2005-03-01,1.381680446964304,1.3853651132181315,1.356190285624987,1.366632103919983,468188000.0
2005-03-02,1.3589537744756517,1.3786086387766632,1.3537333275438457,1.3549612760543823,458161200.0
2005-03-03,1.3626399104070377,1.3638678594111873,1.2659008188052032,1.2834057807922363,1411653600.0
2005-03-04,1.3131951011151557,1.320872266119071,1.285248223636387,1.314730882644653,756618800.0
2005-03-07,1.314422868278174,1.328243260000107,1.3006033991321224,1.3128879070281982,450632000.0
2005-03-08,1.2867837851395396,1.2947680640807493,1.231504065222398,1.244709610939026,1021451200.0
2005-03-09,1.2173769768742198,1.2370317412655367,1.1925016623524072,1.2084709405899048,1322465200.0
2005-03-10,1.2139990749464942,1.2364176693564364,1.200793528507233,1.2232121229171753,777109200.0
2005-03-11,1.2348821615066234,1.2465527492472126,1.222291457863008,1.236724853515625,632830800.0
2005-03-14,1.2444028304309105,1.2526949437286177,1.2136923247831315,1.2382606267929075,605385200.0
2005-03-15,1.248088642005479,1.2634438975713391,1.2361110403726276,1.2579156160354614,508608800.0
2005-03-16,1.2655931839327883,1.299374424741106,1.252387638831678,1.2646713256835938,697813200.0
2005-03-17,1.2754206275877829,1.3168808922787922,1.268971307751472,1.2975330352783203,801920000.0
2005-03-18,1.3307002415612992,1.3340788176193763,1.30521007993911,1.3193374872207642,940150400.0
2005-03-21,1.329471073140635,1.3503546011767835,1.3162655283340143,1.3420625925064087,541128000.0
2005-03-22,1.3423697058479542,1.3500477921614356,1.3107381675154328,1.3153446912765503,551415200.0
2005-03-23,1.3036740856398057,1.3328497288647174,1.2904685390181838,1.3067456483840942,609823200.0
2005-03-24,1.3178014987897209,1.3205652287210508,1.3052098751068115,1.3052098751068115,352704800.0
2005-03-28,1.3128880687817794,1.319337387530299,1.3042890454560496,1.3061318397521973,275410800.0
2005-03-29,1.3070531119539943,1.3153452271324573,1.2744998045703362,1.2821769714355469,461356000.0
2005-03-30,1.29200458916297,1.3144230842590332,1.284326501381657,1.3144230842590332,394959600.0
2005-03-31,1.3036742249108817,1.3058240320379293,1.277263231354596,1.2797199487686155,636134800.0
2005-04-01,1.2926182253848555,1.2953827751087428,1.2459383486721516,1.2557653188705444,641284000.0
2005-04-04,1.2588374134218825,1.2686643869737828,1.2333472496362488,1.2619080543518066,580014400.0
2005-04-05,1.2659004356620085,1.297224965515697,1.261907834335772,1.2864761352539062,556239600.0
2005-04-06,1.3021391494591383,1.314730669807222,1.2944610631221942,1.2999893426895142,414825600.0
2005-04-07,1.2999896941982845,1.343598841786859,1.2975329765284338,1.3377635478973389,506987600.0
2005-04-08,1.3420628715855178,1.36509621101331,1.3371493344275125,1.3432916402816772,649950000.0
2005-04-11,1.355883506472436,1.3589541474046762,1.2870912062695876,1.2873982191085815,821662800.0
2005-04-12,1.3049029963792456,1.326400553463657,1.2901616679378805,1.3101234436035156,981061200.0
2005-04-13,1.3190305952292818,1.320258544084128,1.240410500930039,1.260372281074524,1371946800.0
2005-04-14,1.1918864726424667,1.214919908760294,1.131386312888338,1.1442848443984983,2753192400.0
2005-04-15,1.1246301658651898,1.1439779132556878,1.0834777491879883,1.085627555847168,1728087200.0
2005-04-18,1.074878679294559,1.1148031457727396,1.044168079547041,1.0939195156097412,1327177600.0
2005-04-19,1.1240163280084865,1.1498133971736804,1.10159691196377,1.1390646696090698,1081642800.0
2005-04-20,1.1565696783612307,1.1590263955441198,1.0883914199275169,1.090541124343872,945131600.0
2005-04-21,1.1178741566712127,1.1427502929967632,1.1025189029527025,1.141828536987305,759592400.0
2005-04-22,1.1313863366106582,1.1363006926978418,1.0718079312863718,1.0902339220046997,839129200.0
2005-04-25,1.1206378166691169,1.1369149278829354,1.108968152603241,1.1356861591339111,746460400.0
2005-04-26,1.129544027940139,1.1519634487443196,1.1092752346780317,1.1114250421524048,810507600.0
2005-04-27,1.1022118949395714,1.116645392711527,1.0905413075136134,1.1040546894073486,613888800.0
2005-04-28,1.1144956092619542,1.1160313908032204,1.082249219809231,1.0914630889892578,575106000.0
2005-04-29,1.1101959761245666,1.1126535133455595,1.081635075961346,1.107432246208191,671630400.0
2005-05-02,1.1120385875956222,1.1255519660839766,1.1062042179289897,1.1187949180603027,465920000.0
2005-05-03,1.1178741444078346,1.1283159628421595,1.1065113900417782,1.1120388507843018,496739600.0
2005-05-04,1.108968149344962,1.1424423849822054,1.1086611365483894,1.1409075260162354,448176400.0
2005-05-05,1.143978370575777,1.1445923962784457,1.1200240900707088,1.126473307609558,387366000.0
2005-05-06,1.1329225614466183,1.146435123945749,1.1298518180619477,1.1436713933944702,326247600.0
2005-05-09,1.1448999574231398,1.1501204047581788,1.1286228472176263,1.1353790760040283,355695200.0
2005-05-10,1.1286232389622388,1.1439784960946644,1.1157246999608303,1.1184884309768677,440263600.0
2005-05-11,1.0810210319916358,1.0954553456191851,1.016835280081603,1.093612551689148,2041981200.0
2005-05-12,1.087777450511641,1.0929978979132702,1.0441683093173617,1.0481609106063845,970242000.0
2005-05-13,1.0503106026049822,1.0819421445717592,1.0463181038720255,1.0678156614303589,702713200.0
2005-05-16,1.061366340411711,1.0963764579801012,1.060444584518667,1.0917699337005615,474294800.0
2005-05-17,1.0791791210177026,1.0890069191489122,1.0607522942336434,1.085935354232788,588344400.0
2005-05-18,1.0886983421497105,1.1534989483214866,1.0745718594133302,1.1006759405136108,636722800.0
2005-05-19,1.0988328945195844,1.1571833489150891,1.0988328945195844,1.153190851211548,793161600.0
2005-05-20,1.1439778050062617,1.1562624133248507,1.142135113758473,1.153190851211548,452650800.0
2005-05-23,1.1624050408922189,1.2253619333980224,1.1624050408922189,1.221062421798706,1042574400.0
2005-05-24,1.211542180685026,1.228125377583951,1.198643648890085,1.219219446182251,593460000.0
2005-05-25,1.2130774454993545,1.2268977364543068,1.207549985171416,1.221676468849182,396006800.0
2005-05-26,1.2265906548163248,1.257301155322722,1.2265906548163248,1.2511589527130127,525520800.0
2005-05-27,1.2480887393955935,1.252695265170573,1.2287408801033988,1.2456310987472534,316008000.0
2005-05-31,1.2487022856635146,1.2511591055023628,1.2155341415004173,1.221062421798706,404205200.0
2005-06-01,1.2250550573773584,1.251773063566829,1.2241331989291349,1.2376465797424316,453812800.0
2005-06-02,1.2299687159591537,1.238260830621818,1.2161492424139608,1.2296617031097412,373973600.0
2005-06-03,1.171925134537394,1.1848236708167892,1.159948456786324,1.1743818521499634,956869200.0
2005-06-06,1.1771464598487935,1.1863594068124446,1.1534990929925633,1.1645548343658447,811966400.0
2005-06-07,1.154727071308154,1.1587195705296878,1.1194099365567989,1.1221736669540403,745264800.0
2005-06-08,1.124937503413728,1.1439783478170653,1.1230948112915935,1.1338435411453247,404006400.0
2005-06-09,1.136300861378419,1.1651686714069909,1.1307725815526966,1.1562626361846924,390255600.0
2005-06-10,1.1485846373206556,1.1485846373206556,1.09084819278096,1.099755048751831,678932800.0
2005-06-13,1.102211664957446,1.124323246296463,1.1000619606285684,1.1025186777114868,435772400.0
2005-06-14,1.10313245133307,1.1101957938881823,1.097912005120107,1.1055892705917358,347846800.0
2005-06-15,1.132308348514263,1.1455137922920802,1.114803291050872,1.1402925252914429,563343200.0
2005-06-16,1.142135579451198,1.1694684340710626,1.1307728246655389,1.1663976907730105,547674400.0
2005-06-17,1.181445790918911,1.1835954952994248,1.1617901061232254,1.176531434059143,596125600.0
2005-06-20,1.162404660564881,1.1697749126530674,1.15012005284783,1.1550335884094238,323716400.0
2005-06-21,1.158412466639357,1.1728467819812514,1.1479706498518092,1.1627119779586792,370526800.0
2005-06-22,1.1749965851172652,1.1854375827146453,1.1713110990182165,1.183902621269226,424925200.0
2005-06-23,1.1925017261391444,1.221676553966004,1.1869734453584857,1.1943445205688477,674254000.0
2005-06-24,1.2004859677817024,1.2014078263332586,1.157183832938924,1.159640550613403,410709600.0
2005-06-27,1.1313867706159275,1.170082380801576,1.126473232711235,1.1393718719482422,600171600.0
2005-06-28,1.1513491188200946,1.154419758727822,1.141521225963695,1.1458207368850708,350299600.0
2005-06-29,1.1433642303995712,1.145207024717113,1.1092750469819492,1.1169531345367432,448358400.0
2005-06-30,1.1243235581818716,1.1412145947781236,1.1151105077857315,1.1304658651351929,418390000.0
2005-07-01,1.1310797832341837,1.1353792955737718,1.114495759551488,1.1209449768066406,250000800.0
2005-07-05,1.1224807106694763,1.1716181388949194,1.1209449289866276,1.1663976907730105,454269200.0
2005-07-06,1.158105053877137,1.1719245188484972,1.142441872817752,1.1482771635055542,394626400.0
2005-07-07,1.130465913901776,1.1596406430870794,1.1301589010493265,1.1556490659713743,383723200.0
2005-07-08,1.1630191671420718,1.175610793863348,1.1507346557678624,1.1746889352798462,290735200.0
2005-07-11,1.1783745645660384,1.1869735895596434,1.1602554760316628,1.170082449913025,388788400.0
2005-07-12,1.174074941838187,1.1792962099511894,1.1642479688794556,1.1743818521499634,387038400.0
2005-07-13,1.1759174492245366,1.1823667676061007,1.163939953285961,1.1777602434158323,684835200.0
2005-07-14,1.2526947877436656,1.2901616204702933,1.2354967427088863,1.251465916633606,2096060400.0
2005-07-15,1.2582226509221173,1.2766494704661515,1.2425603822282938,1.2760355472564695,687682800.0
2005-07-18,1.2717357350859593,1.29292546035389,1.2705068638713617,1.274192452430725,586297600.0
2005-07-19,1.2751131784335046,1.3276291677120018,1.2612937099826242,1.3264003992080688,671062000.0
2005-07-20,1.3162656319558457,1.3451342607230232,1.30981631415082,1.3399128913879397,453395600.0
2005-07-21,1.3420627513630985,1.3525045678713554,1.317494452723254,1.329471230506897,404264000.0
2005-07-22,1.3340789441691694,1.351276993751526,1.3325431624008,1.351276993751526,301106400.0
2005-07-25,1.3509689208820848,1.3598757770007408,1.3429847432604078,1.345441460609436,294627200.0
2005-07-26,1.351583578528049,1.354654218516121,1.331620882064784,1.3399128913879397,268592800.0
2005-07-27,1.3460551820582165,1.3534262555772216,1.3104311456981237,1.3509687185287476,283749200.0
2005-07-28,1.3466693388273214,1.351276683073133,1.3297791260377922,1.3451343774795532,251311200.0
2005-07-29,1.3377633561891922,1.3629465025942789,1.2978398033689198,1.3098164796829224,562080400.0
2005-08-01,1.3073596273293075,1.3230218905444664,1.29231128710908,1.3128879070281982,314249600.0
2005-08-02,1.3171873519018646,1.3359203567420843,1.3085883300681354,1.3264003992080688,296875600.0
2005-08-03,1.3264009509329409,1.330086437910332,1.3135024128171184,1.3273218870162964,258322400.0
2005-08-04,1.3171871377750295,1.3205648923750988,1.298760328599169,1.3116588592529297,269304000.0
2005-08-05,1.3049030081578408,1.33162101270769,1.2904685898496886,1.3202582597732544,241931200.0
2005-08-08,1.320565309880239,1.32824339719298,1.3085885310577945,1.3098164796829224,176383200.0
2005-08-09,1.3184154717270715,1.3478981290137015,1.317801548683215,1.3457484245300293,380839200.0
2005-08-10,1.3512768943513542,1.3632535720639405,1.3300862442655632,1.3322360515594482,360945200.0
2005-08-11,1.3325431624008,1.3549616603957682,1.3282436500052108,1.351276993751526,271983600.0
2005-08-12,1.334692882946873,1.4194544654314352,1.3316213193742277,1.4157696962356567,916036800.0
2005-08-15,1.427439137952636,1.4842538252824924,1.4265182021356106,1.464292049407959,1086727600.0
2005-08-16,1.4553860615808003,1.4587646373367822,1.419147174483788,1.420375943183899,537622400.0
2005-08-17,1.4249824695257098,1.4569218450632029,1.4240606111011462,1.448015809059143,499724400.0
2005-08-18,1.4406449511566548,1.44340868169406,1.4050209042907882,1.421911120414734,442559600.0
2005-08-19,1.4212970899720168,1.4341957292046998,1.405634822719679,1.407477617263794,376569200.0
2005-08-22,1.4173040171126154,1.4357309300135568,1.3899719930772143,1.4087049961090088,387732800.0
2005-08-23,1.4080913718181585,1.415769356330237,1.3918142619704406,1.404712796211243,295604400.0
2005-08-24,1.4004132552603858,1.447093956790436,1.4001062424951536,1.405634522438049,572070800.0
2005-08-25,1.4163833233642862,1.4277460757181006,1.406862442547756,1.4145405292510986,276253600.0
2005-08-26,1.4163833818736524,1.423139610511542,1.3930430306163368,1.404712796211243,261058000.0
2005-08-29,1.3902790490881691,1.4136193961227008,1.3899720363720072,1.407784104347229,256295200.0
2005-08-30,1.4123907554712734,1.4369590530846097,1.410240948704719,1.4302027225494385,518761600.0
2005-08-31,1.439108835658468,1.4443302052665317,1.420989854850339,1.4400306940078735,402956400.0
2005-09-01,1.443408170739545,1.4486295397103055,1.4154612997151526,1.420682668685913,356367200.0
2005-09-02,1.4219110537567674,1.4372672300861555,1.4163835929410795,1.4194543361663818,222378800.0
2005-09-06,1.434195659691792,1.5011450577652938,1.4295891348428351,1.4986883401870728,818619200.0
2005-09-07,1.5063662001795846,1.5171150298884832,1.471663096355167,1.4950026273727417,963074000.0
2005-09-08,1.515579543334957,1.539226809281559,1.5091302237532291,1.528784990310669,702640400.0
2005-09-09,1.537690841668986,1.577001292607329,1.5290918182719462,1.5757725238800049,615641600.0
2005-09-12,1.5693233254712542,1.5856004365831229,1.5533540472225047,1.5785362720489502,452796400.0
2005-09-13,1.5668662224660812,1.5751583341759,1.5453686676123917,1.5607240200042725,492884000.0
2005-09-14,1.5680947846395277,1.5720873869412344,1.5189581707982247,1.523564696311951,474426400.0
2005-09-15,1.5355409818630896,1.5410692617301411,1.5149651813855416,1.5315483808517456,415156000.0
2005-09-16,1.5426047615978589,1.572701334953308,1.534005740639159,1.572701334953308,591004400.0
2005-09-19,1.5677871615372312,1.6242956461307343,1.5677871615372312,1.6166175603866575,783731200.0
2005-09-20,1.6273667173545632,1.652549761196877,1.6252169103163612,1.6335089206695557,819828800.0
2005-09-21,1.6264459888503815,1.629209719472103,1.592663915436533,1.6003410816192627,434747600.0
2005-09-22,1.593277833374149,1.6113977414540797,1.5760797838825296,1.5938918590545654,463727600.0
2005-09-23,1.6000337161137843,1.643028933016001,1.592049538849634,1.633815884590149,558457200.0
2005-09-26,1.6593061671355769,1.675582355722964,1.637501595533393,1.6534708738327026,546562800.0
2005-09-27,1.6559278072986958,1.6657556008483765,1.6408794629172057,1.6411864757537842,341703600.0
2005-09-28,1.6298237030466185,1.6310524719389687,1.5536611484633436,1.5687094926834106,1125544000.0
2005-09-29,1.5733157485313425,1.6150820952505291,1.5604172139109698,1.6074048280715942,636846000.0
2005-09-30,1.6070980897971472,1.6476356721727667,1.5932776952879075,1.6464077234268188,531633200.0
2005-10-03,1.6632989822362398,1.67496875099244,1.6485576498127568,1.6718980073928833,507553200.0
2005-10-04,1.687559936774948,1.6998445488401617,1.6473285498204882,1.650707125663757,539459200.0
2005-10-05,1.6685190806866732,1.6694409391255507,1.619996503597875,1.6209174394607544,610769600.0
2005-10-06,1.6338159358734583,1.6427219718053108,1.562260020584802,1.5877500772476196,757537200.0
2005-10-07,1.588364197963536,1.5948134144571504,1.5524322192329332,1.5754655599594116,677882800.0
2005-10-10,1.589592211474739,1.594199659169223,1.54414037090822,1.5469049215316772,507505600.0
2005-10-11,1.5733159442297393,1.5929707101315966,1.5478257820906771,1.5843716859817505,1225884800.0
2005-10-12,1.4940814770428237,1.544754776534509,1.4701272047233214,1.5125083923339844,2697486400.0
2005-10-13,1.5183431408426948,1.656849378251489,1.5131225905941654,1.650400161743164,1865575600.0
2005-10-14,1.6593064201363965,1.669133393834665,1.621224731564348,1.6583845615386963,1035552000.0
2005-10-17,1.6577706018773843,1.6654486905202572,1.617846939632401,1.6411864757537842,616834400.0
2005-10-18,1.635352130735344,1.6568496940412003,1.6031057345223254,1.6034127473831177,609588000.0
2005-10-19,1.5991127271041476,1.6878667854601417,1.572701633799398,1.6872527599334717,1008683200.0
2005-10-20,1.6728185052925617,1.7351615751115874,1.6691330193893208,1.7241058349609375,1357762000.0
2005-10-21,1.7456035437302275,1.7499031583165017,1.7001517053482065,1.709364652633667,796726000.0
2005-10-24,1.696772574678488,1.7440671920776367,1.6918590385682402,1.7440671920776367,609753200.0
2005-10-25,1.7320910143023738,1.7459103834173326,1.7102864419761497,1.7228771448135376,465127600.0
2005-10-26,1.7284052950335895,1.76771482230638,1.7173495545558932,1.7514387369155884,631593200.0
2005-10-27,1.7502097906769918,1.750823816217753,1.701687216758728,1.701687216758728,411541200.0
2005-10-28,1.72103525208965,1.733011929168155,1.663605713935178,1.672818660736084,769787200.0
2005-10-31,1.6952382374458186,1.7806137393207244,1.6814178421181616,1.7686370611190796,940844800.0
2005-11-01,1.7578878247067071,1.785527583917046,1.7465241496990251,1.7658720016479492,749686000.0
2005-11-02,1.7726291187341288,1.842649348687628,1.7689435305529402,1.841113567352295,857060400.0
2005-11-03,1.8506348035498104,1.913898718375846,1.844799407078588,1.8994653224945068,884382800.0
2005-11-04,1.8533983696982816,1.8807314290021957,1.8309799757331624,1.8779675960540767,878035200.0
2005-11-07,1.8687535876441517,1.893936837775611,1.8469490159200388,1.84971284866333,638831200.0
2005-11-08,1.8411135898266493,1.854319956360415,1.8150094071446332,1.839578628540039,473765600.0
2005-11-09,1.8426491401510117,1.879808852751306,1.8426491401510117,1.8460276126861568,552930000.0
2005-11-10,1.8623043472755836,1.8795023941951527,1.8122459880474573,1.8788883686065676,665344400.0
2005-11-11,1.8899441957473757,1.9074493587687948,1.8838018894122104,1.8899441957473757,425448800.0
2005-11-14,1.889944672138519,1.9034573394481675,1.8705970173565607,1.887181043624878,369933200.0
2005-11-15,1.8917874487191813,1.9372392940525165,1.8874878334753329,1.9126710891723635,536841200.0
2005-11-16,1.939388751382529,1.9980461371934093,1.93754585445109,1.9946684837341309,784515200.0
2005-11-17,2.0143232698716926,2.023229409200204,1.9731708417739495,1.9814629554748533,676205600.0
2005-11-18,2.0057238936366875,2.009409481873427,1.9768560834987,1.982690453529358,524960800.0
2005-11-21,1.9906758001840603,2.002038450887112,1.9568935282473647,1.994975209236145,511711200.0
2005-11-22,1.9912902287447485,2.0502555624844594,1.9814633565112816,2.042884588241577,540282400.0
2005-11-23,2.0539398611602318,2.0877219306500585,2.0481054902617357,2.0610039234161377,485853200.0
2005-11-25,2.07789504125652,2.1356306695810265,2.0729805812276623,2.1294891834259038,395012800.0
2005-11-28,2.1718692772134496,2.1826181072003346,2.121196895187883,2.1393160820007324,1018519600.0
2005-11-29,2.149450612135111,2.1589705697300787,2.0683736221427758,2.091407060623169,891433200.0
2005-11-30,2.101542564258477,2.11444120389952,2.073595682550319,2.08280873298645,595674800.0
2005-12-01,2.1175115104476494,2.2028877147013723,2.1132118964488043,2.198895215988159,812893200.0
2005-12-02,2.2194708742588203,2.2339052924182856,2.171255415435613,2.230527639389038,895762000.0
2005-12-05,2.2096440203496632,2.2274560916591546,2.195516717374393,2.2056515216827397,583671200.0
2005-12-06,2.270451669375847,2.298091435351817,2.252639594431602,2.274137258529663,857029600.0
2005-12-07,2.279664497353716,2.2867285596276643,2.245576132530413,2.2710654735565186,679464800.0
2005-12-08,2.248032907771081,2.2778226840369613,2.2296059884104484,2.2750580310821533,790479200.0
2005-12-09,2.2790504742051865,2.290721061196692,2.2526393771723594,2.28273606300354,555402400.0
2005-12-12,2.299319787143458,2.314060295275257,2.2897990085911477,2.30054783821106,524994400.0
2005-12-13,2.29870468357034,2.3174385082466062,2.2790499232051613,2.30269718170166,493816400.0
2005-12-14,2.2274569171976144,2.2511041876305904,2.158050682878156,2.2114875316619877,1450716400.0
2005-12-15,2.232062583461079,2.2375908634749586,2.19121707160626,2.216707229614258,561162000.0
2005-12-16,2.215479935132638,2.220393576235574,2.1823118838573365,2.183847665786743,671171200.0
2005-12-19,2.18384652746818,2.2296052604894534,2.181696720911308,2.192138433456421,529295200.0
2005-12-20,2.199816554730185,2.222850000354501,2.1841542873448976,2.214557886123657,479108000.0
2005-12-21,2.2296055767154552,2.2606240135614177,2.227762885119644,2.2572455406188965,475736800.0
2005-12-22,2.269837402083844,2.287649475132031,2.260316622393408,2.2732150554656982,370610800.0
2005-12-23,2.277821820308295,2.2805854471306395,2.2511027973669804,2.252638578414917,229857600.0
2005-12-27,2.272601274183458,2.3088400615645304,2.271065492579749,2.2796645164489746,590590000.0
2005-12-28,2.287035602668392,2.295941742297303,2.2517177494515384,2.259395837783813,398115200.0
2005-12-29,2.265844255903314,2.267073126834342,2.193366498077489,2.19428825378418,490025200.0
2005-12-30,2.177705364741524,2.224386082954183,2.1602001979202496,2.207802057266236,624262800.0
2006-01-03,2.222849125628157,2.2956337928771973,2.2188566277547874,2.2956337928771973,807234400.0
2006-01-04,2.307304487732531,2.33340867700824,2.287956631030283,2.3023910522460938,619603600.0
2006-01-05,2.298091085412894,2.3002408924987248,2.2649238633328324,2.284271717071533,449422400.0
2006-01-06,2.310989919005925,2.355520820923458,2.2894922563572475,2.343236207962036,704457600.0
2006-01-09,2.356441091909376,2.3708755080658706,2.326037503476915,2.335557460784912,675040800.0
2006-01-10,2.341700018003194,2.514909545269342,2.3288015866766085,2.4832770824432373,2279869200.0
2006-01-11,2.5747957685538307,2.604277399123292,2.536406975157124,2.5766384601593018,1493794400.0
2006-01-12,2.609499052933592,2.6534153108794865,2.568039717395935,2.5886154174804688,1280809600.0
2006-01-13,2.610112410461349,2.6414377531148774,2.5981357368541795,2.6285393238067627,776305600.0
2006-01-17,2.6319169726846456,2.652800602764694,2.5757163221741224,2.601513385772705,835623600.0
2006-01-18,2.5514552132408683,2.581244776751771,2.5136804483976727,2.5333352088928223,1200637200.0
2006-01-19,2.4952548750476318,2.507846396585047,2.4181705794478336,2.4273834228515625,1695848000.0
2006-01-20,2.4347549283703405,2.458094462837912,2.3288019869921546,2.336786985397339,1134758800.0
2006-01-23,2.337094186568978,2.443354256495138,2.3340236480047825,2.3853108882904053,1059730000.0
2006-01-24,2.418784611724484,2.439054427115426,2.3269589795759287,2.3352510929107666,1142254400.0
2006-01-25,2.3767114869892665,2.380089345688606,2.2495679916723845,2.2787437438964844,1275786400.0
2006-01-26,2.288878049791653,2.316517809243512,2.2090299241585747,2.221313714981079,1181387200.0
2006-01-27,2.240354288751756,2.2603161649443506,2.1835396076560643,2.2121005058288574,953864800.0
2006-01-30,2.185690162517821,2.3524494949346875,2.1764762918335654,2.303312063217163,1398401200.0
2006-01-31,2.318667823069893,2.344464893190414,2.2649238757312515,2.318974733352661,913542000.0
2006-02-01,2.301776671009453,2.348149645825228,2.292255891767708,2.3162102699279785,521186400.0
2006-02-02,2.306383099860399,2.314368097266412,2.212714783134083,2.2142505645751958,707322000.0
2006-02-03,2.2185497893498103,2.235440923597101,2.1816969833123334,2.206572294235229,692123600.0
2006-02-06,2.2117932599429158,2.226841494870389,2.049639507859104,2.0668375492095947,1651767600.0
2006-02-07,2.096627613529704,2.1337883534214974,2.0477979293630897,2.076051712036133,1388830800.0
2006-02-08,2.103384688087794,2.121504700864872,2.026915212218734,2.1132125854492188,953114400.0
2006-02-09,2.122118060885846,2.126110765050912,1.9817698453492731,1.9946684837341309,1149764000.0
2006-02-10,2.0017315313322266,2.078201803228986,1.9317112955596616,2.067146062850952,1760477600.0
2006-02-13,2.0462621264537653,2.04994771439776,1.9851472179962413,1.9872968196868896,883498000.0
2006-02-14,1.9992757292298573,2.091408308000904,1.996204984965782,2.0772809982299805,1160938800.0
2006-02-15,2.062538976617481,2.1380883221364053,2.049948273268109,2.125803709030152,1159771200.0
2006-02-16,2.146994680814379,2.1807759351870493,2.133789130410779,2.1672632694244385,948175200.0
2006-02-17,2.158970626530955,2.177090426558841,2.1377800839896874,2.158663511276245,575999200.0
2006-02-21,2.167876837664319,2.1743260538257125,2.1092194566064832,2.121504068374634,779606800.0
2006-02-22,2.119047272628756,2.2010450029782205,2.0883357443447697,2.190296173095703,978238800.0
2006-02-23,2.204730811061115,2.241890533885941,2.193674044726588,2.20350193977356,856917600.0
2006-02-24,2.215479965266607,2.238512594182103,2.1866113239365976,2.194596529006958,534744000.0
2006-02-27,2.210872222624373,2.2148649269514453,2.169719998298012,2.180161714553833,791240800.0
2006-02-28,2.198280459267068,2.2234628792285918,2.0914066306000194,2.103383302688598,1266980400.0
2006-03-01,2.1141329981628303,2.1340956983122013,2.0889507728663124,2.1221179962158203,763817600.0
2006-03-02,2.1187405404567983,2.1494512542263875,2.108912849628879,2.1377806663513184,625273600.0
2006-03-03,2.131330358050105,2.1469936438282238,2.0739018638220488,2.0797362327575684,737668400.0
2006-03-06,2.078815854529588,2.079736790374876,1.9943614041350444,2.010944604873657,912665600.0
2006-03-07,2.019543245699671,2.0545541774583262,1.998660434812548,2.0364341735839844,872877600.0
2006-03-08,2.035820909940759,2.0637677889070623,2.0069530950516548,2.0164730548858643,653251200.0
2006-03-09,2.0263007181375845,2.041348957005616,1.9596581366906711,1.963342905044556,799304800.0
2006-03-10,1.9670282111992,1.9805408731180072,1.9178907928197408,1.940617322921753,1043142800.0
2006-03-13,1.997738892478383,2.0355134553523886,1.98975471558618,2.017086744308472,861187600.0
2006-03-14,2.019851502273631,2.067453145980835,2.0115595937883874,2.067453145980835,642020400.0
2006-03-15,2.079430270619041,2.0895650771920065,2.0121736489520177,2.033978223800659,891996000.0
2006-03-16,2.0530190982820087,2.054554879998368,1.974706736779557,1.9750138521194456,749638400.0
2006-03-17,1.9885258659076623,2.012787152248302,1.9688711036149855,1.9857622385025024,812042000.0
2006-03-20,2.002960291478788,2.010330442960739,1.96149993474999,1.965185523033142,605441200.0
2006-03-21,1.898236393928528,1.9759347273802697,1.885337960083434,1.898236393928528,1345366400.0
2006-03-22,1.908984752282554,1.9424599049700733,1.8816519046815003,1.8939365148544312,1345895600.0
2006-03-23,1.89854314379748,1.9010000662334492,1.830672711672741,1.8475630283355715,1427826400.0
2006-03-24,1.8503277432691003,1.8715182899572285,1.8128598798791156,1.841421604156494,1071980000.0
2006-03-27,1.853398386446984,1.885030855632108,1.824223659987285,1.8276013135910036,1108072000.0
2006-03-28,1.8312869039981208,1.8469491709027532,1.7889058081865394,1.8030331134796145,1370322800.0
2006-03-29,1.815931177394094,1.9200405886641851,1.7710933730759295,1.9142051935195925,2346834000.0
2006-03-30,1.9292535646671405,1.9439948920539163,1.8896369264335329,1.9271037578582764,1390650800.0
2006-03-31,1.942460456030474,1.95351619828882,1.9114420115609996,1.9261833429336548,815357200.0
2006-04-03,1.955358718755704,1.969178086391674,1.922804498831952,1.9240331649780276,815791200.0
2006-04-04,1.9071422229624335,1.9108278117408368,1.874895935116861,1.878581523895264,931924000.0
2006-04-05,1.987297817151812,2.064075231552124,1.9700997648934664,2.064075231552124,2233408800.0
2006-04-06,2.0975492057573923,2.2127143392171567,2.094477643491388,2.1878390312194824,2663768800.0
2006-04-07,2.178318273360188,2.1869172946691813,2.102769772934783,2.143308162689209,1545238800.0
2006-04-10,2.1586644407797677,2.178319415510759,2.1021568497162977,2.1089131832122803,903515200.0
2006-04-11,2.118740474052252,2.1282604341926845,2.059775151000457,2.088029146194458,939316000.0
2006-04-12,2.0886432595770303,2.093556693080405,2.0361271718253446,2.0487186908721924,739894400.0
2006-04-13,2.037356911434563,2.0711381650376106,2.021079797777833,2.041349411010742,734678000.0
2006-04-17,2.042577623199571,2.0527124316311998,1.9762421304021855,1.990369439125061,721938000.0
2006-04-18,1.9974321474185657,2.041349228802709,1.989755084371161,2.0336711406707764,794844400.0
2006-04-19,2.0520980886003866,2.0576255494691305,2.010637724221274,2.0161662101745605,1086033200.0
2006-04-20,2.134709645861224,2.1497578854539974,2.033056942260043,2.0769731998443604,1666982800.0
2006-04-21,2.094171581397579,2.1079917720400587,2.041349381743913,2.058854341506958,788986800.0
2006-04-24,2.053018595294958,2.055168402147479,2.0115592646689686,2.019236326217652,707028000.0
2006-04-25,2.025686507060132,2.045034160943823,2.0134027119313824,2.0321357250213623,529062800.0
2006-04-26,2.0468762787174373,2.096934631460668,2.0391990121942145,2.092942953109741,710886400.0
2006-04-27,2.08004498578342,2.145458501205681,2.068374193155836,2.130103349685669,845947200.0
2006-04-28,2.130716592371216,2.1896816892508,2.1251891334876176,2.1617348194122314,760037600.0
2006-05-01,2.1734044935957058,2.197051954422122,2.1239601755347017,2.137472629547119,750380400.0
2006-05-02,2.154364457456471,2.21056512320416,2.153136406269143,2.199509382247925,771663200.0
2006-05-03,2.205958506648806,2.209644095175342,2.155286123526164,2.184767961502075,686991200.0
2006-05-04,2.18722426703177,2.2385114861340565,2.16388473929946,2.1844606399536133,860420400.0
2006-05-05,2.2068809161329086,2.2188578010356075,2.185075518892864,2.207802057266236,563911600.0
2006-05-08,2.241584134392033,2.266459455364648,2.202581505781918,2.207802057266236,594851600.0
2006-05-09,2.2056515732755506,2.228377899663529,2.1687985586324934,2.181390285491944,531666800.0
2006-05-10,2.189374241528414,2.1906029075780578,2.1377801082527244,2.168184518814087,459888800.0
2006-05-11,2.1740189223268667,2.1755547036584946,2.0745160373325824,2.092942953109741,812688800.0
2006-05-12,2.0837300230099576,2.109527101657855,2.05332641836138,2.0791234970092773,641774000.0
2006-05-15,2.0689878930507923,2.1000063316230966,2.061310626024896,2.0818865299224854,529177600.0
2006-05-16,2.0914073828461803,2.096013907238503,1.9885260145596055,1.995589256286621,936740000.0
2006-05-17,1.987296926453808,2.0177015422530657,1.9676421648369895,2.004188060760498,754194000.0
2006-05-18,2.017087051642942,2.0348999448993053,1.938467786323608,1.9403104782104488,658442400.0
2006-05-19,1.9427670754625368,1.992518523226508,1.929253797445202,1.9811558723449707,985866000.0
2006-05-22,1.9614993013689008,1.9651848884619527,1.927718067454264,1.9464510679244995,718975600.0
2006-05-23,1.9919039168727688,2.0020378986007943,1.934781513655945,1.9393880367279053,694414000.0
2006-05-24,1.9344749457943864,1.9547437329045367,1.8905578736099755,1.9452235698699951,916031200.0
2006-05-25,1.9734782965612752,1.9793134886878656,1.9436885152120336,1.9756278991699217,463372000.0
2006-05-26,1.9750127779097144,1.9826898371637145,1.939080917736832,1.951672434806824,432950000.0
2006-05-30,1.9436881166086448,1.9439952319207463,1.8801172971725464,1.8801172971725464,563402000.0
2006-05-31,1.896700285295942,1.897622041162215,1.8024179452696916,1.8355861902236936,1280977600.0
2006-06-01,1.838043421135488,1.9126710193092589,1.8279086141451768,1.9092923402786253,942508000.0
2006-06-02,1.934475184736289,1.937852837965835,1.8696752919341244,1.8936296701431277,685787200.0
2006-06-05,1.8779675502486484,1.8779675502486484,1.841728762325384,1.8426496982574463,605785600.0
2006-06-06,1.8494050850098736,1.861996808169764,1.8091746340726025,1.834049940109253,726037200.0
2006-06-07,1.845720998235561,1.8549340465462945,1.791977054660661,1.7984262704849243,750506400.0
2006-06-08,1.794740813852295,1.871210268538228,1.7551233500971113,1.8659899234771729,1397482800.0
2006-06-09,1.8788884965142636,1.8905582637620848,1.8150097392973903,1.8193093538284304,775838000.0
2006-06-12,1.824223417105627,1.834357401652072,1.7492889261555222,1.7505167722702026,717785600.0
2006-06-13,1.769250717430687,1.8150096687744823,1.761572834637872,1.7913624048233032,1080643200.0
2006-06-14,1.7898272356200855,1.8051825893900535,1.740996726791766,1.769250512123108,878136000.0
2006-06-15,1.7597308191710237,1.834664497638685,1.7428398864717247,1.8236087560653689,1190383600.0
2006-06-16,1.8107101797349945,1.8177742416272769,1.766487011912995,1.7677148580551147,838101600.0
2006-06-19,1.7760070042370906,1.7867558348575756,1.750516844045095,1.7566591501235962,704575200.0
2006-06-20,1.7692502797510763,1.7919768071956883,1.75942259220746,1.7649508714675903,672974400.0
2006-06-21,1.7732438746179522,1.8030334524155327,1.7597312074834914,1.776929259300232,863296000.0
2006-06-22,1.7873698049422275,1.8349722655385443,1.7833781261827295,1.829750895500183,965633200.0
2006-06-23,1.8340506931193532,1.8478710877664213,1.8036470960006208,1.8067176342010496,660203600.0
2006-06-26,1.817159497789328,1.8180812537693347,1.7925910926247228,1.8116320371627808,466536000.0
2006-06-27,1.8147023729571463,1.8186948711612283,1.762801126405204,1.7637220621109009,550611600.0
2006-06-28,1.7594227351702794,1.759730465481561,1.7016871163286595,1.7204201221466064,850704400.0
2006-06-29,1.7431466077134887,1.8147026249241909,1.731783752050181,1.8110170364379885,873398400.0
2006-06-30,1.7686369851430177,1.7735504203419363,1.7351618245288385,1.7588090896606443,739695600.0
2006-07-03,1.7664868647343288,1.786755652658971,1.7609585848105145,1.7796924114227295,194770800.0
2006-07-05,1.7551232966233092,1.768943689750163,1.7370043145022152,1.7505167722702026,518240800.0
2006-07-06,1.753281198636814,1.7628011563886812,1.70782844891175,1.712742805480957,633208800.0
2006-07-07,1.7038370750855223,1.7366974903109405,1.6789609402714196,1.7013795375823977,799360800.0
2006-07-10,1.710593173614873,1.7348544609116183,1.673740364728239,1.6890956163406372,529345600.0
2006-07-11,1.6924730753029278,1.71949890795336,1.6746610070558363,1.709057092666626,825022800.0
2006-07-12,1.694316203251889,1.6964660104107132,1.6252170015047158,1.626445770263672,927329200.0
2006-07-13,1.5978840167377073,1.6620697782677016,1.5788431767191895,1.604640245437622,1249906000.0
2006-07-14,1.61231843841125,1.624296037741908,1.5404555076468878,1.5561177730560305,993036800.0
2006-07-17,1.588671208916574,1.6310524068261092,1.5862144912976153,1.608326077461243,1024542400.0
2006-07-18,1.6325873305889933,1.6537778777984609,1.5923567609857865,1.6246031522750854,1000448400.0
2006-07-19,1.6264457500365614,1.6915525544732437,1.608018934269964,1.6614558696746826,1390743200.0
2006-07-20,1.8721317173634449,1.891479360963614,1.8340500455459603,1.858004212379456,1972146400.0
2006-07-21,1.8371220538170745,1.877967362468616,1.8315937735577303,1.8647609949111936,891892400.0
2006-07-24,1.8813449626376344,1.9071420313252807,1.8558550092325865,1.886258602142334,722856400.0
2006-07-25,1.8973153436619676,1.906835303281642,1.8666038124672384,1.90192186832428,589069600.0
2006-07-26,1.9040715395721624,1.9851475159352936,1.8942436452745863,1.96150004863739,898427600.0
2006-07-27,1.9808475478139445,1.9968177450574056,1.930482084371001,1.947066307067871,735044800.0
2006-07-28,1.9636497949210805,2.0170868286473382,1.950137337628789,2.0143229961395264,691507600.0
2006-07-31,2.0524042210270905,2.107683114118261,2.035513089358668,2.087107419967652,892841600.0
2006-08-01,2.0643813513965643,2.086185921259226,2.0250718255978044,2.0631535053253174,711765600.0
2006-08-02,2.0775872213048543,2.1092196900754603,2.073287811726986,2.0932505130767822,550768400.0
2006-08-03,2.085572124077914,2.149757783296271,2.0825013812726034,2.1371662616729736,841044400.0
2006-08-04,2.0591608513806614,2.1070693964024896,1.994974992704715,2.0975494384765625,1852866400.0
2006-08-07,2.0797375018031348,2.137473966539691,2.036435255759195,2.064075231552124,1245512800.0
2006-08-08,2.060388992093593,2.061003837746741,1.981155909593516,1.989446997642517,997864000.0
2006-08-09,2.0094093581682806,2.014629702357781,1.9470663976548777,1.952900767326355,955838800.0
2006-08-10,1.9424600842045268,1.9903686331815584,1.9255689486750287,1.967642307281494,697760000.0
2006-08-11,1.9418452253849043,1.9694851906027335,1.9218833471982792,1.9547438621521,777529200.0
2006-08-14,1.9670281033663688,2.0029601781457367,1.9532087369672333,1.9636496305465696,717620400.0
2006-08-15,2.006645106633896,2.042270072647316,1.9900619049377788,2.04073429107666,861352800.0
2006-08-16,2.060697143819483,2.0904858960490165,2.0370496731750647,2.087722063064575,781284000.0
2006-08-17,2.0883350880428324,2.108604690340127,2.063152872865256,2.075744390487671,581148400.0
2006-08-18,2.0794294612764093,2.1006200021929318,2.065609890924629,2.085571765899658,536354000.0
2006-08-21,2.066837707201748,2.0671456424958734,2.031520686224864,2.044112205505371,526226400.0
2006-08-22,2.047798068188332,2.098163537022093,2.0422697883474816,2.0766658782958984,576968000.0
2006-08-23,2.088335787705605,2.1082984865215666,2.055782387116174,2.067146062850952,536258800.0
2006-08-24,2.08495860612763,2.0941716568540696,2.0352071481236016,2.0825018882751465,655191600.0
2006-08-25,2.0680666707483946,2.1205817367419844,2.067145735060543,2.1113688945770264,543958800.0
2006-08-28,2.1036923160544663,2.1070699697533453,2.047798554116655,2.057011604309082,738161200.0
2006-08-29,2.0573173218826915,2.065609431278892,1.99988801653572,2.0416550636291504,947332400.0
2006-08-30,2.068066725610831,2.0828080525298547,2.047797939266417,2.056396961212158,680142400.0
2006-08-31,2.066224783485628,2.0975501401765646,2.0471838361796424,2.0837297439575195,574697200.0
2006-09-01,2.103077562280553,2.108298933337575,2.08280876896418,2.1000068187713623,408494800.0
2006-09-05,2.1181252109825044,2.1958235286934245,2.1052267797504904,2.195209503173828,1012457600.0
2006-09-06,2.182924676126416,2.2016587056321173,2.1405444134450198,2.150678396224976,974103200.0
2006-09-07,2.168184507884628,2.256631446613634,2.1574356789188265,2.235747814178467,1267957600.0
2006-09-08,2.253253194020629,2.2593954997539654,2.208415182234794,2.22714900970459,895921600.0
2006-09-11,2.224384560395209,2.264308097794625,2.1933661329180008,2.226534366607666,949124400.0
2006-09-12,2.236055099378206,2.2557098622468503,2.194288651401008,2.230527639389038,1684687200.0
2006-09-13,2.2372841981648817,2.282429127969034,2.220393264532861,2.2787437438964844,1146138000.0
2006-09-14,2.2640016271753964,2.293177164260741,2.256016426104922,2.2778220176696777,801729600.0
2006-09-15,2.291027343840556,2.302697107567392,2.2507960686491133,2.275672197341919,981853600.0
2006-09-18,2.2664585274243447,2.299011924671392,2.2511031745738728,2.2692229747772217,705278000.0
2006-09-19,2.275672782446867,2.2836569604378965,2.235748202187595,2.265537977218628,710049200.0
2006-09-20,2.284272020143701,2.324195579059313,2.279357559673385,2.311296939849853,822791200.0
2006-09-21,2.310989640380272,2.335865773611042,2.273214870112045,2.29256272315979,794124800.0
2006-09-22,2.281814226901681,2.2830430982632266,2.228992234961736,2.2418906688690186,665112000.0
2006-09-25,2.266765627005467,2.3297234400220117,2.264001999489192,2.326344966888428,858992400.0
2006-09-26,2.339550798449997,2.3886882246729875,2.337093875884622,2.383467674255371,1102948000.0
2006-09-27,2.3699538901054544,2.379167757795996,2.328494355734049,2.346614360809326,810373200.0
2006-09-28,2.3653478944375705,2.379475199332429,2.33248757987536,2.365040779113769,723609600.0
2006-09-29,2.368112983689054,2.380703690290043,2.3549066111554007,2.364120483398437,405812400.0
2006-10-02,2.306383395359229,2.3300306602715226,2.281814169423635,2.299012422561645,712639200.0
2006-10-03,2.286421708055019,2.301776859138166,2.247725997465308,2.2750580310821533,790708800.0
2006-10-04,2.275672179827601,2.317438415801984,2.246803553354195,2.314981698989868,829082800.0
2006-10-05,2.288877854006007,2.338936203982726,2.2765932441668197,2.298090696334839,683883200.0
2006-10-06,2.285499500692004,2.304540443628744,2.266765673044838,2.2793571949005127,466958800.0
2006-10-09,2.266458873491038,2.3057692224431685,2.2581667602674464,2.2919490337371826,438222400.0
2006-10-10,2.289184769067689,2.290412615003641,2.2443467631274108,2.2667653560638428,531588400.0
2006-10-11,2.254788498247661,2.271986540627298,2.229605255087864,2.248953104019165,571855200.0
2006-10-12,2.2606245490958448,2.31528964427017,2.2603168187063765,2.311296939849853,592855200.0
2006-10-13,2.322659716237438,2.3610483121695816,2.2953276821470454,2.303926706314087,684196800.0
2006-10-16,2.3091471255823723,2.3303376719757605,2.2968625131608187,2.315596342086792,508692800.0
2006-10-17,2.304541179540516,2.31160442342248,2.2738304608437003,2.281507730484009,480925200.0
2006-10-18,2.2956340897223524,2.3146750308714337,2.2698370228706937,2.2888779640197754,1133907600.0
2006-10-19,2.434139881827833,2.455330427351619,2.4003586341731227,2.4258477687835693,1512977200.0
2006-10-20,2.425233657910641,2.4565590045165275,2.416020610109188,2.4553301334381104,639413600.0
2006-10-23,2.456559994753214,2.515217393147022,2.4491888154800288,2.5017049312591557,832507200.0
2006-10-24,2.494025811262501,2.5084602283928343,2.4630081952794947,2.489112377166748,463212400.0
2006-10-25,2.498325037068466,2.5182869123333607,2.4878833240741622,2.50846004486084,485214800.0
2006-10-26,2.5152163391626154,2.536713997068214,2.491569079479945,2.524122476577759,432756800.0
2006-10-27,2.510610568178425,2.5321082325304114,2.4571737276637515,2.4694583415985107,594966400.0
2006-10-30,2.4565584509957423,2.4845053184147745,2.441510216622732,2.469763994216919,499917600.0
2006-10-31,2.5013973025709197,2.508460544363016,2.463929441381013,2.4900336265563965,501474400.0
2006-11-01,2.490648478302152,2.4992475016160864,2.4065001168804323,2.4310691356658936,611192400.0
2006-11-02,2.4236979939973864,2.4359824000225148,2.410799357420158,2.4255406856536865,465483200.0
2006-11-03,2.43721165386076,2.4424322043396147,2.3889951630003856,2.404350519180298,431888800.0
2006-11-06,2.42461978701717,2.458708968130529,2.4086495874009475,2.447960138320923,434576800.0
2006-11-07,2.4706855276252866,2.487576662254331,2.460858454154629,2.4725282192230225,525932400.0
2006-11-08,2.457480941549928,2.539478699523817,2.4534884415279663,2.5321085453033447,690916800.0
2006-11-09,2.5459275721192287,2.60090018929607,2.521973192218061,2.559440851211548,923053600.0
2006-11-10,2.5658904393810453,2.567425401152036,2.533644146191239,2.5526840686798096,373864400.0
2006-11-13,2.5557544774188017,2.5935284200632367,2.537942409386089,2.5904576778411865,450674000.0
2006-11-14,2.6042774447544303,2.610419750213623,2.5766385053061613,2.610419750213623,588954800.0
2006-11-15,2.611956170505562,2.63806036004186,2.579709879024524,2.5812456607818604,655323200.0
2006-11-16,2.606427638349909,2.6503447188648503,2.5987503704375463,2.6291539669036865,693940800.0
2006-11-17,2.614719628901171,2.6392888532267573,2.6104200146441934,2.636524200439453,466424000.0
2006-11-20,2.622704003524702,2.671841415413971,2.6165616989030163,2.655564308166504,570794000.0
2006-11-21,2.684740901854194,2.720979690551758,2.6752201216532088,2.720979690551758,622666800.0
2006-11-22,2.7329567907736907,2.7870076577754186,2.697946665621366,2.7734951972961426,671941200.0
2006-11-24,2.7495404885332264,2.8585641707086737,2.748619552617494,2.814033269882202,518677600.0
2006-11-27,2.8410594727620437,2.8610211500947518,2.748619804200226,2.749847650527954,1074836000.0
2006-11-28,2.775030112434812,2.824474438717646,2.761209720850996,2.819561004638672,1036173600.0
2006-11-29,2.8561072804235925,2.8607138048757,2.7716518035933406,2.819253444671631,1157083200.0
2006-11-30,2.8318456585440472,2.8462798750105542,2.7965284182968664,2.8149545192718506,870486400.0
2006-12-01,2.819253041271824,2.835530149733223,2.76704488321176,2.8045127391815186,795079600.0
2006-12-04,2.82171095039772,2.8269312949739613,2.779329657889168,2.798370599746704,709536800.0
2006-12-05,2.8146470896553737,2.8355305196170475,2.7906927117700784,2.8029773235321045,662838400.0
2006-12-06,2.7836296737534267,2.806662912459083,2.753840103101097,2.758753538131714,638184400.0
2006-12-07,2.764895826220401,2.779330040984996,2.6687705779340383,2.673070192337036,1004827600.0
2006-12-08,2.678905442403988,2.7452411216977985,2.671842200048488,2.710537910461426,784277200.0
2006-12-11,2.730192939584148,2.742477553621249,2.7040889548230007,2.725586414337158,499780400.0
2006-12-12,2.721286433922585,2.728349675479261,2.626696975836847,2.64543080329895,1026620000.0
2006-12-13,2.7010175479782683,2.735413649209934,2.6764491385464333,2.73479962348938,857052000.0
2006-12-14,2.7347991538315144,2.7639749038348587,2.710537863934911,2.719443798065185,832330800.0
2006-12-15,2.733878127222872,2.740020433339157,2.681976870641624,2.6939537525177,739939200.0
2006-12-18,2.6911895496436213,2.702552404362147,2.5978281496519013,2.62485408782959,721576800.0
2006-12-19,2.602127355694139,2.662013592608228,2.568039001895689,2.6506507396698,911405600.0
2006-12-20,2.655564829792508,2.661707135620712,2.6024357295304985,2.6030497550964355,567691600.0
2006-12-21,2.601207499626241,2.625161676306329,2.524430099014665,2.545927762985229,903599200.0
2006-12-22,2.5631250225079487,2.580937911926436,2.506003226458241,2.5244293212890625,613303600.0
2006-12-26,2.522894738673422,2.5357933760208526,2.484199031648016,2.503239154815674,490688800.0
2006-12-27,2.4000511934394635,2.5182879422928304,2.357670913725197,2.503547430038452,1935754800.0
2006-12-28,2.4636229978074544,2.495255469334136,2.446118037625704,2.4835848808288574,1119876800.0
2006-12-29,2.578173805699618,2.622704706067948,2.5600548222794908,2.605506658554077,1076429200.0
2007-01-03,2.650037671599496,2.658943811048463,2.51521691354245,2.5735673904418945,1238319600.0
2007-01-04,2.581244852087125,2.6395953148234708,2.574180791260517,2.6306893825531006,847260400.0
2007-01-05,2.6340675686801687,2.6472731171508146,2.591994205772676,2.6119558811187744,834741600.0
2007-01-08,2.639902325711009,2.6574074857010244,2.61901869280481,2.62485408782959,797106800.0
2007-01-09,2.654950916623317,2.8554922745129083,2.6150263401665628,2.84290075302124,3349298400.0
2007-01-10,2.909851897922938,3.0035194201550097,2.869927515043285,2.9789512157440186,2952880000.0
2007-01-11,2.946397278269966,2.972194349562698,2.920600206977233,2.9420976638793945,1440252800.0
2007-01-12,2.904937032501751,2.9193714528206667,2.8631707832930213,2.905858993530273,1312690400.0
2007-01-16,2.9384116859349576,2.986627140287164,2.9313484451839424,2.982020616531372,1244076400.0
2007-01-17,2.9961483551482884,2.9973762011988456,2.9120008198864977,2.915992498397827,1646260000.0
2007-01-18,2.82846737153665,2.828774486840869,2.734799048901862,2.735413074493408,2364605600.0
2007-01-19,2.7219001320029967,2.7532254774275917,2.706237664307555,2.717907428741455,1364473600.0
2007-01-22,2.737562678212894,2.738177523826323,2.6303825202576623,2.665392637252808,1454026000.0
2007-01-23,2.6328397095344243,2.6875045992893805,2.626083582166084,2.631917953491211,1207424400.0
2007-01-24,2.662013805134774,2.6764480163970346,2.643587710803307,2.662628650665283,927813600.0
2007-01-25,2.67522029445578,2.7179083027927065,2.642052861917901,2.64880919456482,905973600.0
2007-01-26,2.675219641829909,2.683204638939217,2.610112843996684,2.6220903396606445,986874000.0
2007-01-29,2.65034416456635,2.66109299344971,2.6266967000195858,2.6392884254455566,901664400.0
2007-01-30,2.654336690510899,2.656179382055838,2.618097705177678,2.6273107528686523,577970400.0
2007-01-31,2.6061206147662714,2.641131554539112,2.590458349253121,2.6328394412994385,856069200.0
2007-02-01,2.64819477729237,2.649422623453468,2.602435827255249,2.602435827255249,664342000.0
2007-02-02,2.583395056572684,2.618098060291787,2.570496419025423,2.602742910385132,621530000.0
2007-02-05,2.588922294044035,2.617484014405969,2.577866554260254,2.577866554260254,578852400.0
2007-02-06,2.593529064265453,2.594143909919838,2.5446993714053474,2.5843160152435303,864393600.0
2007-02-07,2.5944511268780284,2.6528016060098163,2.5658902204969096,2.645738363265991,1066825200.0
2007-02-08,2.6236252192084453,2.65679346268881,2.623011398714449,2.6466586589813232,679030800.0
2007-02-09,2.6374460787973337,2.647273153932997,2.555448338973845,2.557291030883789,860540800.0
2007-02-12,2.59291531127594,2.615948756319851,2.568346904612043,2.6067357063293457,724071600.0
2007-02-13,2.6153340813431454,2.6193257596283344,2.588922169164185,2.6012067794799805,580986000.0
2007-02-14,2.599056919362971,2.6300745346898173,2.597214022836542,2.619633436203003,507981600.0
2007-02-15,2.6239335116795424,2.62946097213082,2.6036639015057017,2.6168694496154785,363661200.0
2007-02-16,2.618098247294441,2.6230118874148616,2.599978443350561,2.605199813842773,399868000.0
2007-02-20,2.5996712634211963,2.6460448520274324,2.5846228192657974,2.6380598545074463,617702400.0
2007-02-21,2.640515837884037,2.7483106092232727,2.639901812493124,2.7394046783447266,1155313600.0
2007-02-22,2.7885430459764677,2.78884995626918,2.7188299208642257,2.7489264011383057,838224800.0
2007-02-23,2.738177727282056,2.774416513112338,2.728656742817481,2.735413074493408,517893600.0
2007-02-26,2.7590602985024075,2.763974758350471,2.6905758418244763,2.718214988708496,615848800.0
2007-02-27,2.6503448468539883,2.674299022787934,2.5615907707007803,2.5775599479675293,1145813200.0
2007-02-28,2.54899963881754,2.628847587592595,2.54899963881754,2.598443984985352,919475200.0
2007-03-01,2.580630337309456,2.712073426770176,2.5720313141719,2.67368483543396,1415528800.0
2007-03-02,2.664778652915877,2.688426119915568,2.616869283327319,2.623011589050293,860000400.0
2007-03-05,2.637753194416686,2.7225145620809608,2.633760490261117,2.65095853805542,838899600.0
2007-03-06,2.6964096432049973,2.712072724015982,2.684125854806315,2.7083871364593506,723186800.0
2007-03-07,2.70408855760957,2.732342345676908,2.6856616392607155,2.6939537525177,626284400.0
2007-03-08,2.7206728386000134,2.724664517888746,2.6859688057329896,2.702553033828736,511011200.0
2007-03-09,2.72712149857701,2.728656459888272,2.6841263855288817,2.701631546020508,451836000.0
2007-03-12,2.704701911802715,2.763667220283806,2.702245194796718,2.759981632232666,729408400.0
2007-03-13,2.745854486477981,2.7824003835751587,2.714837074279785,2.714837074279785,867890800.0
2007-03-14,2.720979580822935,2.763974905014038,2.7000961493596507,2.763974905014038,796586000.0
2007-03-15,2.7627458146481203,2.775030426319375,2.7427839357329824,2.7507691383361816,559498800.0
2007-03-16,2.7498472846416893,2.763667678327667,2.7430911579928083,2.751383066177368,571704000.0
2007-03-19,2.7713450680891376,2.8115765596049265,2.751383187515245,2.798677921295166,712961200.0
2007-03-20,2.805434047265039,2.820482286674065,2.796527908734146,2.8094265460968018,488916400.0
2007-03-21,2.8250893942110555,2.886818351096293,2.814647677051111,2.8828258514404297,686896000.0
2007-03-22,2.87852540527414,2.897873050821904,2.856106812267305,2.8855886459350586,561492400.0
2007-03-23,2.866856404253143,2.8889678878998484,2.865320622589405,2.872076749801636,450884000.0
2007-03-26,2.8865107661604235,2.9451681457217944,2.865320221434746,2.9436323642730717,864987200.0
2007-03-27,2.9393329123669725,2.973729003870563,2.917528342403782,2.9316556453704834,932052800.0
2007-03-28,2.913842942866026,2.9298131435760277,2.860713840808266,2.8634774684906006,942337200.0
2007-03-29,2.8926529052257544,2.8926529052257544,2.8324597476837265,2.8791394233703613,725723600.0
2007-03-30,2.8954159866805007,2.9077005951112027,2.8484283845172134,2.853341817855835,600558000.0
2007-04-02,2.891118026996507,2.894495680956432,2.856721926227795,2.8760697841644287,501992400.0
2007-04-03,2.8911175394880586,2.9245918784845344,2.8794469525838324,2.9021732807159424,583934400.0
2007-04-04,2.915684871384786,2.921827175812614,2.890809563536262,2.895109176635742,476784000.0
2007-04-05,2.8905034452336293,2.9077014923095703,2.872076526901779,2.9077014923095703,355516000.0
2007-04-09,2.923978345925231,2.926741974172866,2.8573357469231526,2.8760697841644287,413341600.0
2007-04-10,2.8766834123087417,2.894803422624864,2.8686984133633304,2.8944954872131348,352466800.0
2007-04-11,2.8837468220561804,2.885282603882238,2.8355311453680865,2.8435163497924805,549018400.0
2007-04-12,2.8266245928437086,2.83491670580279,2.786086194000182,2.831231117248535,656675600.0
2007-04-13,2.79161475000705,2.806970106228727,2.7658176777485464,2.7713451385498047,719941600.0
2007-04-16,2.7814797955492256,2.8100406991896243,2.7716519006543168,2.8078908920288086,609033600.0
2007-04-17,2.825395431274844,2.834609299205163,2.7547605608692374,2.774723052978516,751920400.0
2007-04-18,2.768888078369348,2.7900786231461896,2.7516900323249387,2.7762582302093506,464044000.0
2007-04-19,2.7698093271514166,2.8023635512633245,2.758753585600048,2.7722668647766118,425913600.0
2007-04-20,2.7913070535355944,2.800213808105775,2.780865952422664,2.793764591217041,522779600.0
2007-04-23,2.812804113526372,2.88067536149564,2.80758376872543,2.871769428253174,780290000.0
2007-04-24,2.8855891551688524,2.9602167383857347,2.803898330044567,2.8634774684906006,1055252800.0
2007-04-25,2.893881159231411,2.929813240698265,2.880675610850437,2.9282772541046143,1187144000.0
2007-04-26,3.1196058739668406,3.1478596633782274,3.018874304053734,3.0354583263397217,1737778000.0
2007-04-27,3.0151892348564875,3.0695472060375204,3.0001409956887763,3.0686254501342773,699403600.0
2007-04-30,3.0738475808378896,3.1017944659419303,3.0609491446464534,3.064941644668579,616509600.0
2007-05-01,3.058491582669636,3.0818319355557606,3.026552206356226,3.054805994033813,532523600.0
2007-05-02,3.0603342804734326,3.087666312266042,3.054806000017315,3.083059787750244,505145200.0
2007-05-03,3.0935014365440505,3.115612916292929,3.071389751778299,3.083366632461548,576077600.0
2007-05-04,3.095651594386416,3.120220000749232,3.086438749525725,3.095958709716797,381987200.0
2007-05-07,3.1042503579561087,3.204675012388828,3.102100755840856,3.191469669342041,861557200.0
2007-05-08,3.177649692421014,3.2292438402585915,3.1761139106797174,3.226480007171631,783997200.0
2007-05-09,3.2218738198821124,3.284830623025269,3.2212589741162514,3.2823739051818848,717757600.0
2007-05-10,3.274695868728159,3.3425671337308724,3.2528912930440863,3.2965004444122314,1197257600.0
2007-05-11,3.308784201992057,3.3514724062511587,3.279301544864988,3.3394947052001958,653696400.0
2007-05-14,3.3665210032256767,3.3781907701676834,3.3244468200395163,3.3585360050201416,651946400.0
2007-05-15,3.3649844490201417,3.384332299426661,3.270088093474897,3.302027463912964,954514400.0
2007-05-16,3.333046352477592,3.3422602233853405,3.176114092563811,3.2965004444122314,1126767600.0
2007-05-17,3.290665285641369,3.374198799102132,3.290665285641369,3.360992431640625,735291200.0
2007-05-18,3.3852550928849787,3.397846616776232,3.371127787280692,3.3788058757781982,621345200.0
2007-05-21,3.3877114678117275,3.453432093586789,3.379726469799839,3.4389986991882324,639892400.0
2007-05-22,3.454660720304583,3.4933564263246577,3.439919596590688,3.4869070053100586,572409600.0
2007-05-23,3.501648617852429,3.531745096530275,3.457731540941404,3.4669454097747803,911374800.0
2007-05-24,3.4644887466159062,3.5151607176386097,3.389554053426664,3.399380922317505,887362000.0
2007-05-25,3.439612697758375,3.494277582044272,3.4242573425053515,3.4893641471862797,632959600.0
2007-05-29,3.514854581535056,3.5274459000180305,3.4608035136132016,3.5117838382720947,645694000.0
2007-05-30,3.5102474073419985,3.650902930262924,3.4866003500171483,3.6475250720977774,1478444800.0
2007-05-31,3.687448819171272,3.751941389920416,3.671172528872788,3.721844911575317,1297066400.0
2007-06-01,3.7190808141735774,3.7218448517384632,3.632783879294717,3.636161327362061,885262000.0
2007-06-04,3.643226107550307,3.7384294044719537,3.6208066873241727,3.726144790649414,886673200.0
2007-06-05,3.728601084134054,3.7679114316978928,3.7006544124720433,3.76729679107666,920785600.0
2007-06-06,3.755934490357389,3.8096784446022434,3.7451858635219497,3.797086715698242,1112241200.0
2007-06-07,3.838547745405823,3.919009513672584,3.7832677978224094,3.8102927207946777,1915079600.0
2007-06-08,3.864035794597266,3.864343729970188,3.755626962044793,3.823190689086914,1241682400.0
2007-06-11,3.869564597965458,3.874170917890294,3.671173014818536,3.6911346912384033,1874258400.0
2007-06-12,3.66533727968262,3.737815264951173,3.6333981065363448,3.696969747543335,1426566400.0
2007-06-13,3.720617532877127,3.721845584225007,3.544030309593393,3.608522891998291,1721353200.0
2007-06-14,3.599308614331774,3.6684079190993786,3.575354440166397,3.6469106674194336,973266000.0
2007-06-15,3.704338697021879,3.705874273034973,3.680998351656504,3.700653314590454,811218800.0
2007-06-18,3.7860291245505167,3.844379780385643,3.7633038306552735,3.841616153717041,910604800.0
2007-06-19,3.829332524419057,3.839160212982087,3.77466764692214,3.797700881958008,943026000.0
2007-06-20,3.804151032020617,3.828412322745213,3.731365929745389,3.732901096343994,897512000.0
2007-06-21,3.737508101494774,3.8170493280504543,3.7074116206523104,3.805071830749512,867045200.0
2007-06-22,3.803535707258417,3.821962625519803,3.7583909876193737,3.777431726455689,631876000.0
2007-06-25,3.813977740645205,3.841617708822693,3.717852697701608,3.7571630477905273,965403600.0
2007-06-26,3.807528356680973,3.80814258731396,3.6459893905098486,3.674550294876098,1345005200.0
2007-06-27,3.7040319264313593,3.747948174390729,3.662572600321524,3.743341445922852,974696800.0
2007-06-28,3.757777494671272,3.761769994411643,3.685299908750769,3.702497959136963,838143600.0
2007-06-29,3.7457986013744176,3.80814176709325,3.7187736894452232,3.747948408126831,1137841600.0
2007-07-02,3.7175455487972977,3.749484721040817,3.663801599529029,3.7239949703216553,994862400.0
2007-07-03,3.746721026354381,3.912559600857228,3.731365671128266,3.90549635887146,1162481600.0
2007-07-05,3.9555532675856906,4.08361784931348,3.952174590258924,4.076860904693604,1453051600.0
2007-07-06,4.088532802430302,4.094982224205477,4.004692369522062,4.063042640686035,874694800.0
2007-07-09,4.065499495684359,4.081469492195508,3.967224644246301,4.002542495727539,995820000.0
2007-07-10,3.958011104523455,4.130605791255632,3.955861297567071,4.064578056335449,1255007600.0
2007-07-11,4.055979042623099,4.106037605720212,4.032638690183983,4.065805912017822,821772000.0
2007-07-12,4.110644585456194,4.122622083912401,4.065806565149355,4.117401123046875,704608800.0
2007-07-13,4.146883586299995,4.233487649222286,4.131221114492022,4.229803085327148,907606000.0
2007-07-16,4.250073005388732,4.298903535791669,4.222740143775486,4.241167068481445,936112800.0
2007-07-17,4.247306573836672,4.287229910884356,4.2227373571090965,4.266039371490479,709959600.0
2007-07-18,4.243928657404526,4.251606539008474,4.177900105711759,4.24177885055542,756856800.0
2007-07-19,4.308728295144328,4.324391583494298,4.2887666232400985,4.299515247344971,732891600.0
2007-07-20,4.350189333603398,4.427887460358577,4.299516125242172,4.414681911468506,1167773600.0
2007-07-23,4.401168046667579,4.459826242911505,4.328076252864761,4.413145542144775,1036490000.0
2007-07-24,4.265119008001227,4.330225800927815,4.119856364850137,4.142582893371582,1795292800.0
2007-07-25,4.218130467104692,4.249149102032937,4.1459604459052,4.215366840362549,1496182800.0
2007-07-26,4.4810168897168365,4.560558120551694,4.206155638213507,4.483781337738037,2186629200.0
2007-07-27,4.489614710615525,4.573455537453621,4.4156023922812855,4.417751789093018,1161098400.0
2007-07-30,4.432493257813632,4.466889346777436,4.2863096747006,4.34343147277832,1106988400.0
2007-07-31,4.390726271054417,4.406389560301093,4.039087887669044,4.0464582443237305,1762392800.0
2007-08-01,4.104195373488083,4.157632210821113,3.923922365033583,4.145962238311768,1750156800.0
2007-08-02,4.196634397502481,4.206155382246763,4.119857209327301,4.191720962524414,852644800.0
2007-08-03,4.153946392539162,4.175136938065484,4.038473910737958,4.049222946166992,679187600.0
2007-08-06,4.0814702081251415,4.154254090942067,3.940200007521425,4.153640270233154,925170400.0
2007-08-07,4.144118496756394,4.214753774684391,4.073176513609811,4.1468825340271,949936400.0
2007-08-08,4.200013639808066,4.203084383318913,4.053830011351242,4.11555814743042,808096800.0
2007-08-09,4.026495719033503,4.084539270229058,3.841616851940792,3.8815410137176514,1125395600.0
2007-08-10,3.78111785441376,3.923308988050568,3.694513781740105,3.838854312896729,1410749200.0
2007-08-13,3.940813952125689,3.972446423048504,3.884920188692153,3.9245376586914062,752911600.0
2007-08-14,3.9398916579796586,3.940198363189183,3.79923533678386,3.80906343460083,739006800.0
2007-08-15,3.769446366230168,3.83455398442814,3.674549796474235,3.682228088378906,992852000.0
2007-08-16,3.593473477602012,3.6392324190389793,3.427942255747533,3.5947015285491943,1866690000.0
2007-08-17,3.7470279516128064,3.792786899665088,3.679771343320798,3.748563528060913,1195062400.0
2007-08-20,3.806914338790445,3.82349815498782,3.700654494959723,3.753477096557617,803317200.0
2007-08-21,3.753171078447046,3.9604686138507943,3.7160109403412633,3.9177803993225098,1303047200.0
2007-08-22,4.029875690867676,4.076862698299957,4.002542835322958,4.069492340087891,1061765600.0
2007-08-23,4.087303661998042,4.094981954591996,3.985037136533,4.025267601013184,866838000.0
2007-08-24,4.008684429663658,4.157324539231185,3.9865721288563423,4.155174732208252,911834000.0
2007-08-27,4.096517001274749,4.135519819568378,4.056899542422019,4.061506271362305,707439600.0
2007-08-28,4.022811057061208,4.066421019627011,3.8889120665327215,3.894747257232666,1179365600.0
2007-08-29,3.9887226196656136,4.120779769942736,3.978281927078096,4.117708206176758,1166860800.0
2007-08-30,4.074405196558255,4.245771843618908,4.063042340494376,4.18435001373291,1435582400.0
2007-08-31,4.283853030060585,4.28876687452614,4.219974282109617,4.252834796905518,876887200.0
2007-09-04,4.29767294804893,4.475488600120335,4.294602205191347,4.427272319793701,1316842800.0
2007-09-05,4.452149192918685,4.478867408675447,4.17974402415865,4.200013637542725,2328222400.0
2007-09-06,4.163160185685321,4.224888309284601,4.075633967492462,4.146268844604492,1901261600.0
2007-09-07,4.054136504864116,4.0630424387438575,3.992407558185498,4.046765327453613,1430576000.0
2007-09-10,4.207076564296209,4.2393228540056045,4.11371596381133,4.198477745056152,1487838800.0
2007-09-11,4.235023969267202,4.247308583443434,4.107573967425751,4.161011219024658,971885600.0
2007-09-12,4.176365810714403,4.2810892674039644,4.168995042836894,4.202776908874512,1022770000.0
2007-09-13,4.263583445900245,4.268804815708358,4.196633954811109,4.213525295257568,656163200.0
2007-09-14,4.194177782356265,4.268190520866634,4.182814926078291,4.262969970703125,607320000.0
2007-09-17,4.268499748667042,4.3176361622914765,4.225811528313838,4.2506866455078125,793371600.0
2007-09-18,4.270647887807797,4.387041708204416,4.23287311855964,4.3277692794799805,1064089600.0
2007-09-19,4.392263300178908,4.396562505067352,4.281089593071773,4.323163986206055,1026880400.0
2007-09-20,4.304122409742161,4.354488912400034,4.278632658142644,4.3090362548828125,691840800.0
2007-09-21,4.334524650370946,4.442319634216114,4.30903490674622,4.426964282989502,1138880400.0
2007-09-24,4.506198946994859,4.602017269373017,4.50374243491287,4.553800582885742,1052161600.0
2007-09-25,4.509580302446829,4.705515447138602,4.508965251485258,4.704286575317383,1192550800.0
2007-09-26,4.7439015405134,4.760177830489231,4.645012469286773,4.691692352294922,975268000.0
2007-09-27,4.722405330114257,4.7454377533700205,4.677874420357695,4.744823932647705,658198800.0
2007-09-28,4.712270096392556,4.747895066995709,4.691079547254395,4.713191032409668,615101200.0
2007-10-01,4.748815958961396,4.834192385422704,4.696607579993011,4.801331043243408,837068400.0
2007-10-02,4.807779741691013,4.870430443074661,4.787510951877299,4.866130828857422,792069600.0
2007-10-03,4.845554788035304,4.888549702540479,4.821907318535485,4.849853992462158,692518400.0
2007-10-04,4.852309353173703,4.854765864898158,4.714110784548493,4.798258304595947,656958400.0
2007-10-05,4.863673392977519,4.96225494237358,4.843097488300165,4.9582624435424805,943471200.0
2007-10-08,5.020913165259723,5.1566548347473145,5.004942761136865,5.1566548347473145,835928800.0
2007-10-09,5.226982833770722,5.25492991907209,5.118881106666962,5.155119895935059,1104286400.0
2007-10-10,5.145600450394939,5.155734436937957,5.085714186887727,5.122260093688965,667590000.0
2007-10-11,5.20517774958607,5.278576253998009,4.705205946600879,4.982217788696289,1643992000.0
2007-10-12,5.006171840791645,5.137307196711386,4.969011301493129,5.136385440826416,988176000.0
2007-10-15,5.158805729892628,5.207635018104646,5.021220929722153,5.12809419631958,1077930000.0
2007-10-16,5.0838703060760375,5.226368105706505,5.07189240012109,5.207942008972168,1067830400.0
2007-10-17,5.303453728909409,5.31420235636832,5.195658698827947,5.305296421051025,1127613200.0
2007-10-18,5.266906780322947,5.349518334804731,5.2530874120603865,5.328328609466553,823676000.0
2007-10-19,5.351054134868032,5.363031631003449,5.220840534076127,5.233739376068115,1291780000.0
2007-10-22,5.231589713363606,5.371323891860793,5.219612216897833,5.354739665985107,1649499600.0
2007-10-23,5.790832800487318,5.792060851472136,5.612710053136793,5.717126369476318,1795164000.0
2007-10-24,5.7063775976917706,5.74937250212497,5.504608211065332,5.710062980651856,1288481600.0
2007-10-25,5.677509544507831,5.709142004658298,5.578927601189758,5.61332368850708,973602000.0
2007-10-26,5.690410265491621,5.692867188436739,5.616397511939279,5.672291278839111,706876800.0
2007-10-29,5.695324218802502,5.730335373951411,5.672291794200991,5.684268474578857,540554000.0
2007-10-30,5.717741105339895,5.815708412999041,5.6732102127430295,5.742923736572266,939414000.0
2007-10-31,5.762270971636816,5.838741438477474,5.679966545170807,5.833520889282227,833310800.0
2007-11-01,5.792061444720913,5.838128327600667,5.527948449189833,5.756437301635742,805036400.0
2007-11-02,5.810794977789737,5.817858218729031,5.635128739546889,5.769642353057861,1002114400.0
2007-11-05,5.69040911404774,5.803117561111607,5.658162826985778,5.717741966247559,804176800.0
2007-11-06,5.744460123789875,5.896478918558047,5.689795239971792,5.8900299072265625,954727200.0
2007-11-07,5.8537898152697885,5.917361853212595,5.716205460812057,5.721426010131836,994327600.0
2007-11-08,5.732791088507952,5.739854331093932,5.152356233441349,5.388829708099365,1890378000.0
2007-11-09,5.256157989357086,5.378079887879852,5.073735199452116,5.078649044036865,1526380800.0
2007-11-12,5.075886665556738,5.150207359092169,4.625973284585214,4.722098350524902,1769065200.0
2007-11-13,4.939838008237561,5.250938910060279,4.7220981295023,5.219613552093506,1739446800.0
2007-11-14,5.440730618442424,5.453321936180472,5.02859089114168,5.101375579833984,1449168000.0
2007-11-15,5.109975115652034,5.208249971071793,4.922945980041437,5.045789241790772,1487410400.0
2007-11-16,5.076499228166472,5.129322237292765,4.8931559127895365,5.109974384307861,1383494000.0
2007-11-19,5.101067975126883,5.165560539037018,4.9782247424200365,5.03503942489624,1154428800.0
2007-11-20,5.087863703906117,5.275813368096639,5.022141842431883,5.185523509979248,1543642800.0
2007-11-21,5.093083334805063,5.2930108870586325,5.057151664354739,5.173546314239502,1217809600.0
2007-11-23,5.282264421497084,5.2837999986428725,5.213165090072403,5.2681379318237305,465757600.0
2007-11-26,5.331093009879362,5.444108166309796,5.293011120590053,5.29884672164917,1305754800.0
2007-11-27,5.381151155283409,5.3986563182892775,5.221148175732516,5.368559837341309,1317030400.0
2007-11-28,5.430288487192314,5.546375200202527,5.385143358219503,5.534705638885498,1150912000.0
2007-11-29,5.510443790742341,5.686723880705945,5.501844561947142,5.659698963165283,1050926800.0
2007-11-30,5.75336491642251,5.764420655107815,5.518734611857625,5.596125602722168,1187802000.0
2007-12-03,5.58507057592028,5.6550916299645655,5.457313899152819,5.492938041687012,961469600.0
2007-12-04,5.440422242609604,5.555587177471689,5.435507988730287,5.522112846374512,773799600.0
2007-12-05,5.616702422935664,5.712212804739225,5.601961301084232,5.696857452392578,892402000.0
2007-12-06,5.7180480159499,5.838127618013659,5.715898209208564,5.833520889282227,899810800.0
2007-12-07,5.85164067248644,5.988304516751144,5.774863489887066,5.967113971710205,1066066400.0
2007-12-10,5.94531030206252,6.008881128943554,5.917670330770168,5.96435022354126,722377600.0
2007-12-11,5.980931847343862,6.044810581818286,5.7549003800530985,5.790217399597168,1110925200.0
2007-12-12,5.940701667059376,5.972641247392834,5.704843273315608,5.86146879196167,1225660800.0
2007-12-13,5.840893437021456,5.900165882207201,5.768108735887104,5.891258716583252,864617600.0
2007-12-14,5.846421110574071,5.933332286298731,5.820930948940095,5.847034931182861,674312800.0
2007-12-17,5.857170574962872,5.916441790286339,5.619468202667584,5.663077354431152,1024693600.0
2007-12-18,5.728184515376776,5.75306003782518,5.48495408673676,5.619467735290527,1222603200.0
2007-12-19,5.619466808225189,5.670447126138058,5.5555880582064665,5.6237664222717285,827478400.0
2007-12-20,5.694707608715208,5.768413217494211,5.630215047270942,5.749372482299805,774057200.0
2007-12-21,5.838743404569181,5.955137252807617,5.83168016150294,5.955137252807617,993960800.0
2007-12-24,5.989532807215785,6.121589936433688,5.982162859501782,6.105312824249268,480202800.0
2007-12-26,6.111760332054371,6.17164657142422,6.044503737244862,6.109917640686035,703732400.0
2007-12-27,6.109918929682076,6.233068881843697,6.074601901105941,6.098248958587647,795527600.0
2007-12-28,6.160284644785765,6.190073596287649,6.0463473382381645,6.13694429397583,699647200.0
2007-12-31,6.1268095942983525,6.15752030217993,6.073065650488719,6.083200454711914,539333200.0
2008-01-02,6.11974752592499,6.150151124354778,5.913370938954335,5.983697891235352,1079178800.0
2008-01-03,6.001204129944689,6.062011329381862,5.91767039450565,5.986462593078613,842066400.0
2008-01-04,5.879587416075888,5.927189053334662,5.493859653565565,5.529483795166016,1455832000.0
2008-01-07,5.566336781718645,5.638507640501275,5.227903542785229,5.455471038818359,2072193200.0
2008-01-08,5.532248637400775,5.603498576382195,5.245409879735216,5.25922966003418,1523816000.0
2008-01-09,5.2607652934895786,5.512594135130215,5.168632740446196,5.509523391723633,1813882000.0
2008-01-10,5.453628964807589,5.558659939471235,5.38698658340472,5.467141628265381,1482975200.0
2008-01-11,5.405105676967046,5.461921189787356,5.220840999594253,5.303452968597412,1232285600.0
2008-01-14,5.451785198867142,5.510135455495028,5.379614346130173,5.490480899810791,1100450400.0
2008-01-15,5.457927495322481,5.503993142034122,5.056843595220424,5.191357612609863,2343278000.0
2008-01-16,5.07434902666116,5.190435725511713,4.812386268600515,4.902676105499268,2213845200.0
2008-01-17,4.960105505877458,5.07834202315975,4.865208930739107,4.941064357757568,1757859600.0
2008-01-18,4.96624827613565,5.090320415850948,4.901755693541181,4.955499649047852,1724343600.0
2008-01-22,4.54704335885031,4.913116054966425,4.483779269785667,4.779830932617188,2434754000.0
2008-01-23,4.182508859374646,4.299516949953942,3.8738648703166345,4.270956039428711,3372969600.0
2008-01-24,4.299208934324925,4.321013711898313,4.054136650706072,4.164388179779053,2005866800.0
2008-01-25,4.268497682284563,4.271568424751228,3.980430138288571,3.992713928222656,1554739200.0
2008-01-28,3.935899247100525,4.090681642816129,3.883382949377788,3.992713928222656,1474844000.0
2008-01-29,4.027725262144757,4.078090530587051,3.963232690077098,4.03970193862915,1099982800.0
2008-01-30,4.034480697949556,4.159780847113601,3.9924067296400128,4.059356212615967,1243051600.0
2008-01-31,3.9755163138270992,4.196634420148609,3.973981557320202,4.157018184661865,1345674400.0
2008-02-01,4.184042688049413,4.194791312972952,4.059356752781079,4.10757303237915,1010744000.0
2008-02-04,4.121699866048593,4.173601123442293,4.036016744554085,4.043080806732178,899234000.0
2008-02-05,4.005613329172612,4.115251039796889,3.9586255046000303,3.972752809524536,1141042000.0
2008-02-06,4.017898716174992,4.0513738829545645,3.7396587391667984,3.7467219829559326,1573272400.0
2008-02-07,3.684379096795684,3.832098311894274,3.60145917565034,3.723381519317627,2083331600.0
2008-02-08,3.749178330981482,3.8603516225932792,3.7344367948292487,3.853595495223999,1355972800.0
2008-02-11,3.9312926467047222,3.991792712802604,3.906416720673193,3.975515604019165,1201432400.0
2008-02-12,4.0139045162656215,4.023117563838221,3.796471837161174,3.8345537185668954,1225980000.0
2008-02-13,3.8904471918489927,3.9856508736382055,3.858200909156532,3.973980903625488,968534000.0
2008-02-14,3.9739821110211695,4.016977441030001,3.900582360601071,3.914402961730957,954097200.0
2008-02-15,3.877855386193298,3.9027304893646857,3.809984151439942,3.827488899230957,901300400.0
2008-02-19,3.869256499808051,3.892596848969421,3.729522340159827,3.7522480487823486,1005046000.0
2008-02-20,3.752863711346832,3.826569341866732,3.736893713864208,3.802615165710449,967439200.0
2008-02-21,3.8710998246532102,3.883998255971324,3.711710689680401,3.732593297958374,938114800.0
2008-02-22,3.761462485548686,3.7623834214120206,3.558463373222842,3.668715715408325,1529878000.0
2008-02-25,3.641996500692921,3.690520305459529,3.582725301137208,3.677314758300781,1256774400.0
2008-02-26,3.612821231954069,3.7187735285362185,3.545257109902835,3.659193992614746,1504888000.0
2008-02-27,3.630941653022914,3.778967975807951,3.626642448030252,3.7762043476104736,1475138000.0
2008-02-28,3.906417439931592,4.059971817967009,3.862501179757528,3.989644050598145,1618254400.0
2008-02-29,3.970603210896517,3.998857002162557,3.8327117032450726,3.839468240737915,1255480800.0
2008-03-03,3.8216551931217926,3.86895012600092,3.623877463898058,3.7384285926818848,1593043200.0
2008-03-04,3.746412569916529,3.835166811177771,3.697582483971492,3.827181816101074,1785383600.0
2008-03-05,3.7952436063337407,3.843153183934741,3.754398500823388,3.823190689086914,1221836000.0
2008-03-06,3.826875405762685,3.915629663371219,3.710174480305605,3.713860273361206,1473698800.0
2008-03-07,3.697889422874636,3.776816392910205,3.656123393814154,3.754397392272949,1230462800.0
2008-03-10,3.746107037442931,3.791558870468457,3.66595117648949,3.675778865814209,999588800.0
2008-03-11,3.811213548106052,3.9150156384369614,3.746720571937784,3.911023139953613,1163943200.0
2008-03-12,3.9015039523460855,3.9518692234567694,3.844074208980892,3.870485305786133,1059629200.0
2008-03-13,3.811212171396422,3.9770502558469434,3.777429914158706,3.9291415214538574,1262102800.0
2008-03-14,3.988721452039551,4.001620293938475,3.814284071458316,3.8882980346679688,1156640800.0
2008-03-17,3.763613211449735,3.9491063869809753,3.763613211449735,3.8919837474823,1072598800.0
2008-03-18,3.96722387964324,4.084539448123636,3.9515614115020425,4.079010963439941,1205120000.0
2008-03-19,4.08822510767132,4.124156365224656,3.9822723865509033,3.9822723865509033,1010536800.0
2008-03-20,4.02680399865069,4.093446385941314,3.967224854002722,4.092832565307617,908787600.0
2008-03-24,4.115558346670884,4.325620748925319,4.1041958980731295,4.285082340240479,1066920400.0
2008-03-25,4.298287378034086,4.394719542326404,4.217518505742254,4.329612731933594,1052391200.0
2008-03-26,4.326233752649544,4.475795614827043,4.3191705111919365,4.454912185668945,1182084400.0
2008-03-27,4.451534669571531,4.462590410547488,4.299208758152035,4.307193756103516,999829600.0
2008-03-28,4.354795182273723,4.44232016161268,4.3486528770403865,4.3919548988342285,714610400.0
2008-03-31,4.3999406373718,4.4748751337159245,4.376907398897612,4.407003879547119,768065200.0
2008-04-01,4.492993538713388,4.596181810541925,4.410381990236271,4.592189311981201,1032567200.0
2008-04-02,4.569157669670847,4.643478361768387,4.479175733278445,4.529541015625,1044968400.0
2008-04-03,4.5163341476986485,4.718104383816304,4.514491455949889,4.656068325042725,1051568000.0
2008-04-04,4.673879087272752,4.751270065472077,4.629655729735085,4.701211929321289,854417200.0
2008-04-07,4.794881774068477,4.904212791090035,4.763557237727724,4.787511825561523,1158326400.0
2008-04-08,4.7156484864493295,4.80470947238382,4.677873710707626,4.693842887878418,1014294400.0
2008-04-09,4.708276697634207,4.726088564483239,4.620750479644772,4.6508469581604,873398400.0
2008-04-10,4.641327420187989,4.773076606173549,4.625050308972231,4.746358394622803,955763200.0
2008-04-11,4.690158340862158,4.70797021008616,4.4960651409541486,4.518791675567627,1210076000.0
2008-04-14,4.5074280594466165,4.583590598943575,4.43894299193866,4.538445472717285,845087600.0
2008-04-15,4.588197856491204,4.598025957524103,4.475182690272681,4.556873321533203,698037200.0
2008-04-16,4.659446410624816,4.732538213424514,4.625664957016794,4.720254421234131,795774000.0
2008-04-17,4.734688205652967,4.790889488862507,4.709505979641119,4.744515895843506,704267200.0
2008-04-18,4.8867067176454215,4.983138871740998,4.863981005497785,4.945672035217285,1026765600.0
2008-04-21,4.981603346464954,5.174774787842525,4.967783976743703,5.164332866668701,1039152800.0
2008-04-22,5.14098994659348,5.159416857117759,4.855072278829549,4.919872760772705,1439572400.0
2008-04-23,5.038110229729985,5.062371511344666,4.946898652148748,5.002485275268555,1504190800.0
2008-04-24,5.077729015506718,5.220226843622313,4.888857180870143,5.188287258148193,1696066400.0
2008-04-25,5.242338574384344,5.254622366629011,5.110895682846052,5.212549209594727,992474000.0
2008-04-28,5.21316326591518,5.336006524356069,5.194122526003969,5.289633750915527,787214400.0
2008-04-29,5.254929872861759,5.39466406803835,5.228518774493233,5.375931262969971,923476400.0
2008-04-30,5.4109424210360375,5.527950518602541,5.310517735058951,5.3421502113342285,1139524400.0
2008-05-01,5.373166021033823,5.52794885635376,5.370095277980505,5.52794885635376,903576800.0
2008-05-02,5.533783342724171,5.586913054265935,5.483418078642659,5.556816577911377,1006082000.0
2008-05-05,5.5869142160171945,5.691023853862147,5.560195592038728,5.673211574554443,854557200.0
2008-05-06,5.671061618810688,5.746610348733068,5.594899478305058,5.732483863830566,918870400.0
2008-05-07,5.713748459159641,5.7797770081975255,5.544531645716072,5.607488632202148,1157133600.0
2008-05-08,5.6437288042906175,5.727569648585269,5.622231551427501,5.683346271514893,899085600.0
2008-05-09,5.624994709970495,5.658469042902049,5.570021899002557,5.63390064239502,673072400.0
2008-05-12,5.6879526386798975,5.800353971169853,5.6154746560942455,5.7785491943359375,818563200.0
2008-05-13,5.792369244436229,5.879588355856629,5.76933682535923,5.833829402923584,823236400.0
2008-05-14,5.872831241193873,5.90384906563605,5.699008086160288,5.720198631286621,916823600.0
2008-05-15,5.7370889118059685,5.831985476159198,5.656933059738203,5.826764106750488,873208000.0
2008-05-16,5.838435345000599,5.844270945782067,5.742924536088967,5.761965274810791,765769200.0
2008-05-19,5.7693360832867775,5.794825831698035,5.567872558057196,5.638507843017578,945820400.0
2008-05-20,5.583841700416028,5.717126862177647,5.531633742763848,5.709142684936523,969850000.0
2008-05-21,5.702079521102545,5.772100586115597,5.41278385133594,5.472362995147705,1157657200.0
2008-05-22,5.505223437224927,5.568794259349981,5.282262631613635,5.437352180480957,1206735600.0
2008-05-23,5.55159583140966,5.589063488474056,5.46038504629958,5.563880443572998,906917200.0
2008-05-27,5.6124030224845765,5.725418567657471,5.584456353959047,5.725418567657471,789905200.0
2008-05-28,5.7555169983643,5.772101227998817,5.642194709466005,5.74323320388794,743979600.0
2008-05-29,5.7355539665839,5.779777748440979,5.696858259967399,5.733404159545898,647186400.0
2008-05-30,5.7567452435246285,5.820931117432536,5.75459543621331,5.796669006347656,610184400.0
2008-06-02,5.79206166545438,5.824307951655214,5.66706860948859,5.715285301208496,679840000.0
2008-06-03,5.738625758862371,5.779778805367287,5.599813312185465,5.692866802215576,750520400.0
2008-06-04,5.6514057339391925,5.745688066589319,5.627144448981616,5.687337398529053,726983600.0
2008-06-05,5.722654980442074,5.830142861734847,5.703000013745262,5.817551136016846,755445600.0
2008-06-06,5.773636583290525,5.833522846793606,5.698395372264208,5.7011590003967285,966422800.0
2008-06-09,5.675054080615788,5.679660400100345,5.397427998817363,5.577393054962158,1888392800.0
2008-06-10,5.543612515218421,5.736168920402505,5.497852737831299,5.7011590003967285,1140941200.0
2008-06-11,5.661232839170548,5.712213153316895,5.515357187992453,5.552824020385742,961550800.0
2008-06-12,5.573707800365029,5.607797187048219,5.257693551947999,5.320957660675049,1308333600.0
2008-06-13,5.271207706305039,5.348598730044927,5.076808595820412,5.293626308441162,1345957200.0
2008-06-16,5.260765623809732,5.463456843198192,5.192280537923603,5.430903434753418,1051730400.0
2008-06-17,5.46959821038329,5.589063605980735,5.448407663989798,5.571865558624268,899656800.0
2008-06-18,5.56234439801978,5.595512438030184,5.446565218413424,5.489560127258301,811468000.0
2008-06-19,5.483417668953099,5.599811477203826,5.42967373088755,5.555587291717529,791949200.0
2008-06-20,5.507986371580326,5.558659573772435,5.374394502256841,5.382686614990234,888367200.0
2008-06-23,5.366409403580549,5.401420135538471,5.268749204543131,5.317886829376221,645780800.0
2008-06-24,5.293626265515952,5.398350146539142,5.270900548191452,5.320652008056641,621947200.0
2008-06-25,5.362417073175711,5.492017265464662,5.339998477053946,5.447793483734131,644450800.0
2008-06-26,5.345834071595965,5.369481540699779,5.159726291967801,5.167404174804688,869610000.0
2008-06-27,5.113657997627624,5.238343890351085,5.041180455352555,5.223602771759033,1042249600.0
2008-06-30,5.226677086462748,5.282263741886721,5.117039352563023,5.1422224044799805,684196800.0
2008-07-01,5.0436382615691935,5.3657947871755365,5.0365750206563895,5.364566326141357,1111280800.0
2008-07-02,5.380537619758615,5.449636929493685,5.164947986602783,5.164947986602783,837519200.0
2008-07-03,5.208249637120429,5.287483747035699,5.090319818178341,5.2245259284973145,523362000.0
2008-07-07,5.317886270547477,5.439807333841263,5.279190569322092,5.379307270050049,820391600.0
2008-07-08,5.386680052856581,5.518736368771367,5.304989012560914,5.514129638671875,888350400.0
2008-07-09,5.534090853192589,5.555895630474028,5.347983893132904,5.3513617515563965,895776000.0
2008-07-10,5.371937772752856,5.446257624565358,5.262914302362988,5.424453258514404,840688800.0
2008-07-11,5.388829192647787,5.439194462027468,5.251551522926222,5.300074100494385,930011600.0
2008-07-14,5.504608753404904,5.506450624999002,5.315429843152182,5.339998245239258,886054400.0
2008-07-15,5.297004587284984,5.335700304243052,5.109975835366155,5.209785461425781,1040043200.0
2008-07-16,5.226982105421395,5.310822939608948,5.177845709100779,5.307137966156006,747790400.0
2008-07-17,5.346754552814799,5.373780698102338,5.263527950075723,5.276426792144775,757526000.0
2008-07-18,5.175387647844402,5.210091673539399,5.06728594246431,5.071892261505127,868414400.0
2008-07-21,5.125636355029869,5.144063271871271,4.948128233162301,5.106903553009033,1360469600.0
2008-07-22,4.575912146308975,4.998492841469708,4.500055918281869,4.975767135620117,1879592400.0
2008-07-23,5.066979952365148,5.1707824770264255,4.961641851004694,5.105982780456543,1061768400.0
2008-07-24,5.046401578639928,5.075270411168445,4.866129853360907,4.883942127227783,839619200.0
2008-07-25,4.9260154408221695,5.005864175723087,4.872271502171923,4.978838443756104,633637200.0
2008-07-28,4.985594551115213,4.989587049350814,4.73008040450862,4.741751194000244,780712800.0
2008-07-29,4.7727696643121975,4.896841792225226,4.718719008634563,4.824057102203369,684070800.0
2008-07-30,4.845555422742697,4.928781634820883,4.79334704184032,4.910048007965088,725183200.0
2008-07-31,4.838185331647541,4.981297406477492,4.820987280635171,4.8814873695373535,637498400.0
2008-08-01,4.9106601077558905,4.913424965084308,4.783210558768797,4.8111572265625,544639200.0
2008-08-04,4.809315483487482,4.849240063985945,4.695992393640993,4.705820083618164,592527600.0
2008-08-05,4.773075455058475,4.938299759512753,4.754649361212378,4.933386325836182,688371600.0
2008-08-06,4.912810190591743,5.140991504633563,4.852310122836194,5.042410373687744,791408800.0
2008-08-07,4.996958349564886,5.102604375012966,4.959798627527961,5.023370265960693,672372400.0
2008-08-08,5.032274405246126,5.210090414241591,5.028896138074656,5.207018852233887,713997200.0
2008-08-11,5.222990735735662,5.420460958843475,5.210706123386468,5.33017110824585,891304400.0
2008-08-12,5.328942142792961,5.506143135157179,5.3286350275369205,5.427524089813232,836278800.0
2008-08-13,5.465914496429707,5.527949748633604,5.402035732008398,5.506452083587647,842346400.0
2008-08-14,5.476661229450826,5.54176802274969,5.461612992134294,5.5070648193359375,711300800.0
2008-08-15,5.498467021195867,5.5202713880641125,5.375930883159234,5.397121429443359,708251600.0
2008-08-18,5.391900709254174,5.460692906619216,5.338156753808505,5.386373043060303,552014400.0
2008-08-19,5.360267752724378,5.43796669811311,5.276427321040396,5.329250335693359,616204400.0
2008-08-20,5.367331742214587,5.43397412521171,5.331706775827424,5.400192260742188,506951200.0
2008-08-21,5.358116861779808,5.388213336802973,5.27888358592727,5.3525896072387695,539744800.0
2008-08-22,5.399577768289686,5.451171908434101,5.391899885812641,5.429367542266846,439611200.0
2008-08-25,5.409710509446985,5.41216825134218,5.271819052129496,5.29915189743042,484425200.0
2008-08-26,5.305602513953732,5.370709316941904,5.300995784487463,5.33262825012207,445550000.0
2008-08-27,5.322493270824888,5.397734876172431,5.2880971786718,5.364259719848633,477780800.0
2008-08-28,5.382994980117775,5.412784349749779,5.305296434747752,5.335700035095215,431384800.0
2008-08-29,5.311744677423137,5.3283284930230765,5.191358354170379,5.206406593322754,599289600.0
2008-09-02,5.294546248706474,5.328328108044596,5.067285871291855,5.103831768035889,780763200.0
2008-09-03,5.123793692995891,5.180302084902355,5.036575412977722,5.127479076385498,734834800.0
2008-09-04,5.093697757516376,5.156655577055407,4.938608213667648,4.951199531555176,743386000.0
2008-09-05,4.870429861259709,4.9874379068147965,4.841561026392587,4.919259548187256,786884000.0
2008-09-08,5.054081168971604,5.063908859167395,4.651462417040268,4.849853992462158,1045979200.0
2008-09-09,4.817300423057313,4.912503708351546,4.600175230701874,4.658218383789063,1245025600.0
2008-09-10,4.677873100702604,4.7598708333535376,4.569771388345121,4.656068325042725,973142800.0
2008-09-11,4.5507297058127785,4.698449273419607,4.483780220272511,4.688007354736328,971135200.0
2008-09-12,4.634571417269088,4.634571417269088,4.499136433961103,4.574070930480957,793027200.0
2008-09-15,4.361859107205088,4.535682272227006,4.310571670532227,4.310571670532227,920634400.0
2008-09-16,4.110950946345806,4.376292815282369,4.058435872118611,4.295830249786377,1199836400.0
2008-09-17,4.253141894644274,4.253756535233683,3.925764799118042,3.925764799118042,1200455200.0
2008-09-18,4.009911357521225,4.15916606589096,3.706181392365069,4.118013858795166,1676253600.0
2008-09-19,4.379363448737207,4.428501073629103,4.186192447361841,4.327462196350098,1430875600.0
2008-09-22,4.297672255451842,4.30719282788072,4.012676283637648,4.02465295791626,856713200.0
2008-09-23,4.049222658143586,4.170529911943841,3.8898327000698174,3.895361185073853,1280364400.0
2008-09-24,3.908566483431593,4.021582437659066,3.8434596891667,3.952790260314941,1047015200.0
2008-09-25,3.986264811235464,4.139512462426945,3.946955286341215,4.0516791343688965,1006045600.0
2008-09-26,3.836088822583504,3.9862649149131086,3.7774314439730583,3.9383561611175537,1126451200.0
2008-09-29,3.673629237211236,3.6754719290491247,3.0892021353922594,3.232621908187866,2622057200.0
2008-09-30,3.324446654339424,3.5317451766804915,3.2645612209517694,3.4905929565429688,1626682400.0
2008-10-01,3.437156217881528,3.450668677217127,3.298035845004512,3.351165771484375,1296484000.0
2008-10-02,3.317075800583169,3.341029968871648,3.0710824425711234,3.074153184890747,1609364400.0
2008-10-03,3.193926009536451,3.270702366413953,2.906779384163597,2.981099843978882,2294398400.0
2008-10-06,2.8241680825973856,3.033615603574462,2.6884263926205527,3.013960838317871,2107417200.0
2008-10-07,3.085823696231289,3.117149047789046,2.731728354832528,2.73817777633667,1878772000.0
2008-10-08,2.6383667301409752,2.9583736817266653,2.6313034886151767,2.7575252056121826,2207741200.0
2008-10-09,2.8668554205370578,2.9420968052616194,2.659556744684551,2.725278377532959,1617383600.0
2008-10-10,2.63191753409209,3.0710829644734328,2.6104198739992435,2.972808122634888,2219299600.0
2008-10-13,3.210817530751729,3.394467984667576,3.1024078712325185,3.3861758708953857,1539076000.0
2008-10-14,3.570440551124609,3.5747401649272708,3.1675141304863,3.196382761001587,1980994400.0
2008-10-15,3.1890119134674486,3.2860589141934504,3.0062826133559537,3.008125305175781,1584175600.0
2008-10-16,3.0640191281095794,3.176421281438584,2.8174116846031643,3.12912654876709,1980521200.0
2008-10-17,3.058798647190238,3.133733144418549,2.637753183290387,2.991234302520752,1762227600.0
2008-10-20,3.0643257548761484,3.072003841935223,2.875761892324828,3.0231733322143555,1549170000.0
2008-10-21,2.977415152819457,3.0065907000575565,2.7995990614350137,2.809733867645264,2193660000.0
2008-10-22,2.990313058782777,3.109470714283941,2.8539573573302075,2.9749577045440674,2248808800.0
2008-10-23,2.963902155695,3.048049699173142,2.822325280230615,3.0167243480682373,1675430400.0
2008-10-24,2.7741083833575924,3.006590141989708,2.7673522571719613,2.959909439086914,1590058400.0
2008-10-27,2.91967871411581,2.998298811887897,2.8210969378259416,2.8281610012054443,1208771200.0
2008-10-28,2.9307351346294546,3.0864395734437555,2.8367604836664757,3.06831955909729,1634133200.0
2008-10-29,3.097493789181834,3.364063685013405,3.0692400052596014,3.2108168601989746,1950978400.0
2008-10-30,3.3238331383501585,3.445448355707794,3.3047923968467208,3.410130500793457,1638089600.0
2008-10-31,3.29834257055517,3.402145693649343,3.228936360015924,3.304177761077881,1659756000.0
2008-11-03,3.2531973594630808,3.3505512578381023,3.2203368463426423,3.284829616546631,1057938000.0
2008-11-04,3.377883286972739,3.433163009320234,3.275923684706627,3.4085946083068848,1398681200.0
2008-11-05,3.3447156843629235,3.3695909942899114,3.1629073534280323,3.172428131103516,1256455200.0
2008-11-06,3.10332945795898,3.1564585611157114,3.009661134127337,3.043443202972412,1319074400.0
2008-11-07,3.0477429634856685,3.0664759730965505,2.939640214985639,3.01703143119812,1095253600.0
2008-11-10,3.076303969943944,3.083367212569313,2.902173471449531,2.944554567337036,1123822000.0
2008-11-11,2.911692848095124,2.9841706170390885,2.833380709061101,2.9104650020599365,1224538000.0
2008-11-12,2.83860117799498,2.8634773110554272,2.764281534233574,2.7676591873168945,1178976400.0
2008-11-13,2.75998219612522,2.961752653121948,2.6417456698543966,2.961752653121948,1854087200.0
2008-11-14,2.8794470677686697,2.8865111302800064,2.763974985797888,2.7713451385498047,1405266800.0
2008-11-17,2.7172941180923003,2.780865756583806,2.6798272807138086,2.7068521976470947,1162526400.0
2008-11-18,2.752919147552409,2.7943786929908523,2.667542928960948,2.7612104415893555,1209695200.0
2008-11-19,2.746776799458748,2.812497425557339,2.6475808096239546,2.6500375270843506,1171900800.0
2008-11-20,2.6177915137302548,2.6549514450055973,2.4568665599054285,2.471915006637573,1716814400.0
2008-11-21,2.5161379241658164,2.5833953625780284,2.430455410774351,2.5361006259918213,1569271200.0
2008-11-24,2.616869240317901,2.911078914055857,2.605506384950912,2.8545713424682617,1442257600.0
2008-11-25,2.9061656867601737,2.908622404167235,2.707466186060832,2.7885429859161377,1235292800.0
2008-11-26,2.7615181511015305,2.925206717122011,2.7593683439169325,2.9175286293029785,899836000.0
2008-11-28,2.9083159970061447,2.9101586891428863,2.8210968760024597,2.845973014831543,297774400.0
2008-12-01,2.8038978355711,2.8336873995406626,2.7308060467699566,2.7311129570007324,923767600.0
2008-12-02,2.764896132085781,2.845358918267609,2.656487284311239,2.8398306369781494,1148722400.0
2008-12-03,2.745548267982987,2.955303540069941,2.7271221671904176,2.9451687335968018,1338680000.0
2008-12-04,2.900023781750729,2.923978163646296,2.7351063265232773,2.807277202606201,1091370000.0
2008-12-05,2.7747232787342173,2.9018661378155906,2.728963715842013,2.886817693710327,1043795200.0
2008-12-08,2.9875493012818426,3.0956510068210217,2.942097266097007,3.062483787536621,1185142000.0
2008-12-09,3.010889819149413,3.1816416145601023,2.985399660184054,3.072924852371216,1203496000.0
2008-12-10,3.005668704525963,3.0554201554926235,2.9635953414570744,3.016110420227051,938047600.0
2008-12-11,2.989699292524771,3.1091640736725403,2.9123080790313205,2.9175286293029785,1040617200.0
2008-12-12,2.849965209349966,3.040371789355829,2.841673095622365,3.017953395843506,1041174400.0
2008-12-15,2.9479329001937065,2.954689028572911,2.856108066072404,2.9098520278930664,891758000.0
2008-12-16,2.886203842954849,2.9629802040003352,2.8484290729345734,2.9307339191436768,1093506400.0
2008-12-17,2.795606289085551,2.7977560962535986,2.703166631028469,2.73817777633667,1293860400.0
2008-12-18,2.74278390919806,2.789464613029683,2.7160650840884544,2.746469497680664,857416000.0
2008-12-19,2.7621320081003367,2.792842719646096,2.7271218871456067,2.763974905014038,801920000.0
2008-12-22,2.764588843487009,2.764895958816237,2.6009002683296707,2.6331467628479004,844740400.0
2008-12-23,2.667849035370951,2.6985597397699044,2.638059471689136,2.6528007984161377,635031600.0
2008-12-24,2.6454311067513867,2.648808965257042,2.5966007956745805,2.6116490364074707,271334000.0
2008-12-26,2.6607857846779672,2.684740158620251,2.617790675672516,2.6352956295013428,308324800.0
2008-12-29,2.657100831243138,2.690883106061265,2.612569930369561,2.659864664077759,686000000.0
2008-12-30,2.684740737008511,2.70408859148339,2.6018210385181915,2.6500375270843506,967601600.0
2008-12-31,2.6402093154346287,2.6945670743677206,2.6208614647831427,2.621168375015259,607541200.0
2009-01-02,2.6374458421466302,2.795914051912469,2.615334361278911,2.787007093429565,746015200.0
2009-01-05,2.861327682665768,2.9537671273832986,2.8472001746736537,2.904629707336426,1181608400.0
2009-01-06,2.946703890410709,2.984170724779009,2.837373310029918,2.8567211627960205,1289310400.0
2009-01-07,2.819561913803795,2.840751643271239,2.771959443646407,2.794992685317993,753048800.0
2009-01-08,2.7771804231361816,2.8607139430568944,2.765202720921347,2.846893548965454,673500800.0
2009-01-09,2.86255632520323,2.867776874921617,2.7682739845539523,2.7817864418029785,546845600.0
2009-01-12,2.7781013384867417,2.794378449942998,2.6887332433353324,2.722822427749634,617716400.0
2009-01-13,2.709924020649694,2.755989886031197,2.651880657138217,2.6936469078063965,798397600.0
2009-01-14,2.6485020437047555,2.6795196683882487,2.6018213314481806,2.6205551624298096,1021664000.0
2009-01-15,2.474371128379308,2.583394793279074,2.4584017495019217,2.560668468475342,1831634000.0
2009-01-16,2.5889223931549603,2.591379110413811,2.4691507124832146,2.5284221172332764,1047625600.0
2009-01-20,2.5161374211892475,2.518287228108172,2.4015862941741943,2.4015862941741943,919914800.0
2009-01-21,2.4381322683991726,2.54531324725614,2.435675551145733,2.5437774658203125,1089270000.0
2009-01-22,2.7037816662110714,2.7639750410340764,2.635603497792547,2.713608741760254,1409528400.0
2009-01-23,2.666314005832724,2.759982336710952,2.656487135300452,2.713608741760254,763770000.0
2009-01-26,2.7289639640054,2.793764475642313,2.711765711318733,2.7529189586639404,692238400.0
2009-01-27,2.7698093813217564,2.811576655871031,2.755989806620722,2.786393404006958,618038400.0
2009-01-28,2.829081086972044,2.9175282347216305,2.810040350231709,2.8929598331451416,861406000.0
2009-01-29,2.858870862558459,2.897259659138279,2.8438226232330823,2.856107234954834,592729200.0
2009-01-30,2.8438226521041643,2.875147182211337,2.764281635550267,2.7679672241210938,651478800.0
2009-02-02,2.736334587083744,2.8253955571839264,2.7301922815456288,2.810347318649292,558247200.0
2009-02-03,2.822939424254338,2.867777443895288,2.772574148552595,2.8554928302764893,599309200.0
2009-02-04,2.8628630294131043,2.955916485549222,2.85917744157098,2.8729968070983887,808421600.0
2009-02-05,2.8490430270095284,2.9866273909641605,2.844436502867096,2.962366104125977,749246400.0
2009-02-06,2.979564099190655,3.071082810138246,2.9789502786802182,3.062483787536621,687209600.0
2009-02-09,3.0710836394244847,3.1632153756934085,3.055727461639652,3.148167133331299,715010800.0
2009-02-10,3.111928195379392,3.148166363289365,2.980793046115578,3.0044403076171875,849060800.0
2009-02-11,2.9596024447958755,3.0191807577793064,2.9411755283570664,2.973421812057495,674973600.0
2009-02-12,2.943018645285884,3.0634051848633908,2.943018645285884,3.048663854598999,817188400.0
2009-02-13,3.040064570171826,3.0692403178988226,3.013346564848692,3.045285940170288,608977600.0
2009-02-17,2.97495780232431,2.9801783523147782,2.895416785930502,2.9030940532684326,678238400.0
2009-02-18,2.9190645991607984,2.943632800627802,2.847508571981587,2.8981809616088867,684779200.0
2009-02-19,2.86747033214057,2.89449545705114,2.7673527811913297,2.783629894256592,922804400.0
2009-02-20,2.745548476760339,2.8376810378983515,2.733263861919355,2.800828218460083,750316000.0
2009-02-23,2.814647366288026,2.8253959926024383,2.6567939849524693,2.670306444168091,786982000.0
2009-02-24,2.6856617444345674,2.791306953569147,2.671842170182414,2.7716519832611084,807105600.0
2009-02-25,2.7596749050278184,2.853649513415596,2.7409410783779142,2.799598455429077,833053200.0
2009-02-26,2.825395690588698,2.853649682347455,2.7320353072205754,2.73909854888916,629868400.0
2009-02-27,2.7004029317337785,2.803898328165154,2.692417933892576,2.742784023284912,706658400.0
2009-03-02,2.706237861287008,2.800827314877452,2.69241767404947,2.700709581375122,770929600.0
2009-03-03,2.731112674854121,2.786699503848327,2.69886639725168,2.713914632797241,724340400.0
2009-03-04,2.7695024185854087,2.849043441832124,2.7470838201467846,2.799906015396118,741403600.0
2009-03-05,2.778100889406928,2.8214029110856345,2.7163727721446587,2.728349447250366,706899200.0
2009-03-06,2.7129940124857077,2.7148369090121363,2.5284218466140382,2.619633436203003,1011147200.0
2009-03-09,2.58523836378287,2.6902687458400725,2.5357940189514143,2.552377223968506,698297600.0
2009-03-10,2.6064278270047763,2.738484963325092,2.5907655596771795,2.7219009399414062,844258800.0
2009-03-11,2.7581393424658684,2.8889675890033257,2.751076100655044,2.8462793827056885,846372800.0
2009-03-12,2.8530351447232705,2.9660512964912216,2.82539518349122,2.958987236022949,768457200.0
2009-03-13,2.9574529440782618,2.985092911564439,2.917835479666768,2.946089267730713,601168400.0
2009-03-16,2.96451601797134,2.9909271127029524,2.892345155307541,2.930426836013794,797244000.0
2009-03-17,2.9248998608828503,3.061562701578516,2.919678490081121,3.0606417655944824,786646000.0
2009-03-18,3.068318503160042,3.177956207439633,3.0624841324008267,3.117763042449951,796037200.0
2009-03-19,3.1278983089031263,3.169357651317468,3.0787608776726225,3.120835065841675,500180800.0
2009-03-20,3.135267979559481,3.1665933306033303,3.0885880933828505,3.119912624359131,695587200.0
2009-03-23,3.1543087921834245,3.3216829359670594,3.1248269542619678,3.30632758140564,666397200.0
2009-03-24,3.266403191431835,3.360992445657949,3.2366142383742127,3.270702600479126,640612000.0
2009-03-25,3.303871153906621,3.3278253287088657,3.189626920516282,3.2703959941864014,646618000.0
2009-03-26,3.3115482415315727,3.3775768054745945,3.303871178570762,3.374199151992798,616252000.0
2009-03-27,3.32383231262231,3.333045360720968,3.267631653132775,3.2814512252807617,492872800.0
2009-03-30,3.2095886254254182,3.224943775476039,3.151238153158739,3.208974599838257,502796000.0
2009-03-31,3.238456969347816,3.2998790147324466,3.224637393543007,3.228322982788086,570080000.0
2009-04-01,3.1966907558417264,3.3474809200803723,3.190548448325367,3.337960958480835,589372000.0
2009-04-02,3.382490173726296,3.524067250137536,3.371434228070897,3.461416959762573,812366800.0
2009-04-03,3.506870458484293,3.566449617214806,3.4862945463265542,3.562150001525879,636241200.0
2009-04-06,3.5299024491588984,3.646910507148904,3.4789221298941984,3.637697458267212,658064400.0
2009-04-07,3.578732533333308,3.5830321469796336,3.5068687924887665,3.531744718551636,536580800.0
2009-04-08,3.5449499454528564,3.586716387011563,3.518845970732876,3.5722827911376958,455630000.0
2009-04-09,3.6367766000088304,3.6852991778638695,3.622648886003224,3.672093629837036,530756800.0
2009-04-13,3.685605090125817,3.7153948581446814,3.654587681223721,3.692054510116577,389236400.0
2009-04-14,3.672093042791457,3.6905199580697223,3.60084394385037,3.633397340774536,454622000.0
2009-04-15,3.599308572270898,3.6315552694815714,3.5550856081850744,3.6128220558166495,412882400.0
2009-04-16,3.6604233750699295,3.782037745667799,3.648138763871154,3.729829788208008,593446000.0
2009-04-17,3.721537515136832,3.8158198518522286,3.692976615399029,3.790329694747925,497495600.0
2009-04-20,3.7384276644452608,3.777123359907924,3.6595006975068416,3.700653314590454,466466000.0
2009-04-21,3.651210731007152,3.7510215903320367,3.64230479493534,3.7393507957458496,470685600.0
2009-04-22,3.766068617114509,3.849602334150103,3.722151541576946,3.731672525405884,938767200.0
2009-04-23,3.888605057260931,3.9064173351126574,3.7930938364927167,3.851137399673462,945156800.0
2009-04-24,3.827797954055963,3.843153309792604,3.776510926484092,3.805071830749512,540764000.0
2009-04-27,3.774361644313133,3.8388542293850976,3.766990465684146,3.830562114715576,480690000.0
2009-04-28,3.788180488402028,3.876013828473746,3.785416860597148,3.805071830749512,455856800.0
2009-04-29,3.8342473043491343,3.895668316119252,3.802921952793998,3.843153238296509,458110800.0
2009-04-30,3.8763191239731194,3.900273699829142,3.836395787624928,3.864342451095581,498489600.0
2009-05-01,3.8634221548081977,3.929450718447138,3.8634221548081977,3.90764594078064,397516000.0
2009-05-04,3.9383560847358376,4.061506439948473,3.921158039345304,4.055978775024414,609358400.0
2009-05-05,4.046150871008603,4.080239844701151,4.026803019719085,4.075633525848389,398255200.0
2009-05-06,4.094673981170567,4.099894530183636,3.999162782273374,4.069183826446533,473538800.0
2009-05-07,4.063963926108107,4.065806618202337,3.927915106754868,3.9635400772094727,531776000.0
2009-05-08,3.9629252562566273,4.03018269456969,3.8775496533096327,3.967532396316528,467964000.0
2009-05-11,3.9116382455223966,4.021889758029482,3.903959953682021,3.979201555252075,404658800.0
2009-05-12,3.9788948548944703,3.983501584458836,3.785109608258457,3.8210408687591553,609481600.0
2009-05-13,3.7838812414052487,3.80875758436888,3.666258524385184,3.6696372032165527,595971600.0
2009-05-14,3.67854134663656,3.793707494839322,3.676084835104952,3.7758944034576416,447826400.0
2009-05-15,3.75654743486518,3.827182716287533,3.734743070940596,3.759618997573853,367567200.0
2009-05-18,3.7998513258344193,3.8910621153981206,3.7335156470147215,3.889526128768921,458841600.0
2009-05-19,3.8947465975009,3.9712162440780663,3.861578560753336,3.9140944480896,372422400.0
2009-05-20,3.9196218333072426,3.968145218963297,3.848065625761231,3.865570783615112,388584000.0
2009-05-21,3.8434592092676487,3.893517349708687,3.774052810076487,3.813669443130493,407946000.0
2009-05-22,3.809678020026019,3.813670518989654,3.7390431400353137,3.762076377868652,297998400.0
2009-05-26,3.831483264496165,4.017898176992399,3.8250338423058414,4.016362190246582,636927200.0
2009-05-27,4.047072961710306,4.145346982518004,4.020353931957718,4.086075782775879,646422000.0
2009-05-28,4.098359549484735,4.157939100215795,4.054750405084016,4.148111820220947,487552800.0
2009-05-29,4.157939444982601,4.173601507196821,4.110644502865757,4.170837879180908,456534400.0
2009-06-01,4.1911058047290926,4.299207490262889,4.176671389612149,4.279552936553955,452499600.0
2009-06-02,4.268499060329285,4.340668707185169,4.248843267947471,4.283854007720947,456223600.0
2009-06-03,4.299516411708952,4.333605394855643,4.270955504759185,4.328691959381104,565199600.0
2009-06-04,4.303508125849976,4.427886947346383,4.300744498289677,4.414373874664307,550634000.0
2009-06-05,4.46258906667855,4.49606339483175,4.398096512011556,4.442934513092041,632716000.0
2009-06-08,4.416830853335835,4.42942175907751,4.282010122835117,4.417751789093018,931652400.0
2009-06-09,4.416524786430885,4.43955802877583,4.316407637627514,4.383050441741943,676964400.0
2009-06-10,4.369536933084872,4.371686740225655,4.2473079116025545,4.307193756103516,688623600.0
2009-06-11,4.285696449721624,4.347424575230975,4.254984919533437,4.297979831695557,524823600.0
2009-06-12,4.262968992750681,4.27187492453979,4.177899712715927,4.206461429595947,563085600.0
2009-06-15,4.176979694429646,4.205233482212363,4.142583600592519,4.179436206817627,539750400.0
2009-06-16,4.196941075519889,4.252527711323415,4.179743029804095,4.1874213218688965,514805200.0
2009-06-17,4.197248350345813,4.2212033431932525,4.131527727830656,4.163774013519287,571412800.0
2009-06-18,4.180050225824169,4.238093784998757,4.164081050958647,4.17298698425293,427680400.0
2009-06-19,4.240241776108249,4.284158837579504,4.2043109395569385,4.283545017242432,721856800.0
2009-06-22,4.320092107729415,4.347424136738781,4.186806950392628,4.218745708465576,634914000.0
2009-06-23,4.188957897081004,4.2058480114752905,4.080855342476884,4.11555814743042,706532400.0
2009-06-24,4.158860769882889,4.222738703574464,4.141662722723462,4.183428764343262,485525600.0
2009-06-25,4.168995031054856,4.305658481494064,4.15241162344496,4.2952165603637695,589447600.0
2009-06-26,4.293065357914793,4.408845338501129,4.291529781777016,4.374449253082275,439384400.0
2009-06-29,4.4057743369321125,4.420822574963899,4.34680984587154,4.360015392303467,567616000.0
2009-06-30,4.37874985307823,4.416216689182612,4.354795679997869,4.374143123626709,434224000.0
2009-07-01,4.407003650590625,4.4426286150650265,4.376907171504717,4.38642692565918,414178800.0
2009-07-02,4.337904183724106,4.38642675874512,4.293066172065146,4.300129413604736,370479200.0
2009-07-06,4.259591459094246,4.268498623376559,4.184350256414851,4.256827831268311,498688400.0
2009-07-07,4.252836487411136,4.289689515484405,4.1514908652266005,4.158246994018555,461596800.0
2009-07-08,4.174215639547422,4.239322026892224,4.128148758887646,4.214138984680176,575929200.0
2009-07-09,4.230722764719179,4.237786005182829,4.174521906080511,4.187727451324463,343025200.0
2009-07-10,4.187114585859312,4.267883451939512,4.18649953517361,4.254064083099365,445275600.0
2009-07-13,4.2853891287708725,4.371379375457764,4.223660994411236,4.371379375457764,483501200.0
2009-07-14,4.361858416835412,4.397175441773912,4.335140209177195,4.369228363037109,347247600.0
2009-07-15,4.454297158283852,4.514490512732409,4.432185681986055,4.510805130004883,485587200.0
2009-07-16,4.476411123210385,4.545817966706417,4.470576341216136,4.53046178817749,393570800.0
2009-07-17,4.578369295685016,4.668659123243769,4.564549110318612,4.660367012023926,602154000.0
2009-07-20,4.707049031224995,4.76140721219127,4.63395722596976,4.695992469787598,735526400.0
2009-07-21,4.707662649307182,4.7119618531487095,4.598945891486831,4.65299654006958,874781600.0
2009-07-22,4.845859691159443,4.874728520373349,4.794265566920651,4.813613414764404,874104000.0
2009-07-23,4.810238678705061,4.865824516601036,4.777377740545526,4.846784591674805,526962800.0
2009-07-24,4.820064507967294,4.913732627671064,4.80624472900347,4.913425922393799,438362400.0
2009-07-27,4.9189522130667545,4.940756985841057,4.82958413528125,4.916802406311035,433311200.0
2009-07-28,4.879335961109186,4.916802794566305,4.840025615934168,4.913732051849365,363554800.0
2009-07-29,4.879949556102829,4.92755118743765,4.859987475856952,4.914652347564697,382158000.0
2009-07-30,4.965941191161236,5.058687558459864,4.959798884704185,4.999416351318359,469604800.0
2009-07-31,5.005558155927726,5.067287109643983,5.00310123318871,5.017842769622803,422536800.0
2009-08-03,5.073735602566116,5.117652681997813,5.063294092027695,5.111203670501709,394240000.0
2009-08-04,5.065135329758994,5.084790293983155,5.043023853786278,5.084176063537598,395810800.0
2009-08-05,5.090318483622546,5.140683741167626,5.043023968341331,5.070663928985596,423183600.0
2009-08-06,5.085099214099855,5.113660942258967,5.008629950522129,5.033812999725342,341616800.0
2009-08-07,5.082333910541166,5.116422883813086,5.061143367958528,5.082947731018066,387354800.0
2009-08-10,5.087555089326309,5.116422692142816,5.026132860632828,5.058686256408691,300294400.0
2009-08-11,5.027054893631706,5.048245850079756,4.971469072538394,5.000644207000732,355342400.0
2009-08-12,4.992044904494204,5.119802411712647,4.989281276771282,5.076807498931885,445071200.0
2009-08-13,5.117960679287119,5.17999675268781,5.113353948829029,5.172318458557129,439980800.0
2009-08-14,5.157576681341412,5.166482615737831,5.083563938142001,5.121952533721924,305816000.0
2009-08-17,5.0227565233791,5.023985394860322,4.895920749176186,4.901142120361328,524381200.0
2009-08-18,4.963791106900835,5.043946151523326,4.957034980208908,5.036575794219971,431152400.0
2009-08-19,4.998187046027675,5.076499396386603,4.988973997175825,5.055001735687256,413271600.0
2009-08-20,5.06667119448481,5.120108426224889,5.055308750662112,5.108130931854248,342031200.0
2009-08-21,5.148671542924253,5.201494566954039,5.122567146282021,5.196887016296387,416074400.0
2009-08-24,5.2245261366623525,5.242645940690423,5.167711442133299,5.191972732543945,406929600.0
2009-08-25,5.20425625050733,5.249708078574607,5.194121446996799,5.202413558959961,324354800.0
2009-08-26,5.1876734548275545,5.207021311367973,5.121338180994023,5.141300678253174,303998800.0
2009-08-27,5.182451317254063,5.207633537522932,5.062065010111513,5.203948974609375,449181600.0
2009-08-28,5.290555684432764,5.297311812750156,5.1756974026982645,5.222377300262451,453700800.0
2009-08-31,5.164331342420118,5.185521883808217,5.1133518530473925,5.165867328643799,311337600.0
2009-09-01,5.159109899348992,5.220838821387865,5.065441818160783,5.076497554779053,469028000.0
2009-09-02,5.05561736831612,5.147442399691238,5.039954485137223,5.072815418243408,364249200.0
2009-09-03,5.111511285909386,5.131780079973296,5.067287493326265,5.114889144897461,293955200.0
2009-09-04,5.137306571679298,5.242337525736458,5.131471381998221,5.23036003112793,374628800.0
2009-09-08,5.312359017149396,5.317272452228035,5.282262535903295,5.310823440551758,315047600.0
2009-09-09,5.306217983628864,5.358119254977842,5.211628492692984,5.255852699279785,811087200.0
2009-09-10,5.284105055629578,5.320650957394854,5.245716462007184,5.299460411071777,491134000.0
2009-09-11,5.3102088929207945,5.3185010060530455,5.247559011612244,5.28717565536499,348961200.0
2009-09-14,5.246330766302404,5.340613124848835,5.228518896775589,5.335085868835449,322011200.0
2009-09-15,5.344911182301641,5.394355507185764,5.331091816193059,5.379307270050049,426470800.0
2009-09-16,5.4662207675391805,5.612404386198822,5.462842498866423,5.585378646850586,754023200.0
2009-09-17,5.588756949250529,5.736475314565667,5.588449833937322,5.667683124542236,810572000.0
2009-09-18,5.706992913210095,5.72910439351841,5.674131577929352,5.682116985321045,601582800.0
2009-09-21,5.659699833414548,5.6864176397492905,5.577702082106856,5.651407718658447,437715600.0
2009-09-22,5.68733873073789,5.693173511887061,5.615474974691004,5.665533542633057,356753600.0
2009-09-23,5.693786709950215,5.801274586410452,5.682423035755043,5.696857452392578,593563600.0
2009-09-24,5.749066247388848,5.76442160198719,5.613017863052263,5.645264148712158,550880400.0
2009-09-25,5.589677063727723,5.696857832083871,5.57217190348112,5.600732803344727,445239200.0
2009-09-28,5.6468000000586205,5.733097351323151,5.6302161834824185,5.716820240020752,337444800.0
2009-09-29,5.734633086343671,5.755208580948449,5.660312415267765,5.693172931671143,345385600.0
2009-09-30,5.716205374992137,5.72603306303941,5.608103676708127,5.692251205444336,539585200.0
2009-10-01,5.692252850887279,5.7189706553879,5.549446677872057,5.554361343383789,524711600.0
2009-10-02,5.571252019244328,5.710371571636998,5.569409327288076,5.678431987762451,553308000.0
2009-10-05,5.718356168008931,5.738624958034804,5.659083734318405,5.712827682495117,423133200.0
2009-10-06,5.765650740406811,5.835363864898682,5.752138486971851,5.835363864898682,605085600.0
2009-10-07,5.827687049884889,5.851948340091249,5.805267631530461,5.842735290527344,465668000.0
2009-10-08,5.855327448989403,5.879588740978878,5.80096844340153,5.812639236450195,438211200.0
2009-10-09,5.803424990797399,5.856553883936256,5.792676366057934,5.849490642547607,293272000.0
2009-10-12,5.866383275434332,5.881431517398633,5.824002177629694,5.859933853149414,288024800.0
2009-10-13,5.8544055940481945,5.8709894122290205,5.82584468774617,5.835672378540039,348020400.0
2009-10-14,5.904157116514557,5.906306513866615,5.842121867833722,5.874675273895264,375510800.0
2009-10-15,5.823693965737355,5.863310607926612,5.8206232228803785,5.852254867553711,373556400.0
2009-10-16,5.815095452326054,5.846113280267134,5.76872185804403,5.775171279907227,431426800.0
2009-10-19,5.769028075301361,5.835055800733914,5.698393211304812,5.830756187438965,942230800.0
2009-10-20,6.160592343840116,6.195909373625316,6.076136865517107,6.10408353805542,1141039200.0
2009-10-21,6.127424371999406,6.40965761746708,6.1185184375367125,6.293262958526611,1193726800.0
2009-10-22,6.286505931021458,6.383245201459169,6.219249729721006,6.30186128616333,791392000.0
2009-10-23,6.317216875472223,6.32028761818877,6.241360632641248,6.26316499710083,420786800.0
2009-10-26,6.25487485477394,6.349463910471041,6.145237148820042,6.218328952789307,484338400.0
2009-10-27,6.193145297306783,6.228462324533671,6.033141106082488,6.06139612197876,756551600.0
2009-10-28,6.071838100866385,6.081359086636583,5.868839777345609,5.908764362335205,818386800.0
2009-10-29,5.988612393099284,6.0441994515617,5.900779452883924,6.03007173538208,570270400.0
2009-10-30,6.021165307162951,6.043891021207881,5.778856645510532,5.788991451263428,717525200.0
2009-11-02,5.828915811445969,5.92350488130631,5.699009295558212,5.813867568969727,678983200.0
2009-11-03,5.769029856732162,5.820316066704521,5.709757418073449,5.796669006347656,522541600.0
2009-11-04,5.857477340408048,5.953294458404231,5.842121983096845,5.859933853149414,487530400.0
2009-11-05,5.90876226626156,5.988610177813993,5.890949582493049,5.958820819854736,384801200.0
2009-11-06,5.912142784306566,5.99444724476146,5.908764925208953,5.968343257904053,295097600.0
2009-11-09,6.048189485589236,6.200515388297162,6.027306876088698,6.187003135681152,528855600.0
2009-11-10,6.173491166633997,6.2951055541792975,6.17318405131123,6.233684539794922,401195200.0
2009-11-11,6.282207138433822,6.295720212673813,6.198366295216393,6.241976261138916,443870000.0
2009-11-12,6.238597478117911,6.291727194624236,6.186082402241984,6.203280448913574,363731200.0
2009-11-13,6.230304278632317,6.290497636503345,6.205735879119259,6.278827667236328,343240800.0
2009-11-16,6.310460140656813,6.38785155242019,6.296026542314706,6.345777988433838,485206400.0
2009-11-17,6.3288872309595705,6.370653270769742,6.295719599305881,6.357141017913818,396513600.0
2009-11-18,6.343013652300586,6.357140133779265,6.265007608647144,6.32520055770874,374320800.0
2009-11-19,6.283742189271612,6.283742189271612,6.136023011233229,6.157827377319336,542326400.0
2009-11-20,6.116060035628074,6.154141504402392,6.0733718383648405,6.139707088470459,406666400.0
2009-11-23,6.234297693024391,6.326430229822678,6.232761706541174,6.322744846343994,474896800.0
2009-11-24,6.3058526109284045,6.322743949476375,6.231226066273248,6.278520584106445,318438400.0
2009-11-25,6.3080032253216745,6.315681517496669,6.25763795861021,6.270843505859375,286454000.0
2009-11-27,6.118209663933212,6.233067895037613,6.092105688241454,6.160284042358398,295257200.0
2009-11-30,6.176253560281124,6.193758720146918,6.104390639283305,6.139400959014893,424858000.0
2009-12-01,6.210957015216568,6.2272341247269045,6.044811752439053,6.049111366271973,465763200.0
2009-12-02,6.110224766499999,6.185773477667686,6.011643231709936,6.026384353637695,715260000.0
2009-12-03,6.062931836992432,6.110841418388016,6.027614804181186,6.034063816070557,448719600.0
2009-12-04,6.132952497843177,6.138479753345409,5.843656026863085,5.937017440795898,826884800.0
2009-12-07,5.937017114758003,5.9508368928898205,5.794518489242572,5.802810192108154,714758800.0
2009-12-08,5.815401279242099,5.907227101481544,5.795132492230261,5.831063747406006,690398800.0
2009-12-09,5.874367459061673,6.0856578679951925,5.844577684581102,6.074602127075195,684782000.0
2009-12-10,6.126810274689087,6.132952580961014,6.023007758896294,6.032527923583984,489669600.0
2009-12-11,6.073988374705513,6.080745322877562,5.940396469062516,5.978477954864502,429774800.0
2009-12-14,5.999974117335869,6.063238227551492,5.913676770181675,6.049418449401856,495790400.0
2009-12-15,6.014101254502214,6.065695392192201,5.935481381812467,5.963120937347412,419459600.0
2009-12-16,5.991680846827057,6.03467615946782,5.97478991901112,5.98953104019165,352984800.0
2009-12-17,5.965885524058471,5.988611647167531,5.865768392307582,5.892179489135742,388838800.0
2009-12-18,5.932410272896986,6.003966079594228,5.914904292728676,6.001816272735596,608770400.0
2009-12-21,6.020858093287299,6.1344878840150505,6.009187301857198,6.0878071784973145,611906400.0
2009-12-22,6.124966393400108,6.1682684141069855,6.101011813625129,6.153220176696777,349515600.0
2009-12-23,6.179016970310955,6.215256159847476,6.167040295605166,6.2066569328308105,345525600.0
2009-12-24,6.251188552885607,6.429311728693649,6.24504624715761,6.419790744781494,500889200.0
2009-12-28,6.502097417262723,6.5705816765213365,6.437296901875716,6.498718738555908,644565600.0
2009-12-29,6.530042886233932,6.532806923728485,6.410270388339158,6.421633243560791,445205600.0
2009-12-30,6.413341213606845,6.510695117588319,6.397372039055875,6.499638557434082,412084400.0
2009-12-31,6.545398524893732,6.552155061285549,6.466471535360747,6.471692085266113,352410800.0
2010-01-04,6.554611182345154,6.587471696403722,6.522364898830998,6.572423458099365,493729600.0
2010-01-05,6.590543023326106,6.620946614119076,6.54908287309562,6.583786487579346,601904800.0
2010-01-06,6.583788337872892,6.6098927323788805,6.472307926923489,6.479064464569092,552160000.0
2010-01-07,6.503019358416899,6.5106972429513945,6.420099845579893,6.467087268829346,477131200.0
2010-01-08,6.458487147618259,6.510695931871605,6.420406488131134,6.5100812911987305,447610800.0
2010-01-11,6.535264011002785,6.541406317086746,6.401672133946917,6.452652454376221,462229600.0
2010-01-12,6.424396671178494,6.442209766734135,6.339328202250425,6.379251956939697,594459600.0
2010-01-13,6.383859295210088,6.4778336937621,6.268079303343464,6.469234466552734,605892000.0
2010-01-14,6.452651300635496,6.463399924326778,6.419176148497087,6.431767463684082,432894000.0
2010-01-15,6.477834701145271,6.498411426596187,6.322438046999141,6.324280738830566,594067600.0
2010-01-19,6.397985518779749,6.608661656502171,6.364511187166826,6.604054927825928,730007600.0
2010-01-20,6.6000635300981925,6.619718499026956,6.433918255143233,6.502403736114502,612152800.0
2010-01-21,6.513151996910431,6.550925946138532,6.3635897262247765,6.390000820159912,608154400.0
2010-01-22,6.35038570674606,6.372497190664671,6.054947726838023,6.073066711425781,881767600.0
2010-01-25,6.219250715113177,6.286506927069857,6.148001593544398,6.236448764801025,1065699600.0
2010-01-26,6.324894937264124,6.563211082476855,6.221399540128299,6.324587821960449,1867110000.0
2010-01-27,6.352533778015256,6.467084903129204,6.127730321486377,6.384166240692139,1722568400.0
2010-01-28,6.293569627170582,6.311074377245199,6.102240917007607,6.120359897613525,1173502400.0
2010-01-29,6.175332483858474,6.20972857228374,5.842734043951154,5.89832067489624,1245952400.0
2010-02-01,5.907841455648593,6.019321844452872,5.87498094005845,5.980319023132324,749876400.0
2010-02-02,6.016557787351572,6.029149103166175,5.9388592655443375,6.015021800994873,698342400.0
2010-02-03,5.993832401526872,6.1483081288249295,5.97079916232084,6.118518352508545,615328000.0
2010-02-04,6.041739909735852,6.092105992234666,5.883272536145098,5.898014068603516,757652000.0
2010-02-05,5.915827767444603,6.019323181793404,5.861162054366193,6.002738952636719,850306800.0
2010-02-08,6.009801321899122,6.077057925497682,5.957899661642565,5.96158504486084,478270800.0
2010-02-09,6.032220693674376,6.065388326845095,5.980933667379489,6.025157451629639,632886800.0
2010-02-10,6.015943276299112,6.037748872074633,5.965885123815792,5.99229621887207,370361600.0
2010-02-11,5.984927365669109,6.134489270248831,5.959744315420113,6.101321220397949,550345600.0
2010-02-12,6.084122301523394,6.19253196124762,6.003967251743028,6.153836250305176,655468800.0
2010-02-16,6.201745441199041,6.255489396784301,6.188847006668054,6.246583461761475,543737600.0
2010-02-17,6.270843803802932,6.274529187405826,6.168576458991499,6.220478534698486,436396800.0
2010-02-18,6.192223590996789,6.261630829612684,6.170419224486808,6.232148170471191,422825200.0
2010-02-19,6.199287481669471,6.240439698432584,6.176253836036439,6.193451881408691,415469600.0
2010-02-22,6.214029426537752,6.218942861555436,6.117290152255667,6.155064105987549,390563600.0
2010-02-23,6.142164956564843,6.183010468724981,6.010415781754717,6.051875114440918,575094800.0
2010-02-24,6.087808208057288,6.186390185829356,6.075830709335446,6.162436008453369,460566400.0
2010-02-25,6.061703535852121,6.229998629239297,6.0466552953521004,6.203587532043457,665126000.0
2010-02-26,6.215257793710446,6.300940920982271,6.203587821153746,6.284049987792969,507460800.0
2010-03-01,6.318752565583916,6.433918343063646,6.309539516603103,6.4182562828063965,550093600.0
2010-03-02,6.447123864365306,6.474763831261327,6.379867253971239,6.413956642150879,566546400.0
2010-03-03,6.4167199563682615,6.445280857733032,6.3860092480139645,6.428696632385254,372052800.0
2010-03-04,6.427160651354748,6.477525908234536,6.407197751650686,6.471076488494873,366041200.0
2010-03-05,6.600985039881088,6.747168635193825,6.591464466051115,6.724135398864746,899620400.0
2010-03-08,6.756688858062485,6.7591453703289055,6.702637797559745,6.728127956390381,429889600.0
2010-03-09,6.704480698478046,6.9099359118363175,6.691582266033391,6.849128723144531,920259200.0
2010-03-10,6.874005203759559,6.924678001746721,6.85465734852318,6.905022621154785,596218000.0
2010-03-11,6.876460830936523,6.925290107727051,6.8583410303667645,6.925290107727051,405700400.0
2010-03-12,6.982721626711094,6.993777779686342,6.932970578457917,6.959074974060059,416323600.0
2010-03-15,6.9216069308281325,6.925291494665316,6.764060049168101,6.874312400817871,493502800.0
2010-03-16,6.884753721891809,6.909322127178374,6.833466694066389,6.893045425415039,446908000.0
2010-03-17,6.906864902057884,6.954466543994784,6.856806747726987,6.88291072845459,450956800.0
2010-03-18,6.882295812793705,6.909936190648472,6.8365372718137545,6.8991875648498535,342109600.0
2010-03-19,6.903487061947404,6.917306840606308,6.794156063791945,6.825481414794922,559445600.0
2010-03-22,6.770816330082191,6.940647398012301,6.760988640636459,6.902258396148682,456419600.0
2010-03-23,6.929590741995429,7.026023308925651,6.882295804457693,7.013124465942383,602431200.0
2010-03-24,6.991012531307468,7.069632405220282,6.98701962251346,7.044142246246338,597780400.0
2010-03-25,7.09174286813855,7.093278854398109,6.948322918879689,6.960607528686523,542284400.0
2010-03-26,7.031244480008573,7.123376609933213,7.018959867991598,7.09113073348999,640875200.0
2010-03-29,7.155623424534322,7.182341226010834,7.113242332443894,7.136888980865479,540744400.0
2010-03-30,7.266183477881381,7.2932096315476675,7.19401259307876,7.243150234222412,527310000.0
2010-03-31,7.232093892003566,7.26648998998726,7.200461422043738,7.217044830322266,430659600.0
2010-04-01,7.291058544694597,7.33159613022613,7.147946073747346,7.246834754943848,603145200.0
2010-04-05,7.216429411197258,7.324838225717272,7.209979580823947,7.32422399520874,684507600.0
2010-04-06,7.315318909775133,7.377968788763686,7.278465895064067,7.356471538543701,447017200.0
2010-04-07,7.356777090480549,7.429562172656491,7.32944424400515,7.389023780822754,628502000.0
2010-04-08,7.384110661992009,7.417892521825887,7.310404636887646,7.369062423706055,572989200.0
2010-04-09,7.414515633648836,7.428642938000817,7.384725858418671,7.425570964813232,334182800.0
2010-04-12,7.438163057363416,7.464881682256716,7.426185968981641,7.440927505493164,333026400.0
2010-04-13,7.427719945357513,7.4565879598115234,7.40468589075879,7.445224285125732,306210800.0
2010-04-14,7.532754461625735,7.549031168104421,7.495594727613807,7.545345783233643,404076400.0
2010-04-15,7.548107263203046,7.647917691538264,7.539815559638035,7.644539833068848,376784800.0
2010-04-16,7.633790646009158,7.712718055434817,7.510333564062189,7.597859382629394,750545600.0
2010-04-19,7.586495747642146,7.612906843151889,7.424956381474479,7.587724208831787,566924400.0
2010-04-20,7.632869068215637,7.654673844700126,7.46150282943804,7.511561393737793,738326400.0
2010-04-21,7.947961886653799,7.992493194994804,7.8536795399878,7.960860729217529,982391200.0
2010-04-22,7.930764835682713,8.19211382404264,7.8681141300994755,8.183514595031738,793424800.0
2010-04-23,8.230192334248349,8.358870750245126,8.199789155430512,8.317411422729492,796955600.0
2010-04-26,8.349657332290315,8.367469194570447,8.236333868903252,8.276565551757812,479068800.0
2010-04-27,8.208085864470014,8.225591033887294,8.000788280357327,8.047468185424805,709343600.0
2010-04-28,8.08462358904254,8.107656001432174,7.874561689931609,8.033950805664062,758402400.0
2010-04-29,8.077561826371888,8.291923399724608,8.046544409095658,8.250157356262207,558840800.0
2010-04-30,8.270730782137411,8.309426482774601,8.01552498520624,8.018288612365723,542463600.0
2010-05-03,8.102743808851063,8.226815915591347,8.073260743438944,8.179827690124512,454342000.0
2010-05-04,8.073570305450325,8.085854097822349,7.885005604840224,7.944276809692383,723819600.0
2010-05-05,7.770761100983148,7.927693333214266,7.638703978621999,7.861664772033691,883103200.0
2010-05-06,7.795328154006522,7.931069816464345,6.119131225135367,7.562540531158447,1285860800.0
2010-05-07,7.484536916749024,7.572369443195951,6.916385842580969,7.24345588684082,1676018400.0
2010-05-10,7.685385989996328,7.820513468310455,7.632562968071728,7.800243854522705,984306400.0
2010-05-11,7.734215989400196,7.981438520492821,7.693064171839479,7.877943515777588,848906800.0
2010-05-12,7.961473166919459,8.080938953516876,7.944890582927461,8.048999786376953,654379600.0
2010-05-13,8.083705065898407,8.13837077920254,7.874257313497926,7.934451103210449,599712400.0
2010-05-14,7.836174642207622,7.876713042993037,7.662351477372834,7.795022010803223,759362800.0
2010-05-17,7.822049734848797,7.867501989748597,7.607380600611168,7.807308197021484,762834800.0
2010-05-18,7.892068038006846,7.94028390678872,7.685690670513392,7.750184059143066,782678400.0
2010-05-19,7.662351660873699,7.767382639032675,7.519546728843906,7.626727104187012,1025726800.0
2010-05-20,7.428334815568389,7.488836123814618,7.254204938809399,7.301807403564453,1282915200.0
2010-05-21,7.150095396572939,7.508798736306017,7.104950671288923,7.441849231719971,1223891200.0
2010-05-24,7.594172718868192,7.705345988991255,7.5628477806671635,7.578202724456787,754238800.0
2010-05-25,7.350634677024275,7.578201737304721,7.283378490259757,7.53090763092041,1048006400.0
2010-05-26,7.680163144408763,7.743120544384482,7.485762869645582,7.496819019317627,850654000.0
2010-05-27,7.6961311301619615,7.797169987786374,7.650372192296039,7.780585765838623,666282400.0
2010-05-28,7.966080821888114,7.96638752710429,7.780586491225979,7.888996124267578,815614800.0
2010-06-01,7.975296028638764,8.16723861128362,7.9528770182082065,8.010306358337402,876472800.0
2010-06-02,8.124242497985009,8.132227496283438,7.994949818850926,8.106123924255371,688548000.0
2010-06-03,8.143896454306134,8.155260130306388,7.997406148231402,8.080633163452148,650106800.0
2010-06-04,7.929840970997941,8.043163624377591,7.819896995293646,7.860742092132568,758304400.0
2010-06-07,7.932301782789511,7.958712886326629,7.694599390752052,7.706577301025391,886942000.0
2010-06-08,7.77720993073,7.794408387592338,7.544114747624225,7.657130718231201,1000770400.0
2010-06-09,7.72285304370493,7.736059413894528,7.447070017738069,7.468873977661133,854630000.0
2010-06-10,7.51923684158069,7.707800666488416,7.438160063535715,7.6933674812316895,776356000.0
2010-06-11,7.623349769289855,7.796252014245218,7.596938670294733,7.785503387451172,545759200.0
2010-06-14,7.860744776862931,7.958711701694324,7.800858514681338,7.809150218963623,602960400.0
2010-06-15,7.850915296993871,7.980207957560228,7.846615683142954,7.97529411315918,585074000.0
2010-06-16,8.018597699516322,8.222824886863721,8.00416368880907,8.207469940185547,783678000.0
2010-06-17,8.310347705845782,8.380983387298699,8.276565851273006,8.349350929260254,872855200.0
2010-06-18,8.361024443823206,8.445479940283622,8.33553427820381,8.41691780090332,784621600.0
2010-06-21,8.52808791331881,8.568626306832027,8.252919205916909,8.29714298248291,776490400.0
2010-06-22,8.35825786204996,8.475265906176348,8.337989074905018,8.41015911102295,717262000.0
2010-06-23,8.43258099812839,8.435037921054764,8.227432034114864,8.321714401245117,768457200.0
2010-06-24,8.322635826527488,8.390200390906589,8.233574825414486,8.261215209960938,714277200.0
2010-06-25,8.29376757654152,8.300216588756651,8.163245605005375,8.19057846069336,549942400.0
2010-06-28,8.197640237763897,8.284245929553405,8.123627502976886,8.239714622497559,584948000.0
2010-06-29,8.111344244884515,8.11963676913941,7.809764360120185,7.867193698883057,1133344800.0
2010-06-30,7.883774900378039,7.922470602510019,7.678013419630977,7.724693298339844,739452000.0
2010-07-01,7.809761319494624,7.8251170805921,7.469485854248027,7.631024360656738,1022896000.0
2010-07-02,7.692754368537104,7.706268261705223,7.468872646923577,7.5837321281433105,693842800.0
2010-07-06,7.70841774483627,7.763696858911712,7.559777219340333,7.63563346862793,615235600.0
2010-07-07,7.692753743387288,7.947040268846335,7.670028853336348,7.943968296051025,654556000.0
2010-07-08,8.060976771951042,8.073875612779268,7.827881621707906,7.926156044006348,738144400.0
2010-07-09,7.889304708672896,7.981744370738985,7.836174987888348,7.973145961761475,433322400.0
2010-07-12,7.939670873952208,8.04163070192808,7.826962419605762,7.901589393615723,562878400.0
2010-07-13,7.871800111530559,7.874256213968065,7.56806921734479,7.732986450195312,1190924000.0
2010-07-14,7.658669029178681,7.855831371859256,7.646997824126607,7.76154899597168,812047600.0
2010-07-15,7.623350802310104,7.891763083499629,7.594789482045309,7.72223949432373,824866000.0
2010-07-16,7.775368211989011,7.830340627666577,7.628877885329181,7.674636840820312,1039858400.0
2010-07-19,7.674020679856095,7.674020679856095,7.358313570821297,7.541963577270508,1024478000.0
2010-07-20,7.45965957849431,7.766767477941741,7.370905312727184,7.735749244689941,1074950800.0
2010-07-21,8.141135245044055,8.142977937369785,7.800552890883275,7.807922840118408,1185671200.0
2010-07-22,7.913564061423146,7.9848131550956225,7.840778981557342,7.954716682434082,645318800.0
2010-07-23,7.8954486937603185,7.996487606353105,7.870572757339067,7.982974529266357,533388800.0
2010-07-26,7.984816143414949,7.987887296883605,7.91448877915191,7.962704658508301,420551600.0
2010-07-27,8.01153309567963,8.132226531559107,7.994027934597359,8.110115051269531,584771600.0
2010-07-28,8.097524504787012,8.16877361702285,7.992493528304919,8.014297485351562,519985200.0
2010-07-29,8.006618054875382,8.066196770689656,7.86504162099042,7.926769733428955,643806800.0
2010-07-30,7.858594541920118,7.975601785605893,7.82818971596768,7.900360584259033,448210000.0
2010-08-02,7.998330610938631,8.064358371838939,7.973147968179808,8.041632652282715,428055600.0
2010-08-03,8.01583552146647,8.084934434152396,7.967005404483669,8.044089317321777,417653600.0
2010-08-04,8.072033432077959,8.116256391867108,7.994335317102203,8.076333045959473,420375200.0
2010-08-05,8.037946387726421,8.082477705865683,8.001707594522232,8.037025451660156,289097200.0
2010-08-06,7.97805883767027,8.030575146894284,7.912030274552784,7.987579822540283,444897600.0
2010-08-09,8.030268342117788,8.050845482358314,7.971611355429437,8.03856086730957,303128000.0
2010-08-10,7.9802122026738,7.998639128980025,7.909576471901199,7.966699123382568,451920000.0
2010-08-11,7.843547922642464,7.852453858506196,7.671874117886518,7.683543682098389,620054400.0
2010-08-12,7.5760566483620755,7.772913116927189,7.558551479925669,7.732682228088379,534920400.0
2010-08-13,7.728380161236033,7.735443403432455,7.649760280895741,7.650067806243896,354869200.0
2010-08-16,7.603387639403673,7.678015435999839,7.573904567128059,7.605230331420898,318430000.0
2010-08-17,7.680163779761706,7.819898368329217,7.653137633883149,7.7382073402404785,422640400.0
2010-08-18,7.750185387070634,7.821126978624004,7.726230391164344,7.771989345550537,339696000.0
2010-08-19,7.764927803083596,7.784583188643605,7.637171077214828,7.674024105072021,426706000.0
2010-08-20,7.658972823351622,7.798092353795161,7.646994917491949,7.666650295257568,384230000.0
2010-08-23,7.732681648372957,7.739130661502516,7.531833104546409,7.548723220825195,414041600.0
2010-08-24,7.452597167092327,7.462730742361475,7.329139270963075,7.368449211120605,602565600.0
2010-08-25,7.310406665922515,7.493136613075497,7.2846097959962,7.459353923797607,596867600.0
2010-08-26,7.537973006613352,7.547186466337346,7.379198074340819,7.37919807434082,466505200.0
2010-08-27,7.424343937862512,7.450755036811927,7.234243234311538,7.420351028442383,548391200.0
2010-08-30,7.393937583098946,7.547185234593815,7.391480660906865,7.4473748207092285,383289200.0
2010-08-31,7.4274141398986355,7.510641164763731,7.381348480236932,7.465803146362305,420786800.0
2010-09-01,7.600008079569056,7.722544214271631,7.563462588899104,7.687841415405273,697037600.0
2010-09-02,7.716403820938735,7.744350910186768,7.633791834769298,7.744350910186768,415427600.0
2010-09-03,7.834023653457697,7.9473463094004,7.815904263912704,7.947039604187012,520788800.0
2010-09-07,7.881626590224423,7.970380861146169,7.869649503640433,7.917558670043945,342557600.0
2010-09-08,7.978057987954772,8.119635263913246,7.957174148602831,8.074490547180176,526551200.0
2010-09-09,8.13959631373361,8.185047729945653,8.074489521804004,8.079095840454102,438575200.0
2010-09-10,8.082782038134788,8.123013729328271,8.0278096337347,8.08953857421875,387542400.0
2010-09-13,8.163553938702783,8.239102680964427,8.161712066516953,8.201021194458008,388780000.0
2010-09-14,8.175528576361666,8.266432240072179,8.15433803183461,8.232343673706055,408150400.0
2010-09-15,8.235723712135869,8.303594970896055,8.225588496072929,8.298680305480957,429368800.0
2010-09-16,8.299294691203759,8.496764504841673,8.276568158292854,8.493693351745605,652103200.0
2010-09-17,8.528091686501114,8.536384212072559,8.404942105304132,8.456843376159668,634477200.0
2010-09-20,8.478645880158215,8.71511976958524,8.4715826374308,8.69822883605957,658677600.0
2010-09-21,8.71757672682935,8.824757109785716,8.684715795626303,8.714812278747559,668074400.0
2010-09-22,8.682255254257528,8.844101279972664,8.673041797937714,8.837038040161133,585289600.0
2010-09-23,8.793431670336185,8.990902311608545,8.78329727476461,8.87297248840332,786116800.0
2010-09-24,8.970633618555812,9.014549879891248,8.923031973323576,8.977389335632324,649488000.0
2010-09-27,9.028366824767618,9.05139923678953,8.93715565212911,8.94176197052002,482834800.0
2010-09-28,8.960495621589573,8.960495621589573,8.44547609291495,8.80970573425293,1035042400.0
2010-09-29,8.821068314472726,8.900302401071208,8.783294372526532,8.82536792755127,469644000.0
2010-09-30,8.875428018361108,8.906138722774706,8.63741903407146,8.71419620513916,673391600.0
2010-10-01,8.787900159640564,8.801105703264263,8.640488143269607,8.676420211791992,448142800.0
2010-10-04,8.64816894749726,8.688092295142395,8.530545841359809,8.557265281677246,435302000.0
2010-10-05,8.660452632509674,8.88924734903324,8.654923737802594,8.87358570098877,501967200.0
2010-10-06,8.893548345130084,8.967254378314502,8.760570288085875,8.881263732910156,670868800.0
2010-10-07,8.916578202384176,8.920877815030998,8.811240562772433,8.882182121276855,408399600.0
2010-10-08,8.958656072307358,9.04433920119592,8.906141399828229,9.031133651733398,658403200.0
2010-10-11,9.051710725878348,9.12848709941807,9.047411111188758,9.07075023651123,427753200.0
2010-10-12,9.07228243069242,9.197890500017795,8.982606430503944,9.168407440185549,558544000.0
2010-10-13,9.21939010839902,9.273440758482913,9.207105496985628,9.217547416687012,630092400.0
2010-10-14,9.265149030279195,9.28910320240178,9.225531568613944,9.28419017791748,435296400.0
2010-10-15,9.441737652238205,9.673911932244556,9.364039520258794,9.665926933288574,922194000.0
2010-10-18,9.780476717275402,9.796752596787012,9.652104992229384,9.766042709350586,1093010800.0
2010-10-19,9.317667141703804,9.63613799089583,9.213864606473638,9.504695892333984,1232784000.0
2010-10-20,9.489644179669169,9.650876000246235,9.424230679709094,9.53663158416748,721624400.0
2010-10-21,9.592833517415,9.66592531703958,9.422081514784756,9.505615234375,551460000.0
2010-10-22,9.491795234235756,9.521585009510517,9.406727162921085,9.44265842437744,372778000.0
2010-10-25,9.492409012335914,9.569492075192564,9.472446109668573,9.48473072052002,392462000.0
2010-10-26,9.424232366300537,9.512372411187132,9.386764298019068,9.460471153259276,392929600.0
2010-10-27,9.44818438898978,9.517283268685365,9.385226994103595,9.453712463378906,399002800.0
2010-10-28,9.457396614238275,9.458932600424268,9.240886527268293,9.374171257019045,551051200.0
2010-10-29,9.343153760823265,9.393826547718607,9.239964675438,9.243343353271484,430511200.0
2010-11-01,9.281427478290643,9.38523000379428,9.28081324760599,9.341620445251465,423889200.0
2010-11-02,9.428225145144356,9.526192067171966,9.428225145144356,9.500701904296877,433930000.0
2010-11-03,9.562429055593146,9.60880305259832,9.475210776729051,9.606346130371094,508348400.0
2010-11-04,9.687730035522602,9.832992698067114,9.67483119328836,9.774334907531738,642488000.0
2010-11-05,9.765735530676736,9.814258105826896,9.727654055203976,9.739323616027832,361253200.0
2010-11-08,9.741475167819168,9.82040175712478,9.727962093356574,9.78508472442627,281758400.0
2010-11-09,9.859713496952752,9.867391791604014,9.658558250418238,9.707080841064451,383544000.0
2010-11-10,9.724274394573005,9.78968871391194,9.629377830765122,9.766963005065918,384227200.0
2010-11-11,9.673910962743982,9.778328529260795,9.650877724251602,9.724584579467772,361284000.0
2010-11-12,9.704622584528812,9.719977531585933,9.324730336639709,9.459856986999512,795846800.0
2010-11-15,9.47306436668274,9.53694272459659,9.4058073296074,9.429454803466797,403606000.0
2010-11-16,9.388914999792949,9.446651041628517,9.19236528916656,9.262079238891602,657650000.0
2010-11-17,9.25010156836383,9.335784689764536,9.144456361828356,9.228604316711426,479449600.0
2010-11-18,9.37294412023161,9.510221789416372,9.357282469996298,9.472140312194824,494491200.0
2010-11-19,9.45801480022616,9.471220349480133,9.374174364684398,9.419933319091797,384843200.0
2010-11-22,9.41839485173104,9.623543739318848,9.393519746470025,9.623543739318848,393075200.0
2010-11-23,9.534175816939198,9.574100805421796,9.414710837023838,9.481352806091309,519447600.0
2010-11-24,9.5817778322816,9.686195396875078,9.57410117968233,9.667768478393556,413725200.0
2010-11-26,9.635214434821844,9.756829628506642,9.61064603188182,9.673910140991213,237585600.0
2010-11-29,9.68926507034915,9.750072257063938,9.562736852325646,9.73133945465088,445785200.0
2010-11-30,9.629074985606575,9.654258446660174,9.547077229662444,9.555676460266112,501858000.0
2010-12-01,9.68220007539719,9.758363012675396,9.673908374180272,9.716903686523438,461750800.0
2010-12-02,9.751607809345169,9.79675252444052,9.670531017290362,9.770648956298828,462837200.0
2010-12-03,9.735641457199218,9.786006736508462,9.71506513794775,9.748847007751465,342092800.0
2010-12-06,9.785699205882224,9.89902271490609,9.77894266847776,9.832073211669922,448481600.0
2010-12-07,9.944163258387722,9.94999721722819,9.769725920896152,9.772489547729492,391454000.0
2010-12-08,9.816101269317596,9.858789886175,9.738710673573667,9.858482360839844,321935600.0
2010-12-09,9.892881125875284,9.904243164051044,9.797369479375517,9.820096015930176,294151200.0
2010-12-10,9.816713681756893,9.859708995918686,9.784466991118691,9.844660758972168,262511200.0
2010-12-13,9.96167014777668,9.982860690742251,9.858174355035713,9.87874984741211,439815600.0
2010-12-14,9.880595207583992,9.905471138333857,9.796753955784888,9.836371421813965,351008000.0
2010-12-15,9.827463080307634,9.919596020787026,9.802587973642972,9.838520050048828,417312000.0
2010-12-16,9.860938511519588,9.907619213607797,9.830535329164158,9.865852355957031,322030800.0
2010-12-17,9.877524934510689,9.882438780041593,9.834529606182947,9.846199989318848,386929200.0
2010-12-20,9.876602526307256,9.927276144964996,9.773107531883014,9.895336151123049,385610400.0
2010-12-21,9.919595544583592,9.962283334784408,9.8904208255575,9.956448554992676,256354000.0
2010-12-22,9.961362994764892,10.00312985173525,9.936487067739332,9.985931396484377,265921600.0
2010-12-23,9.98101888747911,9.985625206768232,9.9248180198412,9.938023567199709,223157200.0
2010-12-27,9.914992301184393,9.99453312646582,9.874146369770608,9.971192359924316,249816000.0
2010-12-28,10.00896608841539,10.031999327158804,9.98286251656928,9.995453834533691,175924000.0
2010-12-29,10.018483008631303,10.025547068669024,9.984086924331086,9.989922523498535,163139200.0
2010-12-30,9.995758448173005,9.996679383897584,9.921131491919756,9.939865112304688,157494400.0
2010-12-31,9.91806210129505,9.934338802549354,9.86769601096174,9.906085014343262,193508000.0
2011-01-03,10.00067212509655,10.142556089233112,9.976103725353363,10.121365547180176,445138400.0
2011-01-04,10.20950850844526,10.211351200460854,10.07775889956718,10.17419147491455,309080800.0
2011-01-05,10.12075503374764,10.267859601087531,10.119219046911644,10.257417678833008,255519600.0
2011-01-06,10.279527710832715,10.2958044113009,10.22363436773466,10.24912452697754,300428800.0
2011-01-07,10.257106894063874,10.32958445016358,10.19292103936408,10.322521209716797,311931200.0
2011-01-10,10.405750613910048,10.540878080361033,10.354771108691292,10.516923904418944,448560000.0
2011-01-11,10.591549240933562,10.59400534296326,10.42540357441704,10.492046356201172,444108000.0
2011-01-12,10.541491703050784,10.577729667354433,10.50310270160286,10.577422142028809,302590400.0
2011-01-13,10.600147350626932,10.645599588080849,10.559916482516616,10.616116523742676,296780400.0
2011-01-14,10.622568520140142,10.702109336853027,10.578038029400332,10.702109336853027,308840000.0
2011-01-18,10.11983259036959,10.587865706995002,10.011730451043858,10.461644172668455,1880998000.0
2011-01-19,10.698113286009557,10.70579157669214,10.345861552612442,10.406054496765137,1135612800.0
2011-01-20,10.332046196231792,10.38947554250387,10.138260900765887,10.216880798339844,764789200.0
2011-01-21,10.250350133561607,10.284439514228042,10.03107477865156,10.033839225769045,754401200.0
2011-01-24,10.038449311947192,10.363369941711426,10.033842172087686,10.363369941711426,574683200.0
2011-01-25,10.328971530893543,10.485903734814322,10.274920066453223,10.484674453735352,546868000.0
2011-01-26,10.532585551123171,10.613662352668143,10.487748356086746,10.559918403625488,506875600.0
2011-01-27,10.557768338818722,10.58571542234322,10.528593614106509,10.540263175964355,285026000.0
2011-01-28,10.569745528184953,10.576808769889444,10.24298223707499,10.321907997131348,592057200.0
2011-01-31,10.312697114045688,10.442911560229184,10.266631452393357,10.420799255371094,377246800.0
2011-02-01,10.481604991697544,10.615196447492895,10.471777302789103,10.596156120300291,426633200.0
2011-02-02,10.578345173404056,10.602912757674904,10.550704795947318,10.574352264404297,258955200.0
2011-02-03,10.558385102925314,10.571898179976175,10.397153214782588,10.54732894897461,393797600.0
2011-02-04,10.553470660381446,10.64744632351659,10.549478570603169,10.64130401611328,321840400.0
2011-02-07,10.683988288413838,10.848597972034195,10.676310816733128,10.806525230407717,485021600.0
2011-02-08,10.861807425989058,10.918315011334212,10.8148200066421,10.908487319946287,381040800.0
2011-02-09,10.908180347494882,11.02518924504768,10.898353476415313,10.999391555786133,482745200.0
2011-02-10,10.975741683498589,11.055896715729618,10.6873657864532,10.88821506500244,928550000.0
2011-02-11,10.894666324843742,10.988333620658908,10.857505783755409,10.959158897399902,367572800.0
2011-02-14,10.957315533357562,11.03992667335731,10.95485861112006,11.03071403503418,310416400.0
2011-02-15,11.031019248510413,11.054974237086524,10.980653989587722,11.052824020385742,284174800.0
2011-02-16,11.080466807749495,11.206381631963822,11.071254167981722,11.152024269104004,481157600.0
2011-02-17,10.971442937691675,11.064189292812628,10.94902311203337,11.00368881225586,530583200.0
2011-02-18,11.016280202672576,11.04054190012122,10.734047406643148,10.765987396240234,816057200.0
2011-02-22,10.5077108175021,10.607521254250742,10.371662410254029,10.39899444580078,872555600.0
2011-02-23,10.40391062411549,10.584182027028032,10.398995957823416,10.522147178649902,671854400.0
2011-02-24,10.565139623777329,10.599842423144366,10.39162316673943,10.530128479003906,499900800.0
2011-02-25,10.6032199276706,10.70057342594782,10.589093444178143,10.69228172302246,380018800.0
2011-02-28,10.786872515984706,10.90388059196044,10.783187131852026,10.847373008728027,403074000.0
2011-03-01,10.91677613116164,10.92445360241305,10.67753868075543,10.7275972366333,456136800.0
2011-03-02,10.747559967348058,10.88238070062522,10.69965080530146,10.813895225524902,602590800.0
2011-03-03,10.969601773070028,11.049449297440338,10.93059853679309,11.042386054992676,500788400.0
2011-03-04,11.058048063534995,11.064804600408284,10.986798951188224,11.055898666381836,453266800.0
2011-03-07,11.098891442095503,11.107183964273707,10.78901993074481,10.91339874267578,546123200.0
2011-03-08,10.899580535711944,10.97605102326653,10.81788949754799,10.925684928894045,356316800.0
2011-03-09,10.892822040045823,10.894972257016734,10.767215582163963,10.824644088745115,453306000.0
2011-03-10,10.721762762624437,10.74172566609561,10.592163393193106,10.64652156829834,507539200.0
2011-03-11,10.605370215412632,10.820039314123564,10.595236639935036,10.809904098510742,471080400.0
2011-03-14,10.846452441256853,10.947798875876138,10.78902391573187,10.85812282562256,435957200.0
2011-03-15,10.506174009319048,10.682454089102604,10.444752590178432,10.608441352844238,721081200.0
2011-03-16,10.50310452791077,10.533815242368648,10.01971563535832,10.134881019592283,1162011200.0
2011-03-17,10.344328153959166,10.429704567996156,10.154842522517107,10.277071952819824,659422400.0
2011-03-18,10.353542001866437,10.386402933066716,10.134574095858364,10.155150413513184,753214000.0
2011-03-21,10.318529001957849,10.433693524674323,10.296109179789656,10.420181274414062,409402000.0
2011-03-22,10.52030046809091,10.5221431597212,10.415268685299404,10.478532791137695,325922800.0
2011-03-23,10.419570802758363,10.448438825168598,10.317303442872834,10.416807174682615,372996400.0
2011-03-24,10.498496113121655,10.62594608573722,10.406670693380306,10.594313621520996,404712000.0
2011-03-25,10.689513668134984,10.812049759166753,10.657266983098303,10.796080589294434,448910000.0
2011-03-28,10.845529420029196,10.881461502318375,10.76230239868164,10.76230239868164,309355200.0
2011-03-29,10.67692325269281,10.778268814086914,10.627786458114214,10.778268814086914,352900800.0
2011-03-30,10.768444531825777,10.775816119430791,10.670170091529616,10.70671558380127,329406000.0
2011-03-31,10.63700013091595,10.74264531564045,10.627787493576962,10.703028678894045,274019200.0
2011-04-01,10.782878123147809,10.797618836462002,10.543025600787717,10.581721305847168,418661600.0
2011-04-04,10.574045953982653,10.582951888128596,10.392544492209955,10.478227615356444,460084800.0
2011-04-05,10.349244399856133,10.510782986256617,10.31884038786114,10.407594680786133,482731200.0
2011-04-06,10.479149834894416,10.56145428316594,10.3538492404049,10.381488800048828,402539200.0
2011-04-07,10.3833286356436,10.454884437709913,10.319757009896598,10.382715225219728,373447200.0
2011-04-08,10.439225160956807,10.446288403176904,10.255881828042682,10.28997039794922,377535200.0
2011-04-11,10.259255916941637,10.308700238402595,10.135185465532803,10.159139633178713,398946800.0
2011-04-12,10.149622894165397,10.2491266292065,10.14071695889024,10.208281517028809,425639200.0
2011-04-13,10.28874176446611,10.323137859146083,10.211964577039767,10.322831153869627,346220000.0
2011-04-14,10.281982700656748,10.318835708761393,10.197835586532769,10.208890914916992,301800800.0
2011-04-15,10.235919397930063,10.246361319138204,10.036299354062612,10.056568145751951,453605600.0
2011-04-18,10.014800402289849,10.203057557060824,9.832378027758695,10.191387176513672,609898800.0
2011-04-19,10.229775809751528,10.379643959493508,10.18708719773398,10.375959396362305,419378400.0
2011-04-20,10.549476482187966,10.618268671351172,10.487748355174007,10.515694618225098,700666400.0
2011-04-21,10.90234189132905,10.90633479984602,10.703336118108068,10.770285606384276,753810400.0
2011-04-25,10.759231701551949,10.863955971618845,10.758002420249928,10.841229438781738,266546000.0
2011-04-26,10.859961705014992,10.902035266933687,10.728826354867936,10.76168727874756,338800000.0
2011-04-27,10.817582862609022,10.82096154131629,10.659729681297195,10.75339698791504,356213200.0
2011-04-28,10.63177882705863,10.741108566917532,10.611202517011977,10.648977279663086,360959200.0
2011-04-29,10.649898408532414,10.87009469847181,10.646519730961558,10.752779960632324,1006345200.0
2011-05-02,10.740801872996927,10.763220874417584,10.610588297695974,10.63454246520996,442713600.0
2011-05-03,10.687058184670825,10.745408438705695,10.614273104676098,10.693507194519045,313348000.0
2011-05-04,10.69535446374175,10.804992598493044,10.652973363588064,10.735586166381836,389250400.0
2011-05-05,10.699649241632825,10.777962393927082,10.627479213907517,10.648977279663086,335969200.0
2011-05-06,10.739272210683374,10.748792377516152,10.632398517673805,10.646218299865724,280134400.0
2011-05-09,10.683066383530235,10.724219828945516,10.642221283480438,10.675082206726074,204747200.0
2011-05-10,10.714699851385651,10.739269074835136,10.64621519118906,10.731898307800291,282091600.0
2011-05-11,10.71869432002896,10.748790803066722,10.602607182539602,10.663721084594728,336000000.0
2011-05-12,10.629632731355056,10.660343443332309,10.511396203218974,10.643451690673828,322000000.0
2011-05-13,10.615502289269727,10.63362085771995,10.452427792611394,10.45703411102295,326116000.0
2011-05-16,10.417111814762883,10.479147457238046,10.21441902313842,10.235917091369627,449775200.0
2011-05-17,10.195995774174246,10.323138236999512,10.156992538379171,10.323138236999512,452334400.0
2011-05-18,10.333270195687708,10.473925699487731,10.318836189015574,10.437686920166016,334776400.0
2011-05-19,10.50556177868352,10.51569617535954,10.400837492850806,10.45796012878418,261170000.0
2011-05-20,10.428169453988934,10.470858074613032,10.288742375132175,10.29488468170166,337968400.0
2011-05-23,10.13364978362144,10.31822153027562,10.116758855657856,10.269698143005373,383600000.0
2011-05-24,10.303480135564184,10.315764744201903,10.17572266593388,10.201827049255373,321927200.0
2011-05-25,10.239911875495158,10.39745917534393,10.22210000576757,10.342793464660645,294224000.0
2011-05-26,10.317915762416357,10.34616954665662,10.2706208317948,10.288125991821287,222560800.0
2011-05-27,10.281982767864992,10.368894329703664,10.266934531296744,10.362137794494627,203599200.0
2011-05-31,10.47546094742719,10.682144165039062,10.472388975085684,10.682144165039062,417754400.0
2011-06-01,10.714086159855276,10.814202462515896,10.58448678982856,10.610897064208984,554682800.0
2011-06-02,10.641303397661996,10.686755649737147,10.573739660287751,10.629018783569336,338783200.0
2011-06-03,10.53934476896689,10.605372527114126,10.503412678660991,10.54732894897461,313250000.0
2011-06-06,10.616734222521432,10.65819356198732,10.37442555748969,10.381488800048828,461941200.0
2011-06-07,10.385479727113328,10.387014893437136,10.192922142180308,10.197221755981444,529785200.0
2011-06-08,10.189237889401086,10.281984244020109,10.154535092764483,10.203364372253418,333723600.0
2011-06-09,10.234382834343425,10.24728167642811,10.157605652545827,10.18033218383789,275088800.0
2011-06-10,10.15146139277288,10.18555077311547,9.996678597820347,10.00865650177002,433955200.0
2011-06-13,10.04858414444784,10.08267353938849,9.983170622909295,10.030158042907717,329473200.0
2011-06-14,10.134575337872953,10.234385784992671,10.11338478694391,10.20950984954834,334569200.0
2011-06-15,10.126899316779488,10.143790254864657,9.977336977307884,10.034767150878906,399196000.0
2011-06-16,10.03936863380354,10.094033512144572,9.776176995916796,9.985931396484377,510591200.0
2011-06-17,10.103555549014304,10.11154054692758,9.807809661425456,9.83544921875,615020000.0
2011-06-20,9.746387632868352,9.756829552565286,9.535711467623534,9.683737754821776,640645600.0
2011-06-21,9.72550841002882,10.005590278861016,9.680056150143232,9.990235328674316,493382400.0
2011-06-22,9.985932785160289,10.100792272852116,9.90055636771283,9.907620429992676,390583200.0
2011-06-23,9.7949083385916,10.186471641794038,9.769726530145462,10.172345161437988,559759200.0
2011-06-24,10.176644759542476,10.23130962966088,9.98378049786264,10.022476196289062,439807200.0
2011-06-27,10.06055915046322,10.2543443764148,10.050117231231884,10.197221755981444,339813600.0
2011-06-28,10.246667724024087,10.340335846652463,10.240218712324303,10.296112060546877,294299600.0
2011-06-29,10.320067437620668,10.330201833543413,10.192309919704494,10.25864601135254,352545200.0
2011-06-30,10.278912564581216,10.322829637461254,10.22179076540173,10.308701515197754,322954800.0
2011-07-01,10.31730275310164,10.549169493019916,10.263558801332056,10.541799545288086,435313200.0
2011-07-05,10.533815389503811,10.743570662870972,10.518460442094234,10.73128604888916,355054000.0
2011-07-06,10.716541936859578,10.874703433631318,10.647749755227991,10.802839279174805,444626000.0
2011-07-07,10.892206797817837,10.994473297536995,10.87162966770314,10.969904899597168,399663600.0
2011-07-08,10.85136154104153,11.05589619301944,10.8163512233253,11.046989440917969,489633200.0
2011-07-11,10.943494817860238,11.048833299596032,10.835391888810438,10.871630668640137,442674400.0
2011-07-12,10.857199094260594,10.984649902793349,10.706409161377923,10.863956451416016,451609200.0
2011-07-13,11.004614600845636,11.055902465610814,10.944728324445489,10.995095252990724,391638800.0
2011-07-14,11.086919196360324,11.105346120280467,10.94349999548708,10.98741626739502,430533600.0
2011-07-15,11.091829641427935,11.209451932811914,11.03040822066466,11.206995010375977,484467200.0
2011-07-18,11.222656604865064,11.5058103329641,11.218050285691024,11.479706764221191,572653200.0
2011-07-19,11.608693688171869,11.628655774443752,11.464966995041348,11.573376655578612,819145600.0
2011-07-20,12.165172640997485,12.169778960229056,11.854378533769964,11.882018089294434,941340400.0
2011-07-21,11.883553365989751,11.97906334348352,11.789885260024596,11.89399528503418,526534400.0
2011-07-22,11.925629260110377,12.13231336419532,11.9081240965572,12.078569412231444,516728800.0
2011-07-25,11.987971513077715,12.284331649573575,11.965553324576844,12.238265991210938,589806000.0
2011-07-26,12.284329091451832,12.422528497963588,12.274502223219612,12.389053344726562,476582400.0
2011-07-27,12.302447229985646,12.365404621648514,12.043247717926734,12.056760787963867,659324400.0
2011-07-28,12.026974854603331,12.191891263055492,11.919793663302045,12.033116340637209,594034000.0
2011-07-29,11.90474510244914,12.135383359901452,11.792957594619216,11.991963386535645,632584400.0
2011-08-01,12.21615045391342,12.268972635405303,12.050004798286276,12.184518814086914,612836000.0
2011-08-02,12.212159574385987,12.219837046162484,11.926548931585012,11.94374656677246,639539600.0
2011-08-03,12.007319509453849,12.086246918372549,11.73890809432864,12.056150436401367,732508000.0
2011-08-04,11.959100652745285,12.01775761137827,11.588727886850917,11.58934211730957,871407600.0
2011-08-05,11.683626843310725,11.777602482660203,11.13482452677946,11.474178314208984,1204590800.0
2011-08-08,11.10780026022936,11.294522289280112,10.84153740715078,10.847373008728027,1143833600.0
2011-08-09,11.095824293189152,11.504586247171645,10.902345707008642,11.486159324645996,1082583600.0
2011-08-10,11.39832514478622,11.5058130582251,11.132677334789353,11.169222831726074,878656800.0
2011-08-11,11.378974911116265,11.530379878417618,11.20085214376249,11.476635932922363,741969200.0
2011-08-12,11.610844546183277,11.659060428609289,11.492915525749725,11.577677726745604,528976000.0
2011-08-15,11.65875226743824,11.82274857235612,11.611457326983372,11.774839401245115,460544000.0
2011-08-16,11.716796410484578,11.77361151886948,11.549114713384569,11.684856414794922,498750000.0
2011-08-17,11.741053584501149,11.808923998997557,11.608689792879307,11.683624267578123,442061200.0
2011-08-18,11.388802665496234,11.44439012311164,11.09797063553994,11.241697311401367,851435200.0
2011-08-19,11.122538938715818,11.270872741703524,10.933053330289557,10.933974266052246,775888400.0
2011-08-22,11.194402317895408,11.205765992799575,10.90510629713921,10.946565628051758,535315200.0
2011-08-23,11.065111696107913,11.474794516590883,10.96376609963548,11.473566055297852,656835200.0
2011-08-24,11.46957220915044,11.638174817542462,11.381432168744178,11.552799224853516,626267600.0
2011-08-25,11.211908231339416,11.5303798138014,11.2094513090402,11.477250099182127,871346000.0
2011-08-26,11.398937513938035,11.786815531053936,11.387574657756826,11.780059814453123,641477200.0
2011-08-29,11.921327834645304,12.023288467282851,11.91580057968297,11.976300239562988,405269200.0
2011-08-30,11.92347906639402,12.033731418508587,11.86082917988342,11.976916313171388,417922400.0
2011-08-31,11.994724279797731,12.04109744577018,11.727233086064532,11.81844425201416,522586400.0
2011-09-01,11.848852304315658,11.895532191443095,11.692226776007502,11.701746940612791,343725200.0
2011-09-02,11.508572610563103,11.608690540134203,11.4192049446505,11.487382888793944,438939200.0
2011-09-06,11.282233737059242,11.680246063704612,11.25490089098382,11.662127494812012,509698000.0
2011-09-07,11.840866285264328,11.842094746402156,11.73153488413248,11.790807723999023,350576800.0
2011-09-08,11.743821130208826,11.934536058099969,11.74105750229778,11.797258377075195,416158400.0
2011-09-09,11.790808711122938,11.854379530158994,11.51717430020152,11.592723846435549,564813200.0
2011-09-12,11.455138923703208,11.69713921608234,11.421356241189066,11.668272018432615,467832400.0
2011-09-13,11.73583649124514,11.860829563010975,11.67779292272624,11.812000274658203,440560400.0
2011-09-14,11.885705016070633,12.045094179044003,11.847009305284717,11.95572566986084,534724400.0
2011-09-15,12.021140216802191,12.08962570521841,11.974152801463273,12.068127632141112,417818800.0
2011-09-16,12.147358508294271,12.299683570861816,12.13169604069061,12.299683570861816,698513200.0
2011-09-19,12.192195404963972,12.690632369389553,12.13691712187573,12.641494750976562,823860800.0
2011-09-20,12.752670624507918,12.986380860113693,12.627985091549776,12.697391510009766,775754000.0
2011-09-21,12.88749246941648,12.947378728598324,12.652862098031274,12.657161712646484,605976000.0
2011-09-22,12.31595862805406,12.585906726416225,12.18298062256792,12.340219497680664,968480800.0
2011-09-23,12.292927781963105,12.491320130512952,12.279722236420747,12.416385650634766,546277200.0
2011-09-26,12.28003213428691,12.406561188314084,12.01714797594218,12.381685256958008,812876400.0
2011-09-27,12.5524374636974,12.568406640807972,12.224753196856277,12.261606216430664,632497600.0
2011-09-28,12.290167142032958,12.399191037952477,12.177151156713036,12.19250774383545,429637600.0
2011-09-29,12.343295185594092,12.352201118647912,11.86082733331466,11.99472713470459,651086800.0
2011-09-30,11.888776091607356,11.943135093607744,11.706353690542532,11.710653305053713,547640800.0
2011-10-03,11.681479920336685,11.751193056314827,11.460361783359057,11.504277229309082,669099200.0
2011-10-04,11.503353777633157,11.725392802092246,10.879003563671246,11.43978214263916,1233677200.0
2011-10-05,11.29728717745895,11.664588122911878,11.065112888462629,11.616373062133787,786469600.0
2011-10-06,11.465270024863672,11.816909171802791,11.418282624877731,11.58934211730957,812582400.0
2011-10-07,11.540515795994695,11.600708760471791,11.316634051115877,11.35686492919922,535458000.0
2011-10-10,11.64216706326353,11.940675735473633,11.615140918563991,11.940675735473633,442514800.0
2011-10-11,12.056151330338096,12.381993745792888,12.023291218021884,12.293238639831545,605687600.0
2011-10-12,12.509747013183803,12.568403978687437,12.288628942572617,12.35158634185791,622286000.0
2011-10-13,12.43727172559777,12.543225288391112,12.371858207979688,12.543225288391112,426185200.0
2011-10-14,12.801195543927925,12.959970474243164,12.753285553953766,12.959970474243164,573367200.0
2011-10-17,12.951985949690398,13.104311873884148,12.773862337643822,12.898241996765137,686044800.0
2011-10-18,12.952597981339531,13.046266917398274,12.775396964254156,12.967339515686035,881602400.0
2011-10-19,12.32579237942652,12.542917592636314,12.216768484764549,12.241951942443848,1104059600.0
2011-10-20,12.284332111525904,12.29508073821247,12.106516843009263,12.140297889709473,549270400.0
2011-10-21,12.22598137410225,12.257920547648917,12.000256121911663,12.065362930297852,621244400.0
2011-10-24,12.167015989746044,12.483950779640734,12.14306181634027,12.461532592773438,502138000.0
2011-10-25,12.438805893108963,12.48548659815611,12.203868841558068,12.215845108032228,430427200.0
2011-10-26,12.33838290964388,12.362645431406252,12.073962753844048,12.302759170532228,456304800.0
2011-10-27,12.516506720149838,12.56073133245514,12.342376819570196,12.428366661071776,494664800.0
2011-10-28,12.376459815346,12.479341365479051,12.361411579365436,12.436346054077148,322842800.0
2011-10-31,12.35864998339336,12.570862128221066,12.316575600717629,12.431127548217772,385501200.0
2011-11-01,12.204788238522903,12.2689732772937,12.076109815622068,12.17714786529541,531790000.0
2011-11-02,12.28709345683346,12.297842080805776,12.134152518892709,12.204788208007812,327350800.0
2011-11-03,12.25577075234654,12.388748821640393,12.141833833747604,12.37861442565918,441386400.0
2011-11-04,12.346673724684411,12.389975751294074,12.258533684952209,12.291701316833496,302229200.0
2011-11-07,12.28156324890233,12.284326875704409,12.16547616200368,12.276034355163574,270275600.0
2011-11-08,12.35220229680652,12.530018369935464,12.332240211808967,12.475659370422363,400442000.0
2011-11-09,12.191276942719378,12.31166368121896,12.107129809951603,12.139375686645508,558684000.0
2011-11-10,12.193121796005991,12.198649872436569,11.736144805292058,11.830427169799805,744752400.0
2011-11-11,11.87311417647561,11.937300051726828,11.678100448096682,11.812000274658203,653786000.0
2011-11-14,11.778214368271646,11.831344896950094,11.614833154187576,11.64738655090332,432905200.0
2011-11-15,11.694684481990516,11.961868259866304,11.65322514233763,11.941292762756348,430810800.0
2011-11-16,11.954189946510718,12.012233509986231,11.80278496895146,11.816605567932127,349210400.0
2011-11-17,11.792342733651536,11.81076965175552,11.531915518322377,11.59057331085205,479900400.0
2011-11-18,11.636947496166732,11.66980760618831,11.51287536375558,11.514718055725098,371938000.0
2011-11-21,11.375287561206916,11.414598311419049,11.23739651053166,11.332600593566896,447980400.0
2011-11-22,11.394332248784645,11.606544432497396,11.391875326132432,11.56293487548828,409021200.0
2011-11-23,11.50151191479611,11.542357841318028,11.267188261836884,11.270566940307615,428271200.0
2011-11-25,11.314484128957323,11.39832456597134,11.157858587017651,11.165536880493164,254760800.0
2011-11-28,11.435176174630362,11.56938269038494,11.373140524215849,11.550955772399902,346413200.0
2011-11-29,11.542355702734602,11.634181113974332,11.369146798943715,11.461278915405272,375855200.0
2011-11-30,11.709731312458286,11.740134496513823,11.61790506950002,11.737677574157717,405938400.0
2011-12-01,11.7481171844518,11.94650870529792,11.693144787642929,11.91364860534668,387181200.0
2011-12-02,11.972000129815408,12.088701470965022,11.93361195157713,11.968008041381836,379055600.0
2011-12-05,12.08440267424091,12.17407869804987,11.98919939532484,12.069661140441896,357210000.0
2011-12-06,12.054308327915,12.119415960307276,11.958184096170882,12.006399154663086,283598000.0
2011-12-07,11.975069013209882,12.006087239236502,11.877715542278091,11.94927215576172,304746400.0
2011-12-08,12.021754491321245,12.146133330056935,11.984287241031756,11.997492790222168,376356400.0
2011-12-09,12.064746567365225,12.10129205178328,12.008852412285655,12.088393211364746,296993200.0
2011-12-12,12.028817615326988,12.096995577956417,11.960332947403607,12.033731460571287,301067200.0
2011-12-13,12.069354167840856,12.143061015135734,11.888160252579192,11.940675735473633,338928800.0
2011-12-14,11.875875681022396,11.896759520178165,11.598864257466818,11.675948143005373,406887600.0
2011-12-15,11.772383522510168,11.784974842043654,11.618214894419912,11.63756275177002,256200000.0
2011-12-16,11.681170114240189,11.797563941761757,11.656908415770316,11.701438903808594,421478400.0
2011-12-19,11.74597060896721,11.819062412111307,11.684855072729691,11.737985610961914,235530400.0
2011-12-20,11.908431925681969,12.164561211404836,11.89307697799613,12.159954071044922,337215200.0
2011-12-21,12.182676266514546,12.201410707793553,12.038949602148554,12.17530632019043,262948000.0
2011-12-22,12.1921979908457,12.257613140913126,12.164559253473293,12.239800453186035,202358800.0
2011-12-23,12.274810128228914,12.39458263088578,12.26866782244125,12.386597633361816,269399200.0
2011-12-27,12.37953608325228,12.563493656356972,12.377078340533869,12.48487377166748,265076000.0
2011-12-28,12.495927153023704,12.5376931886913,12.32548187222142,12.365406036376951,228662000.0
2011-12-29,12.388746188584008,12.457845893898863,12.29999274621908,12.441568374633787,215978000.0
2011-12-30,12.392124563863955,12.477194266693225,12.39151115336879,12.437884330749512,179662000.0
2012-01-03,12.573011384871409,12.668214652725451,12.560726774799624,12.62921142578125,302220800.0
2012-01-04,12.591438273253614,12.73516576930779,12.569326792358565,12.697083473205566,260022000.0
2012-01-05,12.743460814332522,12.854019067871148,12.673439329654178,12.83804988861084,271269600.0
2012-01-06,12.891484523267314,12.983002425229415,12.874593591290814,12.972253799438477,318292800.0
2012-01-09,13.067456780174451,13.13655566864418,12.940005987965543,12.95167636871338,394024400.0
2012-01-10,13.080048427259133,13.082812875081602,12.94461344585038,12.998050689697266,258196400.0
2012-01-11,12.98085213535119,12.986073505613472,12.877357146940504,12.97686004638672,215084800.0
2012-01-12,12.968570306122189,12.987610638005302,12.860160636313408,12.941237449645996,212587200.0
2012-01-13,12.889334601241137,12.91236701839766,12.857394610376922,12.892711639404297,226021600.0
2012-01-17,13.027531923388004,13.08250514953071,12.989450448003668,13.042887687683104,242897200.0
2012-01-18,13.112294235016554,13.18937812239019,13.092025446009174,13.178322792053224,276791200.0
2012-01-19,13.2102645765305,13.24773100907023,13.098477049407832,13.136558532714844,261738400.0
2012-01-20,13.128569110837825,13.128875816050453,12.890866830579558,12.907757759094238,413974400.0
2012-01-23,12.98054546932335,13.158054837358527,12.969182612943118,13.12611484527588,306062400.0
2012-01-24,13.055171773929043,13.055171773929043,12.884726487414005,12.911137580871582,547638000.0
2012-01-25,13.956227510848436,13.956534216106837,13.627314823580342,13.717297554016112,958314000.0
2012-01-26,13.769505079915737,13.782709806175289,13.609195012338898,13.654953956604004,323985200.0
2012-01-27,13.646048360225748,13.773191630177212,13.628544018784094,13.73633861541748,299709200.0
2012-01-30,13.688121367941932,13.939643449965097,13.678294499122028,13.912310600280762,379341200.0
2012-01-31,13.991544179153594,14.072927679313617,13.91415276765519,14.018877029418944,391683600.0
2012-02-01,14.078149435917592,14.095961301788885,13.990316927525386,14.009970664978027,270046000.0
2012-02-02,14.001064079308287,14.04006648728918,13.942099589429352,13.977109909057615,186796400.0
2012-02-03,14.04406408315189,14.126982766115177,13.990626833179052,14.117155075073242,286599600.0
2012-02-06,14.077226545430092,14.279917690060504,14.071699290996564,14.248899459838867,249412800.0
2012-02-07,14.28821608990114,14.42641554907683,14.267638949648614,14.398160934448242,316223600.0
2012-02-08,14.449444250479432,14.642614442038544,14.42487502669588,14.639237403869627,407890000.0
2012-02-09,14.764541671841323,15.255608111203506,14.75839936402047,15.145663261413574,884214800.0
2012-02-10,15.077785773206264,15.282318787708544,15.003771408542102,15.15333366394043,631302000.0
2012-02-13,15.340981406730547,15.47303854467906,15.266046902798518,15.435264587402344,517216000.0
2012-02-14,15.498527743236137,15.64901016031433,15.416837522555875,15.645939826965332,460398400.0
2012-02-15,15.793354801665012,16.162805194539327,15.259907246524198,15.283863067626951,1506120000.0
2012-02-16,15.094369033086192,15.505586915085804,14.944806779109028,15.4232816696167,944552000.0
2012-02-17,15.450923011451534,15.594036271900372,15.36462566783697,15.420519828796388,535805200.0
2012-02-21,15.566701650554364,15.811467170715332,15.481939482953472,15.811467170715332,605595200.0
2012-02-22,15.757113585609474,15.831126334966829,15.633962380134887,15.755885124206545,483302400.0
2012-02-23,15.818535673269103,15.90299116813026,15.647169400774237,15.858766555786133,568027600.0
2012-02-24,15.95949491491768,16.058690283224358,15.927863270189462,16.043642044067383,415072000.0
2012-02-27,16.00985450205696,16.230665806570098,15.855380076562898,16.14651870727539,547582000.0
2012-02-28,16.21409075558857,16.442886352539062,16.14929064920771,16.442886352539062,600387200.0
2012-02-29,16.631754639705186,16.817555694330352,16.45178918545038,16.65877914428711,952011200.0
2012-03-01,16.834751018001466,16.83598111915096,16.546069240103126,16.721120834350586,683270000.0
2012-03-02,16.714067151795398,16.79268541756385,16.661243300549845,16.742935180664062,431712400.0
2012-03-05,16.750297396374922,16.813560679192307,16.153891867559917,16.373783111572266,809124400.0
2012-03-06,16.08203021424972,16.390059043167565,15.853541370993751,16.28472137451172,810238800.0
2012-03-07,16.48557463827044,16.515671122286243,16.07097793949751,16.297931671142578,798520800.0
2012-03-08,16.420770356868495,16.675670290281577,16.341843782713628,16.644960403442383,516457200.0
2012-03-09,16.713133594495197,16.82154320899737,16.679351742852166,16.742616653442383,418919200.0
2012-03-12,16.8596331135536,16.952381134033203,16.79882509114328,16.952381134033203,407282400.0
2012-03-13,17.122513777450713,17.44927622760662,17.067539733489614,17.446819305419922,690855200.0
2012-03-14,17.752390121826775,18.26433849270368,17.671004996942003,18.10648536682129,1418844000.0
2012-03-15,18.4145209347777,18.42680554834958,17.767751611503712,17.983034133911133,1159718000.0
2012-03-16,17.957236822686152,18.094821217311186,17.750860230748607,17.983341217041016,825487600.0
2012-03-19,18.37644093160583,18.48085687043932,18.090215985661587,18.460281372070312,901236000.0
2012-03-20,18.411449525320965,18.63840159728888,18.164842072786872,18.60953521728516,816662000.0
2012-03-21,18.51064186940929,18.722854011299635,18.46979758853489,18.503271102905277,644042000.0
2012-03-22,18.3583171265358,18.56469532132059,18.289218236396064,18.406227111816406,623870800.0
2012-03-23,18.441539283339356,18.48177014566697,18.254509811130728,18.30518341064453,430488800.0
2012-03-26,18.42005007011979,18.646083702632804,18.28093213766455,18.64086151123047,595742000.0
2012-03-27,18.616287283822047,18.926466316950467,18.61260190068856,18.871187210083008,607129600.0
2012-03-28,18.990959971667326,19.08524313621416,18.743124081518975,18.96762084960937,655460400.0
2012-03-29,18.81898129708211,18.93506842323513,18.64853681161399,18.729305267333984,608238400.0
2012-03-30,18.69582683379567,18.75079923416426,18.363228804331666,18.412673950195312,731038000.0
2012-04-02,18.48269596872183,19.00293694688617,18.43816466359582,18.99863815307617,598351600.0
2012-04-03,19.264900252878466,19.41569263116576,19.11779653836572,19.32693672180176,834559600.0
2012-04-04,19.17430127592784,19.220674448064667,18.94857608004106,19.173072814941406,572980800.0
2012-04-05,19.25507138793825,19.490930977324503,19.145126589670337,19.460834503173828,641298000.0
2012-04-09,19.228969275034174,19.65001489783707,19.20347993661095,19.53914833068848,597536800.0
2012-04-10,19.65278028796941,19.77777334929852,19.22497891063004,19.29991340637207,889725200.0
2012-04-11,19.53822787340293,19.55880336693165,19.14328500642637,19.23111915588379,696614800.0
2012-04-12,19.194269411784607,19.38866973390856,19.056069967417613,19.12578392028809,614336800.0
2012-04-13,19.16693296555991,19.18505317746499,18.53429023770865,18.58711242675781,859644800.0
2012-04-16,18.735445090965445,18.742200806774733,17.758534798162437,17.81627082824707,1050786800.0
2012-04-17,17.779726375199825,18.733602668389103,17.563828840230368,18.724390029907227,1025528000.0
2012-04-18,18.84784874717754,19.048391346827767,18.5097217740464,18.68262481689453,954531200.0
2012-04-19,18.43325199799498,18.57175812652709,17.95109164320438,18.04076766967773,834719200.0
2012-04-20,18.16177020507198,18.26127392963137,17.518071249005352,17.596691131591797,1030985200.0
2012-04-23,17.52390715563377,17.710014944357408,17.09426224186128,17.55738067626953,966529200.0
2012-04-24,17.278217034224085,17.434228315730994,17.044507637276556,17.206661224365234,1076149200.0
2012-04-25,18.906812262925424,18.979289829486245,18.610759691029955,18.73360252380371,905777600.0
2012-04-26,18.86473322767186,18.87763288642824,18.491904387256785,18.6629638671875,536068400.0
2012-04-27,18.582204269517938,18.61629284358211,18.441854603437324,18.518630981445312,406722400.0
2012-04-30,18.35892581117584,18.37735272220188,17.904405180007274,17.93450164794922,506144800.0
2012-05-01,17.962765892391456,18.326995675222125,17.850057429650192,17.877696990966797,610999200.0
2012-05-02,17.819647748836186,18.039537358246346,17.777266662319207,17.995927810668945,427389200.0
2012-05-03,18.134738958216555,18.1623785069604,17.821488005561935,17.868167877197266,390549600.0
2012-05-04,17.72260644540462,17.76191556772045,17.35683987605286,17.359296798706055,529992400.0
2012-05-07,17.244128341602245,17.590239467949715,17.23583581909406,17.489200592041016,460118400.0
2012-05-08,17.492272380005897,17.551236877928016,17.159060887631405,17.449277877807617,497252000.0
2012-05-09,17.31169194068041,17.627399882503624,17.22416613756753,17.4799861907959,480704000.0
2012-05-10,17.645825488541572,17.685749654927424,17.457262446842112,17.52113914489746,333200000.0
2012-05-11,17.351621160550252,17.642453259873157,17.33165907191568,17.404136657714844,399546000.0
2012-05-14,17.27699442099468,17.42870531987769,17.124361765928654,17.143402099609375,352626400.0
2012-05-15,17.242596437145732,17.29695380125924,16.944700302737065,16.988309860229492,476336000.0
2012-05-16,17.015332481047487,17.102551577944762,16.615784123872444,16.770566940307617,560896000.0
2012-05-17,16.746913343981845,16.814170333661753,16.28041648864746,16.28041648864746,717220000.0
2012-05-18,16.398355017708383,16.68857204191225,16.036582169828687,16.288410186767578,732292400.0
2012-05-21,16.414939029468243,17.2453591704123,16.40111761001199,17.23737335205078,631106000.0
2012-05-22,17.491351392825717,17.62433027443253,16.970190232893632,17.105010986328125,694870400.0
2012-05-23,17.12128420598437,17.59116156798673,16.99015049058306,17.522369384765625,584897600.0
2012-05-24,17.68544719594753,17.704795873292742,17.235840158286326,17.361448287963867,496230000.0
2012-05-25,17.339024439849265,17.377720143608844,17.151073175816332,17.268388748168945,328507200.0
2012-05-29,17.53281357103413,17.628016865272862,17.361140608074273,17.574886322021484,380508800.0
2012-05-30,17.48060009488873,17.811969663885005,17.399523307827913,17.786787033081055,529429600.0
2012-05-31,17.83500316195786,17.85834392272082,17.55000838910605,17.742565155029297,491674400.0
2012-06-01,17.47937196383535,17.586553139520724,17.214030939452737,17.228464126586914,520987600.0
2012-06-04,17.244130699822907,17.428394970715665,16.844890626154324,17.32981300354004,556995600.0
2012-06-05,17.237064800035768,17.39676146853409,17.14677536612696,17.28497314453125,388214400.0
2012-06-06,17.436690970776375,17.623412201447092,17.366977009604092,17.55001449584961,401455600.0
2012-06-07,17.729054381574056,17.72997449741171,17.520527594409153,17.557994842529297,379766800.0
2012-06-08,17.55430932470113,17.830093133208447,17.47446098406246,17.822107315063477,347516400.0
2012-06-11,18.049364492792357,18.07331866266789,17.524516411814357,17.541101455688477,591264800.0
2012-06-12,17.642142150274797,17.70847577209607,17.403825607610955,17.69434928894043,435380400.0
2012-06-13,17.64398406813947,17.76559844202204,17.516840799000615,17.57150650024414,293580000.0
2012-06-14,17.543252422118744,17.612659659289474,17.421024634045725,17.55215835571289,345573200.0
2012-06-15,17.535882555984816,17.64705583919458,17.491351245590938,17.632007598876953,335255200.0
2012-06-18,17.534655469031705,18.054588155441227,17.516535255788256,17.989788055419922,440412000.0
2012-06-19,17.916697138585192,18.11938832263236,17.907484499359473,18.03984832763672,361404400.0
2012-06-20,18.06441624291571,18.09635623571709,17.836849124645262,17.988561630249023,358943200.0
2012-06-21,17.97935170572057,18.064727323878277,17.733664314296874,17.7407283782959,326351200.0
2012-06-22,17.78279900508798,17.87953746211657,17.671625717766954,17.876773834228516,284471600.0
2012-06-25,17.72935907671496,17.806137076195906,17.516533519365414,17.528818130493164,304382400.0
2012-06-26,17.546019339328705,17.643066151402735,17.423176477562258,17.56751823425293,276536400.0
2012-06-27,17.658728437617434,17.712165691252093,17.564140185127812,17.643373489379883,202997200.0
2012-06-28,17.55645557590972,17.6280113769621,17.370347840024166,17.47599220275879,282836400.0
2012-06-29,17.75085943206409,17.93512535095215,17.635694052826693,17.93512535095215,421500800.0
2012-07-02,17.957540699452117,18.225952064234637,17.922837084052166,18.19677734375,400092000.0
2012-07-03,18.26925525701251,18.42649499764783,18.242230752929395,18.408374786376957,241712800.0
2012-07-05,18.443695396086525,18.86689130679418,18.41574913071477,18.73176383972168,484383200.0
2012-07-06,18.64423145525373,18.68569078076294,18.47501547568906,18.60707092285156,418930400.0
2012-07-09,18.589265295015597,18.85337791806449,18.552719800876105,18.853071212768555,379405600.0
2012-07-10,18.97836712909195,19.03671820981624,18.58956822140064,18.678630828857425,511957600.0
2012-07-11,18.61444812481309,18.66174306601777,18.3411228591078,18.56254768371582,469322000.0
2012-07-12,18.433868086095018,18.5330634622444,18.201693829200934,18.39271545410156,428041600.0
2012-07-13,18.51709533874727,18.64730731306667,18.42649755011311,18.57913017272949,311427200.0
2012-07-16,18.58373951104245,18.783358750720787,18.580667537433943,18.63871192932129,301260400.0
2012-07-17,18.757865057618247,18.779670652736407,18.52323390190384,18.639629364013672,293624800.0
2012-07-18,18.62888210667297,18.68262605738668,18.535827395134497,18.61874771118164,252700000.0
2012-07-19,18.7729143761239,18.897907433207997,18.610760777708016,18.86627578735352,436861600.0
2012-07-20,18.826660318230847,18.869963170161245,18.540128683042568,18.558555603027344,397471200.0
2012-07-23,18.254517179733952,18.607692432475886,18.04906235216352,18.54412078857422,487975600.0
2012-07-24,18.65313693756414,18.723772617946423,18.38073188850913,18.45474624633789,565132400.0
2012-07-25,17.64214283896519,17.83684819834283,17.505171875613698,17.657804489135742,877312800.0
2012-07-26,17.804908085669524,17.824563464700084,17.51622790683366,17.655040740966797,406632800.0
2012-07-27,17.65903463335995,17.991326038425175,17.554003651140967,17.970748901367188,403936400.0
2012-07-30,18.14764701033738,18.409302752541176,18.05244206297412,18.273868560791016,379142400.0
2012-07-31,18.52569404593503,18.7858162253995,18.510032393885783,18.756946563720703,462327600.0
2012-08-01,18.91511034689233,18.930158590130837,18.51863219111479,18.63564109802246,384501600.0
2012-08-02,18.51371388096112,18.754792398628,18.43417225570657,18.66573143005371,332158400.0
2012-08-03,18.845087337143514,18.97867963749768,18.781515692963783,18.90865898132324,344920800.0
2012-08-06,18.957485990666395,19.190275296113143,18.89514445275744,19.11902618408203,302103200.0
2012-08-07,19.125781723208117,19.194267206837345,18.98051987272938,19.068660736083984,290446800.0
2012-08-08,19.021972646163903,19.15986532180424,18.951645315017743,19.036407470703125,244706000.0
2012-08-09,19.05615025979398,19.17582095741446,19.05460850219649,19.14497756958008,221642400.0
2012-08-10,19.0826697956758,19.17673838988156,19.082361773698235,19.174888610839844,194938800.0
2012-08-13,19.22701780695465,19.43088722229004,19.2226989095974,19.43088722229004,278832400.0
2012-08-14,19.488565786557103,19.69644610569908,19.437366585581778,19.48301315307617,340169200.0
2012-08-15,19.470986367950267,19.55426104942488,19.36149521700912,19.45648956298828,257342400.0
2012-08-16,19.46821333045378,19.63938963524778,19.446314109196894,19.626436233520508,254534000.0
2012-08-17,19.73931487444933,19.99191601813839,19.702612482052132,19.98944854736328,442761200.0
2012-08-20,20.0480470465482,20.515005111694336,20.0446538629643,20.515005111694336,613384800.0
2012-08-21,20.68988623642367,20.81510791041712,20.057918858611387,20.23464775085449,812719600.0
2012-08-22,20.184068802646905,20.63375471221519,19.989451545803373,20.62974548339844,565322800.0
2012-08-23,20.544621905327723,20.661515482664257,20.39164196984379,20.43729019165039,420128800.0
2012-08-24,20.34105829649855,20.64855989273764,20.218921767071645,20.45548439025879,437340400.0
2012-08-27,20.97271509634635,20.99985727811519,20.77378059466117,20.839784622192383,427008400.0
2012-08-28,20.818190221914445,20.85273481157505,20.685258121047585,20.812639236450195,267416800.0
2012-08-29,20.826524025684023,20.90116256364315,20.744791095762555,20.771623611450195,202806800.0
2012-08-30,20.684340505199085,20.712406757668084,20.444075001566787,20.475534439086918,302699600.0
2012-08-31,20.579777263913996,20.621414598538397,20.27135000071752,20.517784118652344,338321200.0
2012-09-04,20.53382573318553,20.82312931700708,20.494963885653696,20.817886352539062,367892000.0
2012-09-05,20.83639339331113,20.860450414912044,20.652262053586423,20.671693801879883,336375200.0
2012-09-06,20.76236679753273,20.920281635259844,20.68927003364605,20.85797882080078,391196400.0
2012-09-07,20.912873344322445,21.049508277606385,20.84255373471165,20.98658943176269,329666400.0
2012-09-10,20.986901216000025,21.07449313351469,20.42093787676747,20.440677642822266,487998000.0
2012-09-11,20.51377173079143,20.667675669450524,20.24821557852857,20.37436294555664,503983200.0
2012-09-12,20.567442110264498,20.661512386188317,20.2327999928252,20.65811920166016,712233200.0
2012-09-13,20.891906089138512,21.142657461682088,20.81171493345464,21.06493377685547,598360000.0
2012-09-14,21.28022266188121,21.496737527269502,21.21637642314199,21.320934295654297,600474000.0
2012-09-17,21.569828667813557,21.58370777998314,21.42363513333699,21.583091735839844,398031200.0
2012-09-18,21.586175704097936,21.66173994384954,21.47946005503446,21.648786544799805,373503200.0
2012-09-19,21.597891933121915,21.71293403428788,21.57661041273212,21.65464210510254,326874800.0
2012-09-20,21.56396702555965,21.591726895805078,21.393098789634944,21.549779891967773,336568400.0
2012-09-21,21.66421020229697,21.746251152129403,21.57013991810137,21.59265518188477,571589200.0
2012-09-24,21.18459824743873,21.439358793353765,21.0655452750332,21.305809020996094,639766400.0
2012-09-25,21.227782025327752,21.36719248233056,20.757122663441425,20.773778915405277,518789600.0
2012-09-26,20.62573122798013,20.747559703526026,20.39317789433588,20.515932083129883,576503200.0
2012-09-27,20.488484718455023,21.039951283865094,20.366964248128024,21.013734817504883,594090000.0
2012-09-28,20.93446822370033,21.00725696363401,20.564355847158176,20.575151443481445,535110800.0
2012-10-01,20.70036878465656,20.87278039838565,20.24821553502808,20.337350845336918,543594800.0
2012-10-02,20.41199107358528,20.552017561505288,20.067787155520424,20.39657020568848,627992400.0
2012-10-03,20.506066410148787,20.721965185526667,20.43728689000201,20.709318161010746,424281200.0
2012-10-04,20.703152098325976,20.795680627225423,20.527350528900453,20.565902709960938,370725600.0
2012-10-05,20.51654901806309,20.54122207739684,20.08721900784181,20.12762260437012,594006000.0
2012-10-08,19.95151054333248,19.97248404294856,19.619334321972453,19.682870864868164,637994000.0
2012-10-09,19.6976765063262,19.75442668399745,19.231952128624748,19.611316680908203,838597200.0
2012-10-10,19.731293414930207,19.89290944524033,19.646785017455137,19.767379760742188,510356000.0
2012-10-11,19.93979258606908,19.96138213157786,19.372285842895508,19.372285842895508,546081200.0
2012-10-12,19.417316745001315,19.596821127963967,19.285928042693502,19.42194366455078,460014800.0
2012-10-15,19.5033653597671,19.589107485357527,19.241202395021897,19.577695846557617,432502000.0
2012-10-16,19.59651081931102,20.05699220930025,19.46172730140544,20.041261672973636,549771600.0
2012-10-17,20.01288675933004,20.13378951628069,19.862682379172373,19.88149642944336,389037600.0
2012-10-18,19.72666892302284,19.802849198422592,19.430887049398383,19.512311935424805,476624400.0
2012-10-19,19.463276076473694,19.485481670058515,18.8023166427081,18.80910301208496,744086000.0
2012-10-22,18.88866942479201,19.596816921424512,18.837470240212166,19.555179595947266,546730800.0
2012-10-23,19.461727655232583,19.55117263943552,18.86646603086868,18.91766357421875,707145600.0
2012-10-24,19.166878507107995,19.3244837033514,18.83377647730596,19.02469253540039,558527200.0
2012-10-25,19.122459112354843,19.184145877714013,18.676782527488875,18.79984474182129,656325600.0
2012-10-26,18.7964518628304,18.93740406499169,18.228022723620796,18.62897682189941,1018432800.0
2012-10-31,18.347686468412466,18.56605261686549,18.126236806118413,18.361257553100582,510003200.0
2012-11-01,18.45070668694962,18.598133944618095,18.325794687820743,18.39889144897461,361298000.0
2012-11-02,18.37884281318458,18.411535975147824,17.72682935328707,17.790056228637695,599373600.0
2012-11-05,17.997323094671216,18.128403795703367,17.814733520670366,18.03125,529135600.0
2012-11-06,18.20427990187265,18.220008797244205,17.891535302698713,17.976659774780273,374917200.0
2012-11-07,17.77960717015633,17.80129533269613,17.219113699432082,17.288827896118164,793648800.0
2012-11-08,17.370310940472205,17.419885766820027,16.585188657244064,16.661407470703125,1056146000.0
2012-11-09,16.744123464022508,17.19214491376018,16.53653314880687,16.949853897094727,929913600.0
2012-11-12,17.169531559431693,17.18037646239208,16.689286360912366,16.818798065185547,515802000.0
2012-11-13,16.69734622993576,17.055825441595736,16.618337605616762,16.82097053527832,532949200.0
2012-11-14,16.901521722200894,16.96193976767369,16.61275513579072,16.634443283081055,477170400.0
2012-11-15,16.654582792422584,16.71561969612481,16.192618797348462,16.285568237304688,789910800.0
2012-11-16,16.272556463484747,16.42127756021711,15.669926427410855,16.349395751953125,1266893600.0
2012-11-19,16.753113512437903,17.583162284356032,16.727397821094307,17.528322219848633,823317600.0
2012-11-20,17.71979888850673,17.721038258608758,17.1828537883763,17.378978729248047,642754000.0
2012-11-21,17.48247008085998,17.579137665824007,17.24544420717653,17.403461456298828,373002000.0
2012-11-23,17.57293799426132,17.72258905522507,17.431343667218755,17.707096099853516,272826400.0
2012-11-26,17.843425898967837,18.280293171432252,17.775571616492726,18.26573181152344,630579600.0
2012-11-27,18.2663481401295,18.29330485392823,17.973553981603708,18.11855697631836,533330000.0
2012-11-28,17.885870408052874,18.150160717686827,17.730643018124425,18.061548233032227,520864400.0
2012-11-29,18.28710909378346,18.4119710904585,18.13312107018686,18.260461807250977,514698800.0
2012-11-30,18.18084109250218,18.23072534768302,18.05349865344665,18.134056091308597,391319600.0
2012-12-03,18.39338707737023,18.42251145732713,18.14086988359137,18.162248611450195,364280000.0
2012-12-04,18.026228780085475,18.026228780085475,17.726618845925206,17.841876983642578,557068400.0
2012-12-05,17.62684469380551,17.637378510475244,16.69300016947065,16.693620681762695,1044638000.0
2012-12-06,16.388433556468502,17.143501074478536,16.068992160642015,16.955432891845703,1177212400.0
2012-12-07,17.146292757856568,17.202062756317392,16.421277813766757,16.521974563598633,787040800.0
2012-12-10,16.26636497617647,16.684952834418084,16.160401283921384,16.415706634521484,630484400.0
2012-12-11,16.72398770312463,17.027317336877147,16.649627150132474,16.774181365966797,592345600.0
2012-12-12,16.97185145760735,16.978978247985747,16.61554172327712,16.70012664794922,487144000.0
2012-12-13,16.45691259844343,16.65799671980383,16.291149705612277,16.41167640686035,625259600.0
2012-12-14,15.948777833075606,16.053502118787414,15.664659285557716,15.795099258422852,1009579200.0
2012-12-17,15.768458579285785,16.111446483658998,15.529885564563616,16.0751953125,757607200.0
2012-12-18,16.26636207844935,16.573098766434416,16.1191897583015,16.542116165161133,625685200.0
2012-12-19,16.46682506104468,16.535918708309303,16.281852782734415,16.306949615478516,449369200.0
2012-12-20,16.421286100135863,16.42748295361403,16.07674932025214,16.16505241394043,481689600.0
2012-12-21,15.878137044819356,16.101218709768922,15.809043399347091,16.09068489074707,596268400.0
2012-12-24,16.122286748135306,16.243121192719258,16.07147257547213,16.116708755493164,175753200.0
2012-12-26,16.08046043875207,16.094714024369786,15.836311111574418,15.894559860229492,302436400.0
2012-12-27,15.91128654750158,15.99525262220251,15.636153032114088,15.958382606506348,455120400.0
2012-12-28,15.810593995432887,15.940415125282035,15.743358577247404,15.788904190063477,354278400.0
2012-12-31,15.818027704475783,16.588589934168585,15.770623866319966,16.48851203918457,659492400.0
2013-01-02,17.15930453144021,17.19586511949011,16.78161603433381,17.010892868041992,560518000.0
2013-01-03,16.975267518541028,17.030728102929885,16.76210077378778,16.79618263244629,352965200.0
2013-01-04,16.63723314529851,16.68866617733046,16.29207601704162,16.328327178955078,594333600.0
2013-01-07,16.173413370794712,16.399592681590327,15.962725362939851,16.232282638549805,484156400.0
2013-01-08,16.396808530164485,16.479844714172803,16.15018037429411,16.275972366333008,458707200.0
2013-01-09,16.1888973390639,16.266666556864024,15.987194444487814,16.021587371826172,407604400.0
2013-01-10,16.376353364312457,16.381620274176363,15.97263802170943,16.220197677612305,601146000.0
2013-01-11,16.142429043246874,16.276277725283762,16.081081041188302,16.12074089050293,350506800.0
2013-01-14,15.5748080476761,15.724149676255188,15.445607426078109,15.545994758605955,734207600.0
2013-01-15,15.439101775333778,15.460480498698937,14.976826595361104,15.05552577972412,876772400.0
2013-01-16,15.325698060237611,15.784255015181229,15.25939424972466,15.680459022521973,690804800.0
2013-01-17,15.811213439481934,15.824846511885449,15.55467042305176,15.57480812072754,453678400.0
2013-01-18,15.445912153064876,15.56055138079136,15.380227206487453,15.491768836975098,472922800.0
2013-01-22,15.63305918758489,15.735923610706804,15.387359409065136,15.639565467834473,461546400.0
2013-01-23,15.764735123751317,15.956213652238423,15.63956206299617,15.92584991455078,861509600.0
2013-01-24,14.252429914711453,14.429965955230314,13.95033966345949,13.958086967468262,1460852400.0
2013-01-25,13.994956870595129,14.135621236472812,13.477840879279906,13.629040718078612,1208026400.0
2013-01-28,13.565529168030794,14.042055519907038,13.504491414809396,13.937331199645996,785517600.0
2013-01-29,14.205955489389297,14.258627894502718,14.008280083129405,14.19882869720459,571158000.0
2013-01-30,14.159479861204025,14.332988375483303,14.082021707682811,14.154212951660156,417155200.0
2013-01-31,14.15886086496915,14.230122166947616,14.096894011818366,14.11269474029541,319334400.0
2013-02-01,14.2248560044587,14.236319765338116,13.891473688214337,14.05475616455078,539484400.0
2013-02-04,14.063737214435315,14.12663399442441,13.694723522162612,13.704638481140137,477117200.0
2013-02-05,13.758240688943634,14.24437320423822,13.701540755423032,14.185503959655762,573347600.0
2013-02-06,14.143059134523192,14.45382335591222,14.022532449566,14.17032527923584,593706400.0
2013-02-07,14.43677129159956,14.647127561746505,14.152241925991198,14.591656684875488,704580800.0
2013-02-08,14.7717893204882,14.921688385307109,14.592594487735663,14.802330017089844,633158400.0
2013-02-11,14.849699166027095,15.112725303289912,14.748417226741166,14.956591606140137,517490400.0
2013-02-12,14.943502807956282,15.032944607513606,14.576701555242488,14.581687927246094,609053200.0
2013-02-13,14.560185182349828,14.760570438122144,14.435840438257223,14.55395221710205,475207600.0
2013-02-14,14.476353098535515,14.698241656345845,14.460771518429002,14.540863037109377,355275200.0
2013-02-15,14.611293198211545,14.652119534896482,14.332998385448043,14.34047794342041,391745200.0
2013-02-19,14.36977270220461,14.420570120827016,14.14383312059695,14.335179328918455,435783600.0
2013-02-20,14.263501748486926,14.263501748486926,13.986451870702489,13.988011360168455,476302400.0
2013-02-21,13.899193075913567,13.997984321823166,13.800091430014714,13.901062965393066,447182400.0
2013-02-22,14.000479684127567,14.073714120858291,13.917894134202632,14.049095153808594,330654800.0
2013-02-25,14.143834356641594,14.183412441252385,13.792302574726488,13.799470901489258,372579200.0
2013-02-26,13.8312538473763,14.071841273310865,13.639283542372144,13.99174976348877,501499600.0
2013-02-27,13.974921456884054,14.099890322776025,13.732465779499304,13.854628562927246,587350400.0
2013-02-28,13.838424054583143,13.957470358726964,13.755839347839355,13.755839347839355,322515200.0
2013-03-01,13.649878441269616,13.655488941114095,13.399943238986792,13.415213584899902,552448400.0
2013-03-04,13.33200478268787,13.344470710868894,13.057761020076835,13.090483665466309,582755600.0
2013-03-05,13.135049574474705,13.562308908358204,13.112299669094371,13.436094284057615,638433600.0
2013-03-06,13.541116529603926,13.564178497383656,13.22698178803011,13.265314102172852,460250000.0
2013-03-07,13.22916502654551,13.463208280477817,13.1219605272928,13.4186429977417,468473600.0
2013-03-08,13.394335427920783,13.56978881418223,13.357249702583124,13.45417022705078,391482000.0
2013-03-11,13.392777587414647,13.681358056772924,13.249110649268038,13.645830154418944,474236000.0
2013-03-12,13.575085019894322,13.67730313168368,13.324836927582322,13.351637840270996,465911600.0
2013-03-13,13.35226511149646,13.540806905367264,13.255967876681256,13.34914779663086,405549200.0
2013-03-14,13.488759666526349,13.545166741539228,13.41458906049205,13.478476524353027,303875600.0
2013-03-15,13.647699400083548,13.844033637707648,13.62650731897756,13.82627010345459,643960800.0
2013-03-18,13.757398706873683,14.256335549838433,13.7496079157538,14.20211124420166,606197200.0
2013-03-19,14.319908672379288,14.365721382151312,13.97710391208924,14.163778305053713,526775200.0
2013-03-20,14.255090323869378,14.261634521699929,14.011074296217313,14.088672637939451,308660800.0
2013-03-21,14.030706929687437,14.272539310940813,14.026967150739615,14.108927726745604,383255600.0
2013-03-22,14.166582011551618,14.400934831194636,14.12077096842428,14.395014762878418,395105200.0
2013-03-25,14.48165038391202,14.645574860954952,14.390963659049948,14.44705867767334,501135600.0
2013-03-26,14.505019143464336,14.517485069909846,14.352004473288,14.371014595031738,294294000.0
2013-03-27,14.225172088823111,14.23576729823035,14.046601368163108,14.088672637939451,331237200.0
2013-03-28,14.01824399367741,14.080571991775788,13.762698202867991,13.795108795166016,442839600.0
2013-04-01,13.771419601570996,13.82751544962177,13.330136535385224,13.36659812927246,389732000.0
2013-04-02,13.325773109204617,13.654242006360278,13.288375323374972,13.39402198791504,529519200.0
2013-04-03,13.443264208564608,13.627444606503634,13.410230321400537,13.462586402893066,363216000.0
2013-04-04,13.517747698511318,13.556390422720185,13.252540408772845,13.32951545715332,358447600.0
2013-04-05,13.229164644718097,13.243189231357022,13.078953524368064,13.18865203857422,383695200.0
2013-04-08,13.240073066607202,13.322657775496465,13.16652657338951,13.282456398010254,300829200.0
2013-04-09,13.287129486747611,13.353819707914925,13.174626562115083,13.306450843811035,306614000.0
2013-04-10,13.341353870673087,13.620584829231976,13.276220645932902,13.577889442443848,375928000.0
2013-04-11,13.516496245745818,13.649567115364114,13.437962563205748,13.535507202148438,328364400.0
2013-04-12,13.5298999561028,13.5298999561028,13.372210088867948,13.394336700439451,238613200.0
2013-04-15,13.30707641272292,13.334812692372251,13.07490386315662,13.084253311157228,317520000.0
2013-04-16,13.137856068062234,13.294922644605814,13.106692071384316,13.283392906188965,305771200.0
2013-04-17,13.097339589088744,13.107624396312744,12.40674295300143,12.552902221679688,945056000.0
2013-04-18,12.621154430683236,12.646085459107,12.14590124022923,12.217890739440918,666299200.0
2013-04-19,12.09074238941942,12.45318145643076,12.00130057564052,12.170522689819336,609274400.0
2013-04-22,12.23627691823024,12.534206831522738,12.193583186762122,12.424196243286133,429920400.0
2013-04-23,12.58999106548187,12.72680175376946,12.428560578086064,12.656682968139648,664238400.0
2013-04-24,12.26432665241824,12.940898878637322,12.231915229492875,12.635802268981934,969651200.0
2013-04-25,12.815619556325842,12.900074164247307,12.68379523950852,12.726801872253418,384837600.0
2013-04-26,12.771366249516856,13.05059646403636,12.72274994774289,13.001668930053713,764097600.0
2013-04-29,13.102951634205104,13.513383671749551,13.088927878012564,13.404309272766112,640326400.0
2013-04-30,13.55950525508604,13.875821162319674,13.465077913692632,13.798845291137695,691538400.0
2013-05-01,13.85120287900948,13.865849932594966,13.537380955725016,13.69008445739746,506909200.0
2013-05-02,13.767681549903848,13.979908607585095,13.731843247967978,13.884236335754396,421828400.0
2013-05-03,14.06467578533158,14.124512253930826,13.997361422500678,14.023228645324709,361300800.0
2013-05-06,14.201800595842665,14.404056622148216,14.158171492927384,14.357623100280762,496641600.0
2013-05-07,14.490375226024042,14.514682954276168,14.139155598353186,14.293729782104492,483753200.0
2013-05-08,14.305575152297886,14.50284477404426,14.204915667765071,14.45516300201416,472598000.0
2013-05-09,14.424417502774483,14.524488397076023,14.29172065887176,14.32905101776123,398487600.0
2013-05-10,14.366699662696536,14.421284560996243,14.131735474002529,14.209847450256348,334852000.0
2013-05-13,14.164045567122669,14.364502356915525,14.16373227485613,14.265371322631836,316948800.0
2013-05-14,14.237453976302085,14.279803721677512,13.870419498995403,13.924063682556152,447118000.0
2013-05-15,13.776622593351082,13.83434376413444,13.24959963869305,13.453192710876465,741613600.0
2013-05-16,13.277202249892069,13.735523617678956,13.141055006475426,13.632942199707031,603204000.0
2013-05-17,13.773172459305338,13.805797580763612,13.520954562034843,13.591537475585938,427904400.0
2013-05-20,13.549186759283725,13.98492187601106,13.492406302514617,13.894888877868652,451578400.0
2013-05-21,13.744936828387315,13.974881611916697,13.621023879997871,13.792305946350098,456022000.0
2013-05-22,13.930023891762223,14.064917163666902,13.747134073827429,13.84532356262207,443038400.0
2013-05-23,13.675926931957129,13.99621894784762,13.670907552741909,13.870109558105469,353021200.0
2013-05-24,13.82963851381915,13.980529793119056,13.814267087764891,13.96453094482422,276166800.0
2013-05-28,14.11354296850268,14.151499925703218,13.829640643519904,13.848148345947266,386145200.0
2013-05-29,13.802973486522871,14.038251800645376,13.784150819306722,13.958256721496582,330576400.0
2013-05-30,13.980213792261289,14.257842651644925,13.944451567014005,14.166240692138672,353519600.0
2013-05-31,14.195100951248744,14.339406377148787,14.100990975059512,14.108206748962402,384302800.0
2013-06-03,14.139578352722678,14.190712011671256,13.880772946601352,14.139265060424805,372352400.0
2013-06-04,14.217690819176855,14.255649449317032,14.034801826785,14.095032691955566,292728800.0
2013-06-05,13.98021356234544,14.13926214455247,13.919355289514192,13.963274002075195,290589600.0
2013-06-06,13.974567459195676,14.02256399638169,13.61631779408573,13.754660606384276,416934000.0
2013-06-07,13.693176777415292,13.904613041300994,13.57616462657503,13.859753608703612,404535600.0
2013-06-10,13.951354379950487,14.087814940891551,13.70258775660268,13.76815128326416,450153200.0
2013-06-11,13.669335314490684,13.889554647727422,13.593418064317309,13.727683067321776,286112400.0
2013-06-12,13.787289230030332,13.842187421396552,13.536325351487683,13.557971000671388,265227200.0
2013-06-13,13.567696406260277,13.713254181916016,13.450056826923973,13.676237106323242,285832400.0
2013-06-14,13.65866683411982,13.68658669908084,13.442210395298115,13.490835189819336,271866000.0
2013-06-17,13.534439740193946,13.668077298162256,13.500559784121984,13.552006721496582,259414400.0
2013-06-18,13.53820656824616,13.642983564759628,13.495856825395704,13.544794082641602,195025600.0
2013-06-19,13.533186829440888,13.541343317990853,13.269676208496094,13.269676208496094,310940000.0
2013-06-20,13.153604429573347,13.36315756043973,13.024044689626162,13.076433181762695,357310800.0
2013-06-21,13.128195836140922,13.175565797579884,12.802257932445809,12.971657752990724,481118400.0
2013-06-24,12.780296454486244,12.819823211047892,12.486982890927958,12.627836227416992,480746000.0
2013-06-25,12.72697014287219,12.79253367625239,12.511455199166916,12.63066291809082,314162800.0
2013-06-26,12.670502658885738,12.698422530517584,12.41201055243429,12.487613677978516,367724000.0
2013-06-27,12.524631079564204,12.591762749855995,12.345505789860628,12.353034019470217,337246000.0
2013-06-28,12.277118508885057,12.55662801335805,12.199005691820933,12.439303398132324,578516400.0
2013-07-01,12.63254113067663,12.93306960179005,12.586426027214833,12.83738899230957,391053600.0
2013-07-02,12.86060729250506,13.226699380812857,12.84523586617501,13.128195762634276,469865200.0
2013-07-03,13.202544879789857,13.269050805020084,13.095572310950972,13.20066261291504,240928800.0
2013-07-05,13.187799270577171,13.27877297297522,13.02969223308784,13.09462833404541,274024800.0
2013-07-08,13.179016144808472,13.206935176757751,12.882251301918776,13.020280838012695,298138400.0
2013-07-09,12.97479476367067,13.28536121849095,12.87378230090382,13.249285697937012,352584400.0
2013-07-10,13.163018197780536,13.32614464392758,13.120668449344652,13.198466300964355,281405600.0
2013-07-11,13.268107643286536,13.434371179673963,13.21226874146697,13.404254913330078,326292400.0
2013-07-12,13.41555063299696,13.482683145303078,13.282540453014,13.379788398742676,279563200.0
2013-07-15,13.33273242232585,13.535070659031264,13.326144069665537,13.408961296081545,241917200.0
2013-07-16,13.38009852304574,13.5115405349605,13.306378512730667,13.495542526245115,216538000.0
2013-07-17,13.479855894557051,13.55890940580443,13.433427495658163,13.498991012573242,198990400.0
2013-07-18,13.59530080317798,13.642042503199622,13.508405755446931,13.54448127746582,218878800.0
2013-07-19,13.586514041777924,13.614119774965085,13.312023170870058,13.330845832824709,268721600.0
2013-07-22,13.472330135047944,13.481427339121325,13.34716232408544,13.373513221740724,207796400.0
2013-07-23,13.363787846136663,13.393903275722794,13.135097886504605,13.143881797790527,369395600.0
2013-07-24,13.769408017609894,13.946964338784037,13.654278958299589,13.818973541259766,591936800.0
2013-07-25,13.82493315737564,13.846892097943734,13.671531352637206,13.7559175491333,229493600.0
2013-07-26,13.655529473478904,13.835595426745371,13.625414050531711,13.834027290344238,200152400.0
2013-07-29,13.828069510746076,14.11636374709634,13.80924768124755,14.047348976135254,248057600.0
2013-07-30,14.115421844438778,14.3409755266207,14.092521352113556,14.220827102661133,309422400.0
2013-07-31,14.273216066548958,14.346935248354765,14.098796033399998,14.196043968200684,322957600.0
2013-08-01,14.297057011226698,14.329994582308291,14.218943366685528,14.3262300491333,206250800.0
2013-08-02,14.36795389938652,14.51978672738253,14.325604155644776,14.510061264038086,274783600.0
2013-08-05,14.577508293007345,14.76510335530942,14.497828181167106,14.726831436157228,318855600.0
2013-08-06,14.681971490748612,14.803374758688427,14.498454260581088,14.595075607299805,334857600.0
2013-08-07,14.54958704717916,14.649972921237357,14.485904952036952,14.586604118347168,298858000.0
2013-08-08,14.647553014943256,14.655131795318216,14.460928499448302,14.557557106018066,255777200.0
2013-08-09,14.482716564908902,14.540188137531382,14.325145732784089,14.350406646728516,266865200.0
2013-08-12,14.426504173325382,14.79880190386835,14.419240756951874,14.758068084716797,364434000.0
2013-08-13,14.87111819900462,15.620137271568968,14.77985749677806,15.459407806396484,881941200.0
2013-08-14,15.721817328059396,15.922965266755003,15.5803501640651,15.741394996643066,756372400.0
2013-08-15,15.675714536619106,15.864548231908792,15.443934426709404,15.722764015197754,490294000.0
2013-08-16,15.793497380218993,15.881599420640306,15.7527635514158,15.862337112426758,362306000.0
2013-08-19,15.92580446306715,16.222633173599622,15.915068704669949,16.03316879272461,510518400.0
2013-08-20,16.095380810531747,16.12253725931991,15.814655679924096,15.822549819946287,358688400.0
2013-08-21,15.902124086414474,16.014539262465174,15.826653347900232,15.86328411102295,335879600.0
2013-08-22,15.946023719080443,15.965286034981306,15.731927344490872,15.88223648071289,244207600.0
2013-08-23,15.892021394248475,15.894547654147098,15.768238032059545,15.820972442626951,222731600.0
2013-08-26,15.812442616744272,16.110851524553254,15.804548477802584,15.882545471191406,330965600.0
2013-08-27,15.72560908264066,15.868025738699805,15.35615279826229,15.428464889526367,424188800.0
2013-08-28,15.346676529128862,15.65613658917756,15.346676529128862,15.501405715942385,307608000.0
2013-08-29,15.525089104313857,15.67823979338221,15.508668417421324,15.526667594909668,239657600.0
2013-08-30,15.536142217577783,15.566140288432065,15.36246606922339,15.385202407836914,272297200.0
2013-09-03,15.570873776082465,15.807704678325806,15.389303530123996,15.428143501281738,331928800.0
2013-09-04,15.77486519204134,15.85949319156572,15.671290247902231,15.747391700744627,345032800.0
2013-09-05,15.796657631420638,15.810236699997285,15.587929201498664,15.639400482177734,236367600.0
2013-09-06,15.739498677016542,15.769179692869782,15.471404901322154,15.732550621032717,359525600.0
2013-09-09,15.94664971852793,16.03885651876438,15.898652466689288,15.983595848083496,340687200.0
2013-09-10,15.98454489717911,16.024017289804025,15.457200747225617,15.619508743286133,743195600.0
2013-09-11,14.747021273209306,14.957958930333016,14.67755080752691,14.769126892089844,898696400.0
2013-09-12,14.794069311555486,15.011953294522144,14.715439904936082,14.926379203796388,404051200.0
2013-09-13,14.820598250728995,14.89922599692497,14.674080208148943,14.680394172668455,298835600.0
2013-09-16,14.557238137787936,14.57649875844066,14.12209921440832,14.21367359161377,543706800.0
2013-09-17,14.145471109653194,14.5165075899659,14.130945955776928,14.37788200378418,399380800.0
2013-09-18,14.626079169520978,14.726180114604556,14.5465036654572,14.67344570159912,456862000.0
2013-09-19,14.863542799966918,15.025535431712068,14.817754758028148,14.914066314697266,404541200.0
2013-09-20,15.094057795007028,15.111424567703832,14.715127226827912,14.759652137756348,699302800.0
2013-09-23,15.665616244748533,15.69119421345477,15.23931901487446,15.493203163146973,762106800.0
2013-09-24,15.627085736431756,15.64571563780143,15.404149209631363,15.444567680358888,364344400.0
2013-09-25,15.44772688307068,15.461619626149874,15.202369370253033,15.205526351928713,316957200.0
2013-09-26,15.346676065937617,15.427512999091478,15.280362595635196,15.353622436523438,237221600.0
2013-09-27,15.27657626685442,15.30468048851131,15.179949348866128,15.244051933288574,228040400.0
2013-09-30,15.070376600959356,15.2096329004694,14.980696050001496,15.054588317871094,260156400.0
2013-10-01,15.108266523409965,15.445830825134482,15.106055624458287,15.4085693359375,353883600.0
2013-10-02,15.334991534408449,15.52982380955013,15.275626124994982,15.45909023284912,289184000.0
2013-10-03,15.489091286735382,15.54719526408191,15.180580652039284,15.264891624450684,322753200.0
2013-10-04,15.279099264651684,15.302466322085452,15.113001916664588,15.252890586853027,258868400.0
2013-10-07,15.364362539418073,15.556668600986487,15.326153278535552,15.401939392089844,312292400.0
2013-10-08,15.471090186447714,15.493195800905484,15.174263118953672,15.186894416809082,290917200.0
2013-10-09,15.303731488520947,15.403200019480725,15.102898888491485,15.365307807922363,301725200.0
2013-10-10,15.51466796353705,15.548138370969802,15.379514771997991,15.46161651611328,278602800.0
2013-10-11,15.37793399794936,15.594239446181389,15.32014708754559,15.561715126037598,267738800.0
2013-10-14,15.467617092719966,15.712342152695284,15.452459536030045,15.66371250152588,261898000.0
2013-10-15,15.710131817742624,15.851916026339833,15.647294062948742,15.747077941894531,320073600.0
2013-10-16,15.813707446154844,15.868652750257375,15.764447069467971,15.823812484741213,251101200.0
2013-10-17,15.788131160779464,15.939703382782913,15.778658529312438,15.930861473083496,253593200.0
2013-10-18,15.97791222816195,16.081170148236446,15.969070318691754,16.069486618041992,290542000.0
2013-10-21,16.160431551648617,16.556098177708968,16.15253741060894,16.463260650634766,398106800.0
2013-10-22,16.622720000681863,16.687137918236264,16.04232464831558,16.416202545166016,534063600.0
2013-10-23,16.38873563251556,16.59935960819375,16.38873563251556,16.57693862915039,313723200.0
2013-10-24,16.578200919357013,16.814085796594277,16.497679337397322,16.796401977539062,384764800.0
2013-10-25,16.777767197913555,16.838080375901857,16.581671794063258,16.60851287841797,337792000.0
2013-10-28,16.705768362485667,16.76766170951618,16.52167187096666,16.7322940826416,550440800.0
2013-10-29,16.934078318263946,17.028178960551287,16.247898640544186,16.315473556518555,635807200.0
2013-10-30,16.40799570958316,16.65777328263228,16.326209326666543,16.575040817260742,354163600.0
2013-10-31,16.578204322873248,16.656832069287397,16.46041954051216,16.50557518005371,275696400.0
2013-11-01,16.54725509337827,16.571885283872486,16.28895092443422,16.421260833740234,274890000.0
2013-11-04,16.455051470130986,16.635675712648325,16.382739375505142,16.633464813232422,244627600.0
2013-11-05,16.564937325303948,16.7010366113706,16.51504454091821,16.592409133911133,265213200.0
2013-11-06,16.647994720222094,16.670546602705713,16.459011810904126,16.5454044342041,223375600.0
2013-11-07,16.502840115342064,16.617499325224664,16.274154403399727,16.277647018432617,262620400.0
2013-11-08,16.344033667387343,16.55207414703771,16.280827330835546,16.53396987915039,279316800.0
2013-11-11,16.515867520860866,16.569227028101462,16.338636335591474,16.486011505126953,227452400.0
2013-11-12,16.44217490309996,16.640687407832413,16.420895225653613,16.516498565673828,204276800.0
2013-11-13,16.45265943511328,16.587648440315117,16.41962631262898,16.53619384765625,197220800.0
2013-11-14,16.605436854347122,16.810936364278987,16.57558083630051,16.77536392211914,282419200.0
2013-11-15,16.72517627639542,16.804897476238832,16.658794527498188,16.67467498779297,317920400.0
2013-11-18,16.674678400814145,16.744554475935114,16.459014852946005,16.472671508789062,244944000.0
2013-11-19,16.485373621290968,16.62353803981828,16.451706094662644,16.501890182495117,208938800.0
2013-11-20,16.49172902651224,16.529526972247197,16.33609641325629,16.357376098632812,193916800.0
2013-11-21,16.439957721628083,16.554618674705424,16.315134425070564,16.55239486694336,262026800.0
2013-11-22,16.500938848185218,16.584790472648116,16.469495125112193,16.50983238220215,223725600.0
2013-11-25,16.54857710233665,16.702621954994843,16.547942698226116,16.63496971130371,229311600.0
2013-11-26,16.647041232483257,17.02882025723962,16.643231414695002,16.941791534423828,401382800.0
2013-11-27,17.034219091120363,17.34199163502763,16.941791149558295,17.340721130371094,363448400.0
2013-11-29,17.452527510097,17.733619515265467,17.399485201745055,17.66183853149414,318127600.0
2013-12-02,17.723135551428165,17.924187411807186,17.495085889640237,17.508108139038086,472544800.0
2013-12-03,17.73266218320956,17.98929903062315,17.712970209505045,17.98739242553711,450968000.0
2013-12-04,17.961349363656936,18.07855130524043,17.81270370205241,17.94546890258789,377809600.0
2013-12-05,18.18844421039903,18.26753099593698,17.99025059532869,18.037574768066406,447580000.0
2013-12-06,17.970558960458643,18.001051072196763,17.77300142342638,17.78729248046875,344352400.0
2013-12-09,17.81524323956204,18.090935959476173,17.81524323956204,17.990886688232422,320493600.0
2013-12-10,17.900366165773004,18.036942875429556,17.824771984916477,17.962936401367188,278269600.0
2013-12-11,18.008990816959965,18.13508628031102,17.776812458381603,17.829853057861328,359718800.0
2013-12-12,17.854630308938024,17.956267295020258,17.787612456487626,17.803810119628906,262290000.0
2013-12-13,17.877178396178742,17.87813169868333,17.58560522746715,17.609743118286133,332822000.0
2013-12-16,17.62848460579096,17.870509807401394,17.628167403691865,17.707252502441406,282592800.0
2013-12-17,17.653575548748105,17.768870876918438,17.576393663694724,17.627531051635742,229902400.0
2013-12-18,17.459511212941155,17.515094520869493,17.113306318484437,17.49349594116211,565863200.0
2013-12-19,17.4531576576444,17.469038117179927,17.26989118374164,17.29307746887207,320308800.0
2013-12-20,17.323883374435834,17.520172057954674,17.304508606956684,17.437908172607422,436413600.0
2013-12-23,18.040758029187703,18.12715067731861,17.874326954517816,18.107141494750977,501306400.0
2013-12-24,18.100787734073,18.16399408452656,17.978186548099835,18.030277252197266,167554800.0
2013-12-26,18.043925846181487,18.08839350054211,17.894009718300822,17.910526275634766,204008000.0
2013-12-27,17.907985048761123,17.926723716384252,17.770773966654215,17.789512634277344,225884400.0
2013-12-30,17.705985394897333,17.789518116130086,17.542728074254704,17.61260414123535,253629600.0
2013-12-31,17.601487142202313,17.82731298959278,17.596086225074888,17.819055557250977,223084400.0
2014-01-02,17.64944239903141,17.69232064786707,17.53319379751208,17.568449020385742,234684800.0
2014-01-03,17.55987604768942,17.586554944809972,17.16507484803803,17.182544708251953,392467600.0
2014-01-06,17.070430326418645,17.36740277959556,16.948146354215325,17.276247024536133,412610800.0
2014-01-07,17.288635333002226,17.340724337285405,17.08535963916729,17.152694702148438,317209200.0
2014-01-08,17.113627933675637,17.328020990437256,17.109818114895134,17.261322021484375,258529600.0
2014-01-09,17.36740291696928,17.36930952240476,17.003729804028826,17.040891647338867,279148800.0
2014-01-10,17.14602015875737,17.17682947270195,16.869056927890043,16.927181243896484,304976000.0
2014-01-13,16.83094437158154,17.230825980940686,16.82999106896911,17.015798568725586,378492800.0
2014-01-14,17.094886466924184,17.365180004021255,17.077099399598993,17.354381561279297,332561600.0
2014-01-15,17.58084331251764,17.793012524174795,17.521765687768717,17.702808380126953,391638800.0
2014-01-16,17.624673979549936,17.68660981285306,17.52239919705661,17.604028701782227,229278000.0
2014-01-17,17.516053396214456,17.534792074133115,17.148249805033032,17.172706604003906,426739600.0
2014-01-21,17.182869606314465,17.471267459895863,17.16476533390212,17.43950653076172,328526800.0
2014-01-22,17.49794262904347,17.700582179217005,17.399481065287862,17.517000198364258,379985200.0
2014-01-23,17.467139096468305,17.67549683452414,17.30420064145679,17.665332794189453,403239200.0
2014-01-24,17.59608186127817,17.64753644027108,17.302284934043705,17.34421157836914,429354800.0
2014-01-27,17.47125813023394,17.621491451559347,17.33404705430259,17.484914779663086,554878800.0
2014-01-28,16.159177584374333,16.357371205362423,15.946689514998557,16.0873966217041,1065523200.0
2014-01-29,16.006399961371848,16.11502553381614,15.837109081252455,15.90476131439209,502810000.0
2014-01-30,15.96162268269866,16.087400970879155,15.776134057063787,15.8739595413208,678501600.0
2014-01-31,15.727852380749129,15.929540335906694,15.676080586740971,15.900001525878906,464797200.0
2014-02-03,15.963845217216258,16.126466438068757,15.858713914139216,15.92954158782959,401464000.0
2014-02-04,16.066744316057978,16.181405193285876,15.968599992495506,16.160123825073242,376681200.0
2014-02-05,16.089300774089974,16.36626396788774,16.079453940223832,16.280824661254883,328344800.0
2014-02-06,16.297438911259594,16.40735461155355,16.225545685216954,16.375720977783203,257765200.0
2014-02-07,16.65913523189204,16.708660690264033,16.531327707475356,16.604816436767578,370280400.0
2014-02-10,16.572229584425266,16.99815067907793,16.551141627791957,16.902294158935547,345559200.0
2014-02-11,16.954053936531544,17.182190505445842,16.918585971979294,17.124998092651367,282256800.0
2014-02-12,17.15663382932007,17.240028358079037,17.03809213539468,17.123722076416016,308100800.0
2014-02-13,17.083460962293614,17.409052995584215,17.06876355457296,17.395633697509766,307398000.0
2014-02-14,17.33300626342637,17.44515910466745,17.292748369345674,17.381572723388672,272924400.0
2014-02-18,17.445797540140397,17.611627575712042,17.43333554436164,17.445478439331055,260251600.0
2014-02-19,17.40585489791524,17.474232903036153,17.073554959625195,17.1700496673584,313768000.0
2014-02-20,17.03010482650895,17.158233213066843,16.902616348122475,16.9713134765625,305858000.0
2014-02-21,17.023708807940555,17.080583827944903,16.762022284755833,16.782791137695312,278784800.0
2014-02-24,16.715690559027312,16.93200501688613,16.692365490400544,16.856277465820312,288909600.0
2014-02-25,16.91475324745379,16.92082298761004,16.64699528641983,16.680864334106445,231952000.0
2014-02-26,16.730392517828392,16.77480554924422,16.474456601131426,16.530372619628906,276217200.0
2014-02-27,16.523663730640457,16.89558513128415,16.488835666979604,16.860118865966797,301882000.0
2014-02-28,16.905172628693258,17.022437934554386,16.68278662089728,16.814430236816406,371968800.0
2014-03-03,16.724324684896928,16.95533836605678,16.704833934734733,16.86299705505371,238781200.0
2014-03-04,16.966517085300854,17.018917870944364,16.863311017940394,16.974184036254883,259140000.0
2014-03-05,16.963963281619005,17.08633759699967,16.90676744394534,17.009973526000977,200062800.0
2014-03-06,17.02371423275668,17.076435840257773,16.873859684351366,16.958532333374023,185488800.0
2014-03-07,16.969394420828326,16.997831935367678,16.808356009660752,16.948625564575195,220729600.0
2014-03-10,16.882167139358167,17.04096844672135,16.88152723123058,16.963964462280273,178584000.0
2014-03-11,17.1087118701091,17.213832597083165,17.01732784186953,17.129159927368164,279224400.0
2014-03-12,17.078665216587464,17.169407566764875,16.998465135424777,17.145763397216797,199326400.0
2014-03-13,17.172293917087188,17.24322646424755,16.907730259664586,16.955339431762695,257742800.0
2014-03-14,16.89590601779866,16.963005932742906,16.710904306830734,16.764904022216797,237199200.0
2014-03-17,16.8610731846666,16.933602905688673,16.80196105249256,16.830398559570312,199544800.0
2014-03-18,16.803567489922347,16.997516002032082,16.78120141671833,16.97930335998535,209647200.0
2014-03-19,17.006783379085505,17.13395106457405,16.90261826193674,16.974830627441406,224756000.0
2014-03-20,16.931056477520023,17.01988427751659,16.849899044654084,16.893033981323242,208398400.0
2014-03-21,16.99623708780024,17.05439024051686,16.817306804211903,17.02627182006836,374046400.0
2014-03-24,17.20360154311663,17.270061538222585,17.096242039378446,17.22820472717285,355700800.0
2014-03-25,17.302017196524744,17.437812529727587,17.24098702409232,17.413528442382812,282293200.0
2014-03-26,17.46241611874938,17.54165722548208,17.217664047369432,17.247058868408203,299768000.0
2014-03-27,17.25472708822222,17.30201715293237,17.09816289679019,17.172929763793945,222031600.0
2014-03-28,17.20040533659641,17.220215182788227,17.070360667078635,17.15375518798828,200564000.0
2014-03-31,17.229489268690532,17.2799737652939,17.124046036846178,17.14992904663086,168669200.0
2014-04-01,17.182508742410025,17.313833204606563,17.150876814295874,17.30680274963379,200760000.0
2014-04-02,17.33013593342949,17.365283105485275,17.262397809337312,17.335567474365234,180420800.0
2014-04-03,17.298502837352235,17.333969107940717,17.178683018168662,17.21542739868164,162344000.0
2014-04-04,17.248021273011105,17.254091016365273,16.953103757010503,16.99272346496582,275251200.0
2014-04-07,16.871301725428967,16.96332392359843,16.675436946596665,16.725919723510742,289850400.0
2014-04-08,16.780870602292676,16.81058621432481,16.57350122587248,16.72495460510254,243888400.0
2014-04-09,16.699397960115537,16.950221425722905,16.679588114330603,16.94478988647461,206169600.0
2014-04-10,16.95629115516396,17.00613743002265,16.716332474635927,16.726238250732422,239652000.0
2014-04-11,16.583090481532636,16.705468188193766,16.52366094851508,16.602582931518555,271717600.0
2014-04-14,16.675756625611683,16.684063486297806,16.525902087457624,16.66872787475586,205674000.0
2014-04-15,16.623671455416076,16.667444574928016,16.33801994052214,16.549861907958984,266490000.0
2014-04-16,16.552743251776796,16.649877907505847,16.42781098274862,16.583417892456055,214765600.0
2014-04-17,16.615049677356094,16.862997901215884,16.589487477033874,16.772891998291016,284334400.0
2014-04-21,16.785670913987094,17.002944469184527,16.741576977380547,16.971952438354492,182548800.0
2014-04-22,16.880563566123993,16.99303549402715,16.822731245137117,16.988882064819336,202563200.0
2014-04-23,16.904528495475564,16.970669381103555,16.757228511257452,16.766815185546875,394940000.0
2014-04-24,18.15545668596056,18.21265082768516,17.916455239233592,18.14139747619629,759911600.0
2014-04-25,18.037873084918296,18.276234634156246,18.019662149932667,18.274639129638672,390275200.0
2014-04-28,18.302112293142105,19.03541107436819,18.294122827935656,18.982370376586918,669485600.0
2014-04-29,18.9711927854888,19.042765243914285,18.83603563007333,18.92613983154297,337377600.0
2014-04-30,18.93604097766352,19.152995419108148,18.845296890144706,18.85456275939941,456640800.0
2014-05-01,18.915592909132087,19.0050588948602,18.73538453420976,18.89897918701172,244048000.0
2014-05-02,18.92645704028032,18.985888294794453,18.84242259788332,18.93412399291992,191514400.0
2014-05-05,18.8561583465496,19.203157409963534,18.8516841099206,19.20187759399414,287067200.0
2014-05-06,19.22872583205672,19.31212038146876,18.99260139465332,18.99260139465332,374564400.0
2014-05-07,19.019440161440023,19.084622069432697,18.779160584432304,18.92613983154297,282864400.0
2014-05-08,18.900755907526865,19.09868077607313,18.84131529989714,18.89240264892578,230297200.0
2014-05-09,18.78154943574408,18.836492523111577,18.646279173703807,18.81368064880371,291597600.0
2014-05-12,18.876336200949453,19.074580218906792,18.873443104660385,19.04791259765625,213208800.0
2014-05-13,19.021240094104883,19.10285079197167,18.97947209585477,19.077789306640625,159737200.0
2014-05-14,19.035056399440823,19.194744644547185,19.01288629459804,19.081323623657227,166404000.0
2014-05-15,19.107995481571624,19.16904221176894,18.89400589488435,18.9190673828125,230846000.0
2014-05-16,18.912956580979092,19.198918285868366,18.80917579674575,19.19827651977539,276256400.0
2014-05-19,19.20920779237965,19.51380485656059,19.19249956004253,19.42576789855957,317755200.0
2014-05-20,19.423194500550984,19.483920344843213,19.30174109601399,19.42962074279785,234836000.0
2014-05-21,19.40135151899831,19.493565121992237,19.34448140175712,19.481035232543945,196859600.0
2014-05-22,19.49035043112827,19.59477474329457,19.410024961128816,19.511877059936523,200760000.0
2014-05-23,19.51123078266969,19.75156708668147,19.486169296734435,19.732288360595703,232209600.0
2014-05-27,19.788518489301094,20.109180273875783,19.78048611502368,20.101791381835938,348866000.0
2014-05-28,20.114323344978224,20.236741134445623,20.04235113623948,20.04974174499512,315481600.0
2014-05-29,20.17311384614012,20.46293129226845,20.17054334989213,20.41505622863769,376474000.0
2014-05-30,20.49860167797968,20.69748916487571,20.206857131717005,20.338592529296875,564020800.0
2014-06-02,20.369435734166576,20.39738859834561,20.001219809857552,20.19882202148437,369350800.0
2014-06-03,20.192716328772747,20.523018279903248,20.18596920414825,20.48446083068848,292709200.0
2014-06-04,20.4812556778631,20.81701962186973,20.43852158580322,20.7183780670166,335482000.0
2014-06-05,20.762713936756658,20.86456773415626,20.647365888253557,20.79966354370117,303805600.0
2014-06-06,20.88159962422414,20.92529807848361,20.707131838220157,20.74247360229492,349938400.0
2014-06-09,20.84946751752584,21.11486534755133,20.63580051465438,21.07438087463379,301660000.0
2014-06-10,21.306039209717383,21.37801140230069,21.045138939132634,21.19808006286621,251108000.0
2014-06-11,21.171094582607036,21.31279110179017,21.02265265293042,21.11036872863769,182724000.0
2014-06-12,21.15085395987154,21.16884744167382,20.66953947535419,20.75725555419922,218996000.0
2014-06-13,20.73700827581738,20.79098871033712,20.44012274976891,20.530088424682617,218100000.0
2014-06-16,20.581821905379535,20.860713989297995,20.56832593702916,20.737010955810547,142244000.0
2014-06-17,20.76175299506694,20.84946907360944,20.64704840986697,20.710023880004883,118904000.0
2014-06-18,20.75275098789368,20.757250215163424,20.545831148248546,20.73250961303711,134056000.0
2014-06-19,20.7572505159986,20.75950012966608,20.543581832352142,20.66053771972656,142112000.0
2014-06-20,20.65829201253576,20.81573239593441,20.444625004437395,20.446874618530277,403592000.0
2014-06-23,20.539083921057223,20.606558602148095,20.377146059201063,20.42887687683105,174776000.0
2014-06-24,20.410885324147863,20.633549047217297,20.28493440458577,20.30517578125,156144000.0
2014-06-25,20.28943045959924,20.399637506303613,20.163479549079952,20.32316780090332,147476000.0
2014-06-26,20.325420145677334,20.47836129298088,20.19721960425765,20.444623947143555,130516000.0
2014-06-27,20.4266283267762,20.6920261217586,20.41538197402468,20.68752861022949,256116000.0
2014-06-30,20.71451894338185,21.08112879769485,20.712269329442083,20.90119743347168,197929200.0
2014-07-01,21.03389549255371,21.15759851999728,20.94617942434924,21.03389549255371,152892000.0
2014-07-02,21.11261841977721,21.15535079274379,20.937184551769978,21.02490234375,113860000.0
2014-07-03,21.06762879050497,21.16434157993951,20.96191926298903,21.14859771728516,91567200.0
2014-07-07,21.17333865489933,21.58942793105796,21.1643419166748,21.584930419921875,225872000.0
2014-07-08,21.65240207281793,21.77160756011742,21.123856174755485,21.44548225402832,260888000.0
2014-07-09,21.465725568736083,21.58043011447437,21.312784458466083,21.454479217529297,145744000.0
2014-07-10,21.087876035281628,21.49047113500054,21.0338955961571,21.37576484680176,158744000.0
2014-07-11,21.44773414142789,21.56693792541368,21.33527748242961,21.41624641418457,136072000.0
2014-07-14,21.560194020803475,21.791854498389927,21.51296242288366,21.69289207458496,171240000.0
2014-07-15,21.771610342159388,21.782854978732416,21.37351279971022,21.43873786926269,181911600.0
2014-07-16,21.80984238580822,21.839080496274786,21.30828498535146,21.31728172302246,213585200.0
2014-07-17,21.37350999636369,21.42973831971136,20.82022350053689,20.93717765808105,229192000.0
2014-07-18,21.056382417997117,21.30828419968821,20.92143307386009,21.238561630249023,199952000.0
2014-07-21,21.36452066600685,21.36677028018736,21.078881439385707,21.12836265563965,156316000.0
2014-07-22,21.294792400420096,21.342023989918506,21.168841495091,21.303789138793945,220788000.0
2014-07-23,21.46122975716259,22.014516348730137,21.405001424085167,21.85932731628418,371672000.0
2014-07-24,21.8255890759776,21.88856453188293,21.686142197935457,21.823339462280277,182916000.0
2014-07-25,21.782861963030037,22.005525743618,21.735630355993376,21.9672908782959,173876000.0
2014-07-28,22.001018805754192,22.32039527801517,21.94029297013646,22.27091407775879,221272000.0
2014-07-29,22.34064281163544,22.36538341668552,22.097735988936066,22.12697410583496,172572000.0
2014-07-30,22.14046806580182,22.19894429429756,21.96728384615392,22.07524299621582,132040000.0
2014-07-31,21.852576802571875,21.91780014879041,21.440985056434823,21.501710891723636,227372000.0
2014-08-01,21.34427583283329,21.73112704355204,21.324032740389715,21.62091827392578,194044000.0
2014-08-04,21.67490171675418,21.72213331773818,21.40500464776345,21.499467849731445,159832000.0
2014-08-05,21.44773941026521,21.51971162106666,21.22282603701659,21.393760681152344,223732000.0
2014-08-06,21.310541226650145,21.47472873729422,21.301544486181022,21.35777282714844,154232000.0
2014-08-07,21.45722445327617,21.687776405678,21.26961742148098,21.35551071166992,186844000.0
2014-08-08,21.30578170380291,21.43235910108344,21.084269534074284,21.414276123046875,167460000.0
2014-08-11,21.534077821725443,21.717164998892997,21.436883947879597,21.696821212768555,146340000.0
2014-08-12,21.708119156964685,21.897985258802628,21.61092530259876,21.692296981811523,135180000.0
2014-08-13,21.73298076511209,21.97935485839844,21.70811710301139,21.97935485839844,127664000.0
2014-08-14,21.999700955251075,22.0539481671436,21.879904238598197,22.03812599182129,112464000.0
2014-08-15,22.128540631455383,22.194090140570665,21.8934670649865,22.146623611450195,195804000.0
2014-08-18,22.261900614888237,22.460809962707344,22.14662548775274,22.41334342956543,190288000.0
2014-08-19,22.46984857644145,22.75690854235077,22.449504793706563,22.72300338745117,277596000.0
2014-08-20,22.702664482733603,22.84958396689349,22.591907513044266,22.73204803466797,210796000.0
2014-08-21,22.732043624701745,22.81567610558158,22.628069086695525,22.734304428100582,133912000.0
2014-08-22,22.668756609225703,22.935474522005187,22.646153747021582,22.90156936645508,176736000.0
2014-08-25,23.00780960446813,23.093701188889245,22.892532740898787,22.95130157470703,161080000.0
2014-08-26,22.92417141227891,22.94225439119337,22.79759400885324,22.80437469482422,132608000.0
2014-08-27,22.83375435453729,23.18410468228154,22.76142417568211,23.08465003967285,209476000.0
2014-08-28,22.96260195623225,23.23158072750881,22.955821268635056,23.11178398132324,273840000.0
2014-08-29,23.24966087478736,23.258702365310132,23.10047886789345,23.168289184570312,178380000.0
2014-09-02,23.294862623138226,23.44856448679057,23.2180125535559,23.34911155700684,214256000.0
2014-09-03,23.30389966245895,23.326502518344554,22.28223574583813,22.36360740661621,501684000.0
2014-09-04,22.343270886213112,22.62355018410083,22.103677431929093,22.178268432617188,342872000.0
2014-09-05,22.33197252401668,22.46533063737768,22.22121555162848,22.370397567749023,233828000.0
2014-09-08,22.44498026355725,22.447239342125048,22.1624402387113,22.23250961303711,185426800.0
2014-09-09,22.395263549356752,23.29939205704668,21.730728544368407,22.148887634277344,759385200.0
2014-09-10,22.15340349043945,22.85410255706629,22.096895473381032,22.82923889160156,403478400.0
2014-09-11,22.695879716061903,22.92869245931483,22.517314183739813,22.92643165588379,249412400.0
2014-09-12,22.876710491662067,23.098222726423725,22.84732693709181,22.978425979614254,250504400.0
2014-09-15,23.23835369714677,23.292602628883454,22.92869090313277,22.971635818481445,245266000.0
2014-09-16,22.558002522181177,22.888009155676325,22.352312499362124,22.797595977783203,267632400.0
2014-09-17,22.89026367357163,23.01006210198858,22.736561819127573,22.96033477783203,243706000.0
2014-09-18,23.039451132773745,23.134384197232677,22.95581863818583,23.0078067779541,149197600.0
2014-09-19,23.12082306484207,23.134384438623997,22.71622541029722,22.820199966430664,283609600.0
2014-09-22,23.010068954231,23.086919042094667,22.734309510507288,22.842803955078125,211153600.0
2014-09-23,22.73882645729045,23.267742410854368,22.72526508459246,23.199932098388672,253608800.0
2014-09-24,23.091439933263803,23.247400908055173,22.874447601880245,22.99876594543457,240687200.0
2014-09-25,22.718491779485078,22.763697519490968,22.087861876818742,22.121767044067383,400368000.0
2014-09-26,22.270938428314683,22.772729873657227,22.24155488155136,22.772729873657227,249482000.0
2014-09-29,22.29806421362169,22.702661828821924,22.2935426064754,22.628070831298828,199065200.0
2014-09-30,22.786291245319106,22.951295406652225,22.72300254491333,22.772729873657227,221056400.0
2014-10-01,22.73656627703212,22.759170864799007,22.30936578045446,22.41786193847656,205965200.0
2014-10-02,22.43820324283125,22.65293474797351,22.16018475733085,22.580604553222656,191031200.0
2014-10-03,22.47662526245013,22.650669164045432,22.38621210697092,22.517311096191406,173878400.0
2014-10-06,22.591900354310816,22.75012380752132,22.472103656208045,22.517311096191406,148204800.0
2014-10-07,22.474365304899692,22.63032796085706,22.3161435702238,22.32066345214844,168376800.0
2014-10-08,22.322925333776816,22.8541002966928,22.221209878439083,22.78403091430664,229618800.0
2014-10-09,22.951295034636328,23.14116113277612,22.74108515484572,22.83375740051269,309506000.0
2014-10-10,22.75916606174776,23.062048159639588,22.67101370642177,22.768207550048828,265326400.0
2014-10-13,22.90383049118156,23.00554423477028,22.56026077270508,22.56026077270508,214333600.0
2014-10-14,22.691355851521315,22.72073939525039,22.27997761687641,22.32066345214844,254754400.0
2014-10-15,22.144356845335817,22.411074692736392,21.51372731484241,22.047163009643555,403734400.0
2014-10-16,21.597368061302436,22.087857309342308,21.56572370494425,21.757850646972656,288618000.0
2014-10-17,22.03813211218233,22.3771802985236,21.88216939462911,22.076557159423828,272718800.0
2014-10-20,22.22347112038235,22.594163544979818,22.20086826024596,22.54895782470703,310069200.0
2014-10-21,23.285821339933555,23.285821339933555,22.89026524720652,23.1615047454834,378495600.0
2014-10-22,23.24513994565257,23.53220167354233,23.19089272542076,23.27904510498047,273052400.0
2014-10-23,23.52541084589296,23.744662160618144,23.42369541175393,23.694934844970703,284298800.0
2014-10-24,23.77405482311753,23.844124217790064,23.627133622637228,23.78309631347656,188215600.0
2014-10-27,23.69945948765791,23.8418607791651,23.66555433613298,23.758228302001957,136750800.0
2014-10-28,23.823779171790555,24.12666130065918,23.8124768791364,24.12666130065918,192243600.0
2014-10-29,24.10631856806309,24.269061920593213,24.040769066378036,24.262279510498047,210751600.0
2014-10-30,24.17638659664837,24.264538953579034,23.93679318801505,24.180908203125,162619200.0
2014-10-31,24.41372167977291,24.42050236520946,24.232895353855888,24.411460876464844,178557200.0
2014-11-03,24.461191173478653,24.931338298378897,24.413724645169665,24.72790908813477,209130400.0
2014-11-04,24.71886583946745,24.748249386000044,24.348173404726456,24.547080993652344,166297600.0
2014-11-05,24.660099342890163,24.705306793142547,24.44084795150781,24.605852127075195,149743600.0
2014-11-06,24.65352097723883,24.696653843175763,24.471912282910644,24.67622184753418,139874000.0
2014-11-07,24.68757554332227,24.816972421718997,24.64217379832767,24.74659919738769,134766000.0
2014-11-10,24.74886538640411,24.81924033506356,24.669411475303477,24.705734252929688,108782000.0
2014-11-11,24.67622042070492,24.914583874936906,24.608117813756703,24.90323257446289,109769200.0
2014-11-12,24.83059630683542,25.29597205637073,24.82832743162276,25.255109786987305,187769600.0
2014-11-13,25.37996526499411,25.754534018456837,25.334561784719515,25.61151695251465,238091600.0
2014-11-14,25.686427678281305,25.92252054564136,25.24602350917068,25.920249938964844,176254400.0
2014-11-17,25.940678376376557,26.62398545279186,25.720478039293496,25.87711524963379,186986800.0
2014-11-18,25.86576826146741,26.26303957520857,25.854416959717188,26.213096618652344,176896000.0
2014-11-19,26.20628686138505,26.274389476850125,25.8339870212197,26.03148651123047,167476800.0
2014-11-20,26.085971928295763,26.528645011848027,26.07235001897952,26.40378761291504,173582000.0
2014-11-21,26.676202131280256,26.68982230804253,26.340223338098347,26.440109252929688,228717200.0
2014-11-24,26.526370972671582,26.962233911151408,26.474159144939453,26.93045234680176,189803200.0
2014-11-25,27.030342502704485,27.18471086751472,26.66258211631273,26.69663429260254,275361600.0
2014-11-26,26.773813930134672,27.037147127495174,26.7488424546998,27.01444625854492,163073200.0
2014-11-28,27.075739439795704,27.105252128921254,26.798786060687743,26.99855613708496,99257600.0
2014-12-01,26.97131269716156,27.07119859631605,25.25964089673686,26.12228775024414,335256000.0
2014-12-02,25.765884372506413,26.27666181601425,25.595625224670467,26.02240753173828,237395600.0
2014-12-03,26.27665597857136,26.412862920188186,26.131368343251378,26.31751823425293,172253600.0
2014-12-04,26.281203065448267,26.60583059843376,26.172238173405518,26.217639923095703,168178000.0
2014-12-05,26.33114109936312,26.35157309527428,26.02467501641899,26.10639953613281,153275600.0
2014-12-08,25.90208859571603,26.026945983665744,25.339099376515616,25.51616859436035,230659600.0
2014-12-09,25.01447350327268,25.947493732768937,24.823782365086423,25.90663146972656,240832000.0
2014-12-10,25.97246634624075,26.072350535399984,25.32094071593516,25.41401481628418,178261200.0
2014-12-11,25.484383702551973,25.83398261121718,25.275531214334368,25.339096069335938,165606800.0
2014-12-12,25.07576737437897,25.395855407342268,24.87599726212388,24.91004943847656,224112400.0
2014-12-15,25.130247199790144,25.334558504659466,24.14274458021479,24.569528579711918,268872400.0
2014-12-16,24.147287017613458,25.007663416421035,24.12231553842115,24.233551025390625,243162800.0
2014-12-17,24.31754613419377,24.93501782897925,24.24944178519764,24.837404251098636,213647200.0
2014-12-18,25.395852534286515,25.572921752929688,25.12116801152397,25.572921752929688,236024800.0
2014-12-19,25.48438430281181,25.70685523867918,25.34817735995921,25.375417709350582,353719200.0
2014-12-22,25.46168468339985,25.7636095397456,25.418551818793887,25.63875389099121,180670000.0
2014-12-23,25.70459353991497,25.72729441473339,25.52979316668515,25.54795455932617,104113600.0
2014-12-24,25.55703206836093,25.586543028747904,25.427635192871094,25.427635192871094,57918400.0
2014-12-26,25.44806241215484,25.997431415534777,25.427632149401223,25.87711524963379,134884000.0
2014-12-29,25.831709490540124,26.05418039951351,25.811277499001324,25.85895156860352,110395600.0
2014-12-30,25.79766746148752,25.861230603310112,25.45033905655286,25.543413162231445,119526000.0
2014-12-31,25.611516059688974,25.68188928670426,25.01901408549438,25.057605743408203,165613600.0
2015-01-02,25.286885078658948,25.298236379765964,24.36975571849746,24.81924057006836,212818400.0
2015-01-05,24.58314977448625,24.66487429981969,23.929355303784284,24.120044708251957,257142000.0
2015-01-06,24.185883322800024,24.387924070035112,23.752289129812123,24.1223201751709,263188400.0
2015-01-07,24.33570626142636,24.562718453163416,24.22220016555783,24.46056365966797,160423600.0
2015-01-08,24.796546623733807,25.459421919094435,24.676228687085494,25.40039825439453,237458000.0
2015-01-09,25.577462333559872,25.709129815838093,25.01901256923713,25.427635192871094,214798000.0
2015-01-12,25.56157312736483,25.568383216184724,24.69892781485433,24.801082611083984,198603200.0
2015-01-13,25.29596671985401,25.606974022992627,24.7238968011376,25.02128219604492,268367600.0
2015-01-14,24.75341359607493,25.08258063451517,24.630826784885684,24.92594337463379,195826400.0
2015-01-15,24.97133406056134,24.984954234001908,24.21311438497481,24.249435424804688,240056000.0
2015-01-16,24.29710891471896,24.421966283722057,23.881676285452485,24.061016082763672,314053200.0
2015-01-20,24.480995211644945,24.737520110241853,24.17679969008041,24.68076705932617,199599600.0
2015-01-21,24.732975803281985,25.211971631666696,24.57860745481726,24.869184494018555,194303600.0
2015-01-22,25.0303626826449,25.532059377193452,24.907775901375757,25.51616859436035,215185600.0
2015-01-23,25.493470230413745,25.822637220882715,25.318669870094727,25.647838592529297,185859200.0
2015-01-26,25.82036509628035,25.96111327263093,25.60697482293234,25.67507743835449,222460000.0
2015-01-27,25.520713313351745,25.53433522426533,24.751142027417018,24.77611351013184,382274800.0
2015-01-28,26.70344513395078,26.8146823617631,26.176776885986328,26.176776885986328,585908400.0
2015-01-29,26.40605509810895,27.05758063848721,26.233525366879288,26.99174690246582,337745600.0
2015-01-30,26.878244903253997,27.24146407789953,26.52637529946153,26.59675025939941,334982000.0
2015-02-02,26.798786608195496,27.05303912299271,26.351572368748496,26.93045234680176,250956400.0
2015-02-03,26.900943477665106,27.034879833256877,26.698902774913293,26.93499565124512,207662800.0
2015-02-04,26.900946291256545,27.35724130823585,26.857813418079523,27.141578674316406,280598800.0
2015-02-05,27.35353559089361,27.401397832876302,27.178047079228147,27.335304260253903,168984800.0
2015-02-06,27.35353108551669,27.40595071682501,26.99571541598003,27.105112075805664,174826400.0
2015-02-09,27.01850798493137,27.31250792592396,26.99115838490374,27.285160064697266,155559200.0
2015-02-10,27.387717491882228,27.83897632020007,27.385439662691383,27.80934715270996,248034000.0
2015-02-11,27.980280092936315,28.470282915606667,27.918745663485165,28.461166381835938,294247200.0
2015-02-12,28.730091153178137,29.053721938633156,28.61841668416652,28.82125473022461,297898000.0
2015-02-13,29.008145397117527,29.008145397117527,28.63665578541475,28.96256446838379,217088800.0
2015-02-17,29.056005666009867,29.37279955178797,28.926098107456653,29.133495330810547,252609600.0
2015-02-18,29.087913467239694,29.35000815964606,29.04688993504739,29.336334228515625,179566800.0
2015-02-19,29.281630589407158,29.40698073511211,29.24744576676103,29.27479362487793,149449600.0
2015-02-20,29.31354266787343,29.51410293579101,29.183636841682883,29.514102935791016,195793600.0
2015-02-23,29.63261754858252,30.311782836914062,29.55057047849129,30.311782836914062,283896400.0
2015-02-24,30.29810412194173,30.4485243062972,29.894705801207238,30.12261390686035,276912400.0
2015-02-25,29.98358990591001,29.99270817761821,29.20642242886744,29.352283477783203,298846800.0
2015-02-26,29.352288291352195,29.82633764746961,28.85545020743052,29.723779678344727,365150000.0
2015-02-27,29.62805753344764,29.757966839574102,29.22694046800851,29.277080535888672,248059200.0
2015-03-02,29.45712424506876,29.691869328349355,29.24061222853641,29.420658111572266,192386800.0
2015-03-03,29.391036845347696,29.51866485419584,29.19275438811352,29.48219871520996,151265200.0
2015-03-04,29.4229386232121,29.527774407178786,29.245170574223547,29.295307159423828,126665200.0
2015-03-05,29.304428089012557,29.34317205421849,28.66172722502754,28.80986785888672,226068400.0
2015-03-06,29.26340400672566,29.48447518240918,28.77568246133477,28.85317039489746,291368400.0
2015-03-09,29.16312667896493,29.5300606785416,28.50219269589599,28.976242065429688,354114000.0
2015-03-10,28.809866368463013,28.994471389789044,28.215026034411395,28.376840591430664,275426400.0
2015-03-11,28.431541282989063,28.43609868084769,27.829863915182607,27.8594913482666,275756000.0
2015-03-12,27.875436039298226,28.46571885650619,27.720458479066075,28.3631591796875,193450800.0
2015-03-13,28.351768689481997,28.579676795122843,27.93697600676768,28.16716194152832,207309200.0
2015-03-16,28.23325404023548,28.47711563110352,28.003068117382995,28.47711563110352,143497200.0
2015-03-17,28.69363222809544,29.017261336359677,28.636655198944656,28.953447341918945,204092400.0
2015-03-18,28.944336449941268,29.436618912375906,28.800754934465136,29.27936172485352,261083600.0
2015-03-19,29.34316990422268,29.457123962103157,29.035494295705572,29.058284759521484,183238000.0
2015-03-20,29.22921779315373,29.263402621754,28.52498250317125,28.693634033203125,274780400.0
2015-03-23,28.971682324819422,29.13805428721545,28.834936054772047,28.9921932220459,150838800.0
2015-03-24,28.99675070750117,29.181353988432363,28.84405094648225,28.873680114746094,131369200.0
2015-03-25,28.83949323142069,28.90330722574592,28.11930274963379,28.11930274963379,206620800.0
2015-03-26,27.978010188182587,28.46117444327724,27.94154404277087,28.3153133392334,190291600.0
2015-03-27,28.390516481158144,28.420143912921088,28.01218987891921,28.089677810668945,158184800.0
2015-03-30,28.272002073212576,28.807585790245437,28.26060597205832,28.80074882507324,188398800.0
2015-03-31,28.736932898814224,28.82809649102976,28.342652840273328,28.358606338500977,168362400.0
2015-04-01,28.447488723066964,28.515861847987907,28.055486516295268,28.31758117675781,162485600.0
2015-04-02,28.49535167342713,28.61614269758135,28.30390968921312,28.56144523620605,128880400.0
2015-04-06,28.36772644063347,29.060567394318703,28.33581944016385,29.02410125732422,148776000.0
2015-04-07,29.090191921106687,29.199586843561967,28.71186535098084,28.71870231628418,140049200.0
2015-04-08,28.682242162600925,28.80759234863157,28.4816836037532,28.62526512145996,149316800.0
2015-04-09,28.68223680313592,28.84861049725209,28.411027320367097,28.844051361083984,129936000.0
2015-04-10,28.705022663573114,28.99218733807096,28.54776726701536,28.967117309570312,160752000.0
2015-04-13,29.256562454609828,29.302146857891547,28.855445439983395,28.91014289855957,145460400.0
2015-04-14,28.944330746869987,29.01042430920005,28.69591173492681,28.7847957611084,102098400.0
2015-04-15,28.809859241593667,28.97395158729041,28.71869566811733,28.894184112548828,115881600.0
2015-04-16,28.780235130672875,28.967119706633053,28.741491170256936,28.755165100097656,113476000.0
2015-04-17,28.61386289792196,28.748327843460185,28.36544216259764,28.431535720825195,207828000.0
2015-04-20,28.61842246446887,29.1995871252717,28.527258869009323,29.08107566833496,188217200.0
2015-04-21,29.19503556671169,29.217824295275676,28.86912510206485,28.92382431030273,129740400.0
2015-04-22,28.94204991788755,29.37051653155176,28.78935190405413,29.313539505004883,150618000.0
2015-04-23,29.24061010775864,29.72377416993737,29.204143976906977,29.55284309387207,183083600.0
2015-04-24,29.73972624001919,29.771633231716976,29.45255983713785,29.691864013671875,178103600.0
2015-04-27,30.15451815875112,30.34140445763048,29.890143945624825,30.232006072998047,387816800.0
2015-04-28,30.644527662691573,30.66275725219065,29.530057083454484,29.75568389892578,475696000.0
2015-04-29,29.66451935660475,29.99042627283869,29.2406101482714,29.318098068237305,253544400.0
2015-04-30,29.31810206747041,29.31810206747041,28.392795604618307,28.522703170776367,332781600.0
2015-05-01,28.739214176027712,29.65768537913336,28.55688871955391,29.388751983642575,234050400.0
2015-05-04,29.51409710737457,29.757960428398462,29.231489829081735,29.331769943237305,203953200.0
2015-05-05,29.20642708023345,29.27480021852708,28.6662858951581,28.67084503173828,197085600.0
2015-05-06,28.844045892259683,28.88734898364151,28.11474073572745,28.49078941345215,288564000.0
2015-05-07,28.55487807520057,28.85468603726934,28.38323297515567,28.66702079772949,175763600.0
2015-05-08,28.99199377789381,29.20712280273437,28.861543607654347,29.20712280273437,222201600.0
2015-05-11,29.15448908723772,29.193394886634163,28.751694807309217,28.909608840942383,168143200.0
2015-05-12,28.744824539911907,29.03776515113151,28.566313964078947,28.806617736816406,192640000.0
2015-05-13,28.87070146761141,29.10871617704504,28.806620920083898,28.838661193847656,138776800.0
2015-05-14,29.159071580941163,29.51151466369629,29.101856545341857,29.51151466369629,180814000.0
2015-05-15,29.538974661369917,29.635095483918043,29.342154836496697,29.47031593322754,152832000.0
2015-05-18,29.381059510623444,29.916591283822573,29.37648133102158,29.79529571533203,203531600.0
2015-05-19,29.90972393220193,29.95320790544199,29.669420153646826,29.767831802368164,178532800.0
2015-05-20,29.751811937239754,29.97609384943237,29.600763438524616,29.76554298400879,145819600.0
2015-05-21,29.76783748774842,30.124858716245395,29.712909801776465,30.06993103027344,158921600.0
2015-05-22,30.117989074002583,30.43152627808473,30.072214262553896,30.33311462402344,182384000.0
2015-05-26,30.346854015448944,30.417800095560327,29.55041826497232,29.66484832763672,282790400.0
2015-05-27,29.82962369038242,30.26903464998832,29.7632557999334,30.218685150146484,183332800.0
2015-05-28,30.177488912120257,30.198085480270223,30.003556516419103,30.1591796875,122933200.0
2015-05-29,30.033309567054683,30.08365906779097,29.72892521883183,29.815893173217773,203538000.0
2015-06-01,29.815898165165933,30.069933055184475,29.76326131181176,29.87540054321289,128451200.0
2015-06-02,29.71977692707149,29.902865731379745,29.59619399213729,29.742664337158203,134670400.0
2015-06-03,29.90285656128245,29.96693709931995,29.72892067907148,29.77927017211914,123934000.0
2015-06-04,29.655696187867303,29.884556318819705,29.50236031918461,29.6053466796875,153800400.0
2015-06-05,29.63738067246845,29.680864646867327,29.376480318202866,29.442848205566406,142507200.0
2015-06-08,29.500063624632386,29.571013184525995,29.026325063545254,29.24831962585449,210699200.0
2015-06-09,28.99657830365044,29.31240640631597,28.74941068573234,29.161357879638672,224301600.0
2015-06-10,29.275780007357262,29.600760890721485,29.25975987215097,29.49548721313477,156349200.0
2015-06-11,29.564141897370924,29.793001965288497,29.403940548254123,29.42911529541016,141563600.0
2015-06-12,29.337575691809413,29.369615964938323,29.090406373903036,29.104137420654297,147544800.0
2015-06-15,28.8592574766574,29.1201578438834,28.77000217976766,29.04692268371582,175955600.0
2015-06-16,29.0720968921812,29.25976209574392,28.921050141052135,29.202547073364254,125976400.0
2015-06-17,29.23001479799384,29.266631509230734,29.00573111218528,29.133893966674805,131672400.0
2015-06-18,29.11787249841361,29.365040089651853,29.115583408420797,29.26663017272949,141628800.0
2015-06-19,29.22772297467188,29.252897725196107,28.927916804328483,28.97368812561035,218867600.0
2015-06-22,29.17737205265364,29.30782223262428,29.08354032477633,29.204835891723636,136157200.0
2015-06-23,29.1750858693812,29.204837053342448,29.03776841463335,29.072097778320312,121075600.0
2015-06-24,29.113294729636657,29.706043329535863,29.092698157602584,29.31926918029785,221123600.0
2015-06-25,29.49091450736091,29.56872610821498,29.179664611816406,29.179664611816406,127752400.0
2015-06-26,29.218565530153324,29.29180068474679,28.95308874952593,29.00801467895508,176267200.0
2015-06-29,28.71278654677943,28.943935725489776,28.488504637430463,28.49994659423828,196645600.0
2015-06-30,28.737963355504363,28.86383711185736,28.57547289025307,28.705923080444336,177482800.0
2015-07-01,29.042346853597135,29.05150146706631,28.83408332581748,28.97368812561035,120955200.0
2015-07-02,28.93478175671952,28.99428587006248,28.783733256555998,28.937070846557617,108844000.0
2015-07-06,28.593781230117507,28.88901096634661,28.5731829133246,28.83637237548828,112241600.0
2015-07-07,28.81119795748844,28.87070207260977,28.326013915083745,28.765426635742188,187787200.0
2015-07-08,28.48850375183629,28.52512045697251,28.04451463438665,28.051380157470703,243046400.0
2015-07-09,28.344319772417848,28.392380178356824,27.284698259998397,27.479228973388672,314380000.0
2015-07-10,27.90719932637785,28.344321180817506,27.74013069604335,28.213871002197266,245418000.0
2015-07-13,28.614377204311516,28.78144584079597,28.451886747491795,28.758560180664062,165762000.0
2015-07-14,28.845524083683284,28.921048327543986,28.61666400851544,28.747114181518555,127072400.0
2015-07-15,28.77229444047706,29.09956448049448,28.74025416350172,29.02404022216797,134596800.0
2015-07-16,29.234590856111343,29.42454691833715,29.145335550168216,29.410812377929688,144889600.0
2015-07-17,29.541265396495657,29.66484832763672,29.36504212219654,29.66484832763672,184658800.0
2015-07-20,29.97380412734152,30.43152427467253,29.912010929656105,30.22555160522461,235600800.0
2015-07-21,30.40406183064176,30.4200802197062,29.82504613035453,29.92345428466797,307025600.0
2015-07-22,27.918644684002093,28.72194416918563,27.918644684002093,28.65786361694336,461802400.0
2015-07-23,28.88214559539309,29.085830956512236,28.621245205958143,28.644132614135746,203998000.0
2015-07-24,28.680749175919782,28.776870003937656,28.355768235822733,28.493083953857425,168649200.0
2015-07-27,28.17038786951509,28.28939609508053,27.94839504710003,28.097152709960938,177822000.0
2015-07-28,28.236759185791016,28.358056508390288,28.04680662524959,28.236759185791016,134472400.0
2015-07-29,28.18411562338615,28.264216292005017,27.98271766107171,28.147497177124023,148046800.0
2015-07-30,27.994169622676694,28.051384652296782,27.854564810718536,28.005613327026367,134513200.0
2015-07-31,28.05824782485866,28.067402438358304,27.67147544436667,27.760730743408203,171540000.0
2015-08-03,27.80650104727029,28.05138127471645,26.895637117124505,27.106189727783203,279904000.0
2015-08-04,26.872751542632106,26.93683208892422,25.91840537950182,26.236520767211918,496554400.0
2015-08-05,25.849743681325567,26.877326631852075,25.65521297500234,26.41045188903809,397250400.0
2015-08-06,26.661043421273515,26.78288803901362,26.235736107928183,26.46792984008789,211612000.0
2015-08-07,26.341485610237708,26.725411531283328,26.32309350823175,26.557586669921875,154681600.0
2015-08-10,26.789786256275207,27.58522637376364,26.789786256275207,27.523155212402344,219806400.0
2015-08-11,27.084049238429404,27.169111396263656,26.05411606308685,26.090898513793945,388331200.0
2015-08-12,25.870197587590276,26.53459691265252,25.203498811329347,26.49321556091309,404870000.0
2015-08-13,26.677133863884,26.759896569827266,26.33228984044284,26.47252655029297,194143200.0
2015-08-14,26.281711682813143,26.73920424968351,26.2104444812816,26.658740997314453,171718000.0
2015-08-17,26.67713571674984,27.04726846793505,26.552991649212483,26.934619903564453,163538800.0
2015-08-18,26.766791947577836,26.99898740387114,26.67023604637491,26.78288459777832,138242800.0
2015-08-19,26.69092777123649,26.787483679407924,26.36447584134214,26.44034194946289,193146000.0
2015-08-20,26.226540405582355,26.28861156402465,25.6632940607549,25.897789001464844,274006400.0
2015-08-21,25.38741468258423,25.725362074332505,24.28851211211517,24.313800811767575,513102000.0
2015-08-24,21.810238215998496,25.01269016296823,21.15043594160909,23.706880569458008,648825200.0
2015-08-25,25.543745194981845,25.543745194981845,23.794236460784557,23.849411010742188,414406400.0
2015-08-26,24.619565507117727,25.2632751056817,24.150579139954534,25.2172966003418,387098400.0
2015-08-27,25.801228985202453,26.033422683547027,25.29315727908324,25.959856033325195,338464400.0
2015-08-28,25.787435797269648,26.04951711624416,25.6426019380366,26.044919967651367,212657600.0
2015-08-31,25.755249862314876,26.329989890498165,25.74835326261145,25.92307472229004,224917200.0
2015-09-01,25.32304790185137,25.720767049119637,24.681637771561824,24.76440048217773,307383600.0
2015-09-02,25.3414418772528,25.826520919799805,25.088554823928487,25.826520919799805,247555200.0
2015-09-03,25.861005193987182,25.927675256438395,25.29776059440532,25.37362670898437,212935600.0
2015-09-04,25.05177122500614,25.39201637472585,24.946019259338254,25.120738983154297,199985200.0
2015-09-08,25.690882724736657,25.877097957713435,25.362131314118237,25.819623947143555,219374400.0
2015-09-09,26.15297440273782,26.212746111198143,25.235687926208566,25.32304954528809,340043200.0
2015-09-10,25.350634859600746,26.042622412018925,25.26557444968692,25.879396438598636,251571200.0
2015-09-11,25.70007600875519,26.256423950195312,25.69317940886445,26.256423950195312,199662000.0
2015-09-14,26.80127869920338,26.87254590484285,26.405857260234463,26.50930976867676,233453600.0
2015-09-15,26.651842280755435,26.789779524427257,26.304698843573703,26.7323055267334,173364800.0
2015-09-16,26.72541328807691,26.792083346755525,26.53919806643604,26.76219749450684,148694000.0
2015-09-17,26.589774828454622,26.780587194288024,26.14377598312912,26.189754486083984,256450400.0
2015-09-18,25.79663449427203,26.277118130984707,25.718470682405737,26.08170509338379,297141200.0
2015-09-21,26.13228229294946,26.523106611043325,26.129984595419568,26.4863224029541,200888000.0
2015-09-22,26.065614414490952,26.249531962406632,25.8679036643703,26.070213317871094,201384800.0
2015-09-23,26.123084667331717,26.37367224643386,26.047220312160857,26.281713485717773,143026800.0
2015-09-24,26.0357236613398,26.55298969434655,25.83341579985876,26.43804168701172,200878000.0
2015-09-25,26.769091172817625,26.82656517361535,26.2127415120805,26.37137031555176,224607600.0
2015-09-28,26.17366268333874,26.33918810569137,25.849510192871094,25.849510192871094,208436000.0
2015-09-29,25.93916720636904,26.095496563189823,24.796583757042228,25.072458267211918,293461600.0
2015-09-30,25.32764299004559,25.64260115504075,24.99659392848328,25.35753059387207,265892000.0
2015-10-01,25.0747595999142,25.201203116377336,24.670142101199676,25.192007064819336,255716400.0
2015-10-02,24.83107255464241,25.520760696394053,24.72532058338328,25.375925064086918,232079200.0
2015-10-05,25.260971592974883,25.60351789236536,25.074756396128585,25.467878341674805,208258800.0
2015-10-06,25.433396130201768,25.68858085341177,25.23568541214776,25.58972549438477,192787200.0
2015-10-07,25.688578288965637,25.695474888261085,25.152921947400674,25.467878341674805,187062400.0
2015-10-08,25.332243318988446,25.332243318988446,24.87704842200197,25.173614501953125,247918400.0
2015-10-09,25.28856540780072,25.812728119254857,25.17131793161725,25.77594566345215,211064400.0
2015-10-12,25.91617279835813,25.920769945893507,25.619606794266097,25.656389236450195,121868800.0
2015-10-13,25.477075739364828,25.851805603961875,25.44489043830581,25.700075149536133,132197200.0
2015-10-14,25.585129719812787,25.63800482517428,25.18740881102733,25.336841583251957,177849600.0
2015-10-15,25.50236409356005,25.771342000448684,25.401209289341825,25.71616744995117,150694000.0
2015-10-16,25.69777913408537,25.7483565436452,25.41040908337504,25.52765655517578,156930400.0
2015-10-19,25.472479742603596,25.690880260231108,25.313850927378223,25.686283111572266,119036800.0
2015-10-20,25.59662035318065,26.247226468241763,25.477075202333825,26.1552677154541,195871200.0
2015-10-21,26.208145820421787,26.57138194660437,26.13917631404424,26.152971267700195,167180800.0
2015-10-22,26.28401581687224,26.552993774414062,26.23113895362763,26.552993774414062,166616400.0
2015-10-23,26.828864873198963,27.410503278015835,26.74380446820881,27.37601852416992,237467600.0
2015-10-26,27.14612430463704,27.15761805403652,26.419651990235625,26.50241470336914,265335200.0
2015-10-27,26.53000410787894,26.79208546048248,26.20584984051962,26.334592819213867,279537600.0
2015-10-28,26.88173910727752,27.426593253782887,26.68172895765642,27.41969490051269,342205600.0
2015-10-29,27.288653846476706,27.74614813840344,27.189798498679707,27.70936393737793,204909200.0
2015-10-30,27.81512267301412,27.867999536401754,27.461082544588145,27.47257804870605,197461200.0
2015-11-02,27.77144102839556,27.900182243475403,27.497864192383396,27.858800888061523,128813200.0
2015-11-03,27.769137760859675,28.389856252799017,27.748446209012485,28.17835235595703,182076000.0
2015-11-04,28.3070974794273,28.46572630104361,27.95995573775705,28.04731559753418,179544400.0
2015-11-05,28.13274072603896,28.326680932164575,27.747171369549584,27.91802215576172,158210800.0
2015-11-06,27.961888795177508,28.12350415910344,27.84875804042936,27.95034408569336,132169200.0
2015-11-09,27.92725470057171,28.1235024193345,27.71715474046515,27.83721160888672,135485600.0
2015-11-10,26.989888745037064,27.26001808635055,26.79594851127755,26.95987319946289,236511600.0
2015-11-11,26.867518716242916,27.109941771983053,26.599696946310463,26.8074893951416,180872000.0
2015-11-12,26.842120838537483,26.97141313047677,26.701283837042748,26.71744537353516,130102400.0
2015-11-13,26.59738614959729,26.682812418589947,25.92090740307257,25.937068939208984,183249600.0
2015-11-16,25.715423925503217,26.375741127298905,25.62769012497226,26.361888885498047,152426800.0
2015-11-17,26.53274369974673,26.562759243519267,26.163335849849005,26.248762130737305,110467600.0
2015-11-18,26.726683051795533,27.12610467098731,26.66665372768025,27.07992935180664,186698800.0
2015-11-19,27.160733681849305,27.64789081329809,26.957559836517344,27.42393684387207,173183200.0
2015-11-20,27.52090548583523,27.68713942922417,27.44009780820873,27.543994903564453,137148400.0
2015-11-23,27.53706748447961,27.64327387568949,27.09146884153053,27.18613052368164,129930000.0
2015-11-24,27.08916220558344,27.55553922650561,27.040677596587223,27.447025299072266,171212800.0
2015-11-25,27.52321871588856,27.527837304684997,27.225383151636965,27.25078010559082,85553200.0
2015-11-27,27.31080873325745,27.338514980903074,27.15150089187714,27.19998550415039,52185600.0
2015-11-30,27.241545850714,27.56939697169137,27.186135113123346,27.313119888305664,156721200.0
2015-12-01,27.417014442729084,27.43086668635429,26.980651153779693,27.091472625732425,139409600.0
2015-12-02,27.091469242645868,27.269247900521496,26.80056159399081,26.846736907958984,133546400.0
2015-12-03,26.909078793564586,26.964489529363483,26.37112768915185,26.597389221191406,166278000.0
2015-12-04,26.618167826029488,27.53245284107297,26.57660933618772,27.481658935546875,231108000.0
2015-12-07,27.470115512036312,27.673289369152,27.199984451998187,27.30849838256836,128336800.0
2015-12-08,27.133028686880102,27.382379618644435,26.98064873622993,27.296955108642575,137238000.0
2015-12-09,27.16073781129365,27.172282522153942,26.569685253938445,26.694360733032227,185445600.0
2015-12-10,26.79132678230532,26.999119222792704,26.66896061220591,26.82134056091309,116850800.0
2015-12-11,26.5950814957202,26.641256814972422,26.054821100796488,26.131011962890625,187544800.0
2015-12-14,25.900129948552173,26.01556999971144,25.348326644928907,25.96939468383789,257274800.0
2015-12-15,25.84471442960832,26.043271421738627,25.477614218958077,25.509937286376957,213292400.0
2015-12-16,25.643853255796763,25.856262530172,25.119756191189868,25.70619010925293,224954000.0
2015-12-17,25.86318992333439,25.916293125277274,25.16131591796875,25.16131591796875,179091200.0
2015-12-18,25.145156720667448,25.28599198454512,24.42942688238956,24.48022079467773,385813200.0
2015-12-21,24.76881455966406,24.789594682712966,24.374009836486977,24.78035926818848,190362400.0
2015-12-22,24.796520002343257,24.87040155467769,24.577182877790143,24.75727081298828,131157600.0
2015-12-23,24.76650743159005,25.13129841057132,24.750345895127605,25.07588768005371,130629600.0
2015-12-24,25.165932447194532,25.165932447194532,24.92350762270017,24.941978454589844,54281600.0
2015-12-28,24.840385979866,24.86347539613356,24.51484599590021,24.6626091003418,106816800.0
2015-12-29,24.69493541972734,25.26520955168333,24.671847761896103,25.10590171813965,123724800.0
2015-12-30,25.068960785163117,25.09666526882913,24.74572830441555,24.778051376342773,100855200.0
2015-12-31,24.70647889295232,24.71109571969737,24.200850932817943,24.302438735961918,163649200.0
2016-01-04,23.690608289488097,24.32783788795464,23.54977128110463,24.323219299316406,270597600.0
2016-01-05,24.4155712612271,24.43865891958093,23.64443255106156,23.713695526123047,223164000.0
2016-01-06,23.21730308548177,23.635197278561204,23.05799700884278,23.24962615966797,273829600.0
2016-01-07,22.783246379912324,23.118021791543427,22.26376619956909,22.268383026123047,324377600.0
2016-01-08,22.75323345105178,22.882525737080535,22.339957880809536,22.386133193969727,283192000.0
2016-01-11,22.85020881700939,22.87098718508257,22.473873043688016,22.74862098693848,198957600.0
2016-01-12,23.214995585698396,23.247318659930585,22.82018905055083,23.07877540588379,196616800.0
2016-01-13,23.16189135508541,23.362757674426103,22.46463423434964,22.48541259765625,249758400.0
2016-01-14,22.617013819671808,23.198832643564742,22.10445972863885,22.97718620300293,252680400.0
2016-01-15,22.210665948042525,22.559295408464337,22.016727500533992,22.42538452148437,319335600.0
2016-01-19,22.72091182406917,22.776322555679293,22.049049877579243,22.316871643066406,212350800.0
2016-01-20,21.95669586411963,22.67011624705545,21.5688172485126,22.34688377380371,289337600.0
2016-01-21,22.40922080316361,22.598542405080497,21.919756143389595,22.233753204345703,208646000.0
2016-01-22,22.77170538957756,23.42509654585187,22.7116778271985,23.415861129760746,263202000.0
2016-01-25,23.438946607909003,23.441255902085743,22.90561414897834,22.958717346191406,207178000.0
2016-01-26,23.071846840067696,23.29118221504457,22.642409743365903,23.0856990814209,300308000.0
2016-01-27,22.17372163524321,22.30994002797008,21.550344403384823,21.56881523132324,533478800.0
2016-01-28,21.654245858308222,21.82278735319404,21.33101335007216,21.723508834838867,222715200.0
2016-01-29,21.88512237849196,22.473865509033203,21.783534582479675,22.473865509033203,257666000.0
2016-02-01,22.273002657447368,22.328413386066423,22.025961030571413,22.26376724243164,163774000.0
2016-02-02,22.030578954964152,22.17372525262689,21.76737577906601,21.813552856445312,149428800.0
2016-02-03,21.9336087068378,22.35842722996735,21.721199445273022,22.245296478271484,183857200.0
2016-02-04,22.252258189371123,22.593493808957007,22.09672958362472,22.424036026000977,185886800.0
2016-02-05,22.405464563923264,22.49831806915843,21.748529866381915,21.82513236999512,185672400.0
2016-02-08,21.618541531192957,22.215123156622685,21.597650415271957,22.05495262145996,216085600.0
2016-02-09,21.88781019252566,22.270829811415787,21.80424221127569,22.050302505493164,177324800.0
2016-02-10,22.266192720603865,22.36600996255271,21.84371081140887,21.8831729888916,169374400.0
2016-02-11,21.771743558136563,21.987627212637346,21.49318303273016,21.750850677490234,200298800.0
2016-02-12,21.864598189621063,21.9365588211396,21.590681299637456,21.81817054748535,161405600.0
2016-02-16,22.05726697775854,22.48207060208392,21.962093411426142,22.43332290649414,196231600.0
2016-02-17,22.44028650436569,22.797771374708024,22.31957817838305,22.776880264282227,179452800.0
2016-02-18,22.94401725691526,22.95562461147755,22.30565171872949,22.345115661621094,156084000.0
2016-02-19,22.284760872423323,22.4611823918861,22.23833499568591,22.29404640197754,141496800.0
2016-02-22,22.3567170747878,22.49367639473349,22.266185393397134,22.489032745361328,137123200.0
2016-02-23,22.377614201303643,22.40082713946942,21.948168646619,21.98066711425781,127770400.0
2016-02-24,21.815853191433614,22.37297079768849,21.662644609989957,22.307973861694336,145022800.0
2016-02-25,22.296365588022947,22.461179733276367,22.110658560987098,22.461179733276367,110330800.0
2016-02-26,22.56331344659687,22.753662322330733,22.419392205818333,22.495996475219727,115964400.0
2016-02-29,22.48438937745864,22.80241203911704,22.43564168848032,22.44492721557617,140865200.0
2016-03-01,22.66778244733532,23.3920361027171,22.614391090697744,23.33632469177246,201628400.0
2016-03-02,23.33167873550826,23.419888601677663,23.129722470949144,23.38739013671875,132678400.0
2016-03-03,23.34792348437053,23.61023297860445,23.31774507910862,23.561485290527344,147822800.0
2016-03-04,23.763447176114905,24.08378996164713,23.53131426082192,23.912012100219727,184220400.0
2016-03-07,23.768091083203192,23.870230141377977,23.436140915168885,23.64738273620605,143315600.0
2016-03-08,23.3943555330833,23.621846575288288,23.306145660531868,23.45238876342773,126247600.0
2016-03-09,23.51738591151078,23.580062792630518,23.275967458562587,23.47328186035156,108806800.0
2016-03-10,23.540599343190745,23.733268313241805,23.24811137958318,23.484886169433597,134054400.0
2016-03-11,23.73327138846426,23.742556918626956,23.561493508038957,23.7379150390625,109632800.0
2016-03-14,23.65666411360018,23.88879700795308,23.626485703872905,23.798263549804688,100304400.0
2016-03-15,24.132539498918803,24.41574196050621,24.10700473460953,24.27646255493164,160270800.0
2016-03-16,24.283422124338887,24.67804733477185,24.278778474691386,24.599123001098636,153214000.0
2016-03-17,24.49466506697555,24.715192404746595,24.364671197827917,24.559663772583008,137682800.0
2016-03-18,24.685012179371444,24.72215429413477,24.41806075640243,24.58751678466797,176820800.0
2016-03-21,24.5898431431122,24.98911209526177,24.406457902483787,24.58520126342773,142010800.0
2016-03-22,24.431988223623613,24.90553956181217,24.422702694910093,24.773223876953125,129777600.0
2016-03-23,24.717514649002723,24.85447222474382,24.582877127368864,24.636266708374023,102814000.0
2016-03-24,24.48305411482032,24.66411747029576,24.348416624993312,24.52947998046875,104532000.0
2016-03-28,24.606087384888184,24.65019320259181,24.38788189229148,24.41806030273437,77645600.0
2016-03-29,24.34841985520973,25.021605622620623,24.346098030309307,24.996070861816406,124760400.0
2016-03-30,25.221239841157058,25.63211429330502,25.20963248778879,25.43247985839844,182404400.0
2016-03-31,25.46962681893072,25.51141081956064,25.27463422564648,25.300168991088867,103553600.0
2016-04-01,25.25141653837129,25.534618959285087,25.11677903153794,25.53229713439941,103496000.0
2016-04-04,25.6321130781904,26.042989281893853,25.59729279076976,25.794607162475582,149424800.0
2016-04-05,25.420874041433954,25.70407645908444,25.399981159770608,25.49051284790039,106314800.0
2016-04-06,25.588007449164856,25.762107104453182,25.3489091015676,25.757463455200195,105616400.0
2016-04-07,25.52300802068521,25.632110751551,25.09820622001972,25.195701599121094,127207600.0
2016-04-08,25.28159355495993,25.48122620828467,25.109813943560283,25.223560333251957,94326800.0
2016-04-11,25.295525229918688,25.67622308688101,25.26302676196095,25.307130813598636,117630000.0
2016-04-12,25.38140930155787,25.6506843036195,25.22356063680458,25.636756896972656,108929200.0
2016-04-13,25.720326773098336,26.077809890939147,25.720326773098336,26.00817108154297,133029200.0
2016-04-14,25.910675737589624,26.089417296867516,25.84335698198188,26.02209854125977,101895600.0
2016-04-15,26.02442059921856,26.068526418709364,25.4719449127434,25.499799728393555,187756000.0
2016-04-18,25.27695634365381,25.29088375368045,24.824297807449785,24.949649810791016,243286000.0
2016-04-19,25.04249490939084,25.07035149306625,24.65947706729568,24.81732749938965,129539600.0
2016-04-20,24.754657830621728,25.09124990221419,24.62002029357119,24.8684024810791,122444000.0
2016-04-21,24.821970366276084,24.821970366276084,24.49466213643101,24.599123001098636,126210000.0
2016-04-22,24.376280210406577,24.71751591116404,24.28574850665873,24.53180885314941,134732400.0
2016-04-25,24.373953662828107,24.524840396852294,24.260209041624265,24.39252471923828,112126400.0
2016-04-26,24.120932862904468,24.44359748397612,24.120932862904468,24.22307014465332,224064800.0
2016-04-27,22.28475923535403,22.913839205411357,22.21047677541086,22.70724105834961,458408400.0
2016-04-28,22.658495696995285,22.72117080955414,21.878528901631096,22.013166427612305,328970800.0
2016-04-29,21.8181707830044,21.98762857932044,21.474615082658847,21.7601375579834,274126000.0
2016-05-02,21.813525580829413,21.839060337630947,21.44907705406492,21.736921310424805,192640400.0
2016-05-03,21.86691702903112,22.224401883971943,21.74620870824895,22.09440803527832,227325200.0
2016-05-04,22.09905604605069,22.261550173042068,21.77871321386279,21.86460304260254,164102000.0
2016-05-05,21.953345932253693,21.969694097313567,21.64506497554151,21.775850296020508,143562000.0
2016-05-06,21.80621291248567,21.824895257370034,21.451221632436848,21.654407501220703,174799600.0
2016-05-09,21.71980370527597,21.899633554105264,21.62404887667963,21.670759201049805,131745600.0
2016-05-10,21.79686804906306,21.85291864014856,21.51194138983617,21.817886352539062,134747200.0
2016-05-11,21.831903990893228,21.852922297887268,21.59368582072864,21.605363845825195,114876400.0
2016-05-12,21.65440723603177,21.66841943997754,20.89538197081867,21.09856605529785,305258800.0
2016-05-13,21.019164555982623,21.409186403996525,21.019164555982623,21.140607833862305,177571200.0
2016-05-16,21.577338161095977,22.044430666857235,21.404514432872933,21.92532157897949,245039200.0
2016-05-17,22.08179828490776,22.11682879637504,21.722136852039984,21.834238052368164,187667600.0
2016-05-18,21.99071417301936,22.235936648785483,21.927655692239245,22.084131240844727,168249600.0
2016-05-19,22.10281431365136,22.10281431365136,21.852919927314858,22.00005340576172,121768400.0
2016-05-20,22.102814475829536,22.287316206432315,22.07478828752228,22.23827171325684,128104000.0
2016-05-23,22.39007536707292,22.69835628711995,22.343365056874195,22.52086067199707,152074400.0
2016-05-24,22.70536997444964,22.90855410079894,22.616621246327654,22.864181518554688,140560800.0
2016-05-25,23.04400677579281,23.293901178095396,22.913221453261777,23.26587677001953,152675200.0
2016-05-26,23.279888881646382,23.52511314223501,23.037000582326925,23.45037841796875,225324800.0
2016-05-27,23.223837082935837,23.464389408546527,23.179462730198072,23.436363220214844,145364800.0
2016-05-31,23.261201697293128,23.44803937430598,23.079035942204477,23.321924209594727,169228800.0
2016-06-01,23.125748017137425,23.24719306036555,22.96460232236192,22.994962692260746,116693200.0
2016-06-02,22.7941173586658,22.850167968892425,22.56757717415321,22.8221435546875,160766400.0
2016-06-03,22.838486524228053,22.950587719160623,22.759079877819143,22.868846893310547,114019600.0
2016-06-06,22.88519281357849,23.79602339668629,22.78243369193976,23.0346622467041,93170000.0
2016-06-07,23.179464641342182,23.324263953603477,23.11173601698528,23.128084182739254,89638000.0
2016-06-08,23.125751363319687,23.25186656562034,23.04634648510261,23.10706901550293,83392400.0
2016-06-09,23.004303937387668,23.352287325450742,22.994961874255036,23.27288246154785,106405600.0
2016-06-10,23.01131243952411,23.202820299177912,22.999636195752664,23.081377029418945,126851600.0
2016-06-13,23.04867579913356,23.14910073967816,22.67733640249052,22.733386993408203,152082000.0
2016-06-14,22.728719151740908,22.99963363523609,22.59559787121416,22.761415481567383,127727600.0
2016-06-15,22.84549134216341,22.983284539551533,22.660989613148008,22.68667984008789,117780800.0
2016-06-16,22.525534082004015,22.829144906012587,22.4367871524678,22.78243637084961,125307200.0
2016-06-17,22.565238565634395,22.572244667810644,22.256957597164572,22.26396369934082,244032800.0
2016-06-20,22.42044286269328,22.55356417091785,22.193902686177477,22.210250854492188,137647600.0
2016-06-21,22.17287776819605,22.5021769980578,22.11215525463107,22.399417877197266,142185600.0
2016-06-22,22.4788255114409,22.628294961906725,22.268633539905704,22.315343856811523,116876400.0
2016-06-23,22.40642777706307,22.488168608133677,22.2452802945121,22.44379425048828,128960800.0
2016-06-24,21.698781912277905,22.107487830368107,21.63805939125305,21.81321907043457,301245600.0
2016-06-27,21.719798179141065,21.73147620271656,21.369478853671048,21.495594024658203,181958400.0
2016-06-28,21.696447829214925,21.873943485059694,21.518952173370156,21.857593536376957,161779600.0
2016-06-29,21.94634132269797,22.08179857487168,21.86693467142438,22.04676628112793,146124000.0
2016-06-30,22.05610792773484,22.36672307911921,22.023411596010167,22.3270206451416,143345600.0
2016-07-01,22.30132983589524,22.530205933834218,22.263963364245523,22.39474868774414,104106000.0
2016-07-05,22.27797389855769,22.280309859678333,22.0607758415609,22.184555053710938,110820800.0
2016-07-06,22.093472789573248,22.341033002632155,22.039758155005973,22.310670852661133,123796400.0
2016-07-07,22.35037309896788,22.53721079235642,22.33169075508206,22.40642547607422,100558400.0
2016-07-08,22.53487217314172,22.62829100881699,22.4321130575334,22.579246520996094,115648400.0
2016-07-11,22.595594656135617,22.805786590695444,22.59092451617477,22.649311065673828,95179600.0
2016-07-12,22.693688632946078,22.81746786007226,22.68201238956268,22.7520751953125,96670000.0
2016-07-13,22.74973806646709,22.81045880054852,22.616615010985797,22.62362289428711,103568800.0
2016-07-14,22.745067840850272,23.118741463062136,22.728719675560264,23.0720329284668,155676000.0
2016-07-15,23.102396576308927,23.191145299177627,23.004307570648752,23.069700241088867,120548000.0
2016-07-18,23.051012046772613,23.38498322489515,23.02765778027924,23.31492042541504,145975600.0
2016-07-19,23.25186207612236,23.35462298744836,23.20048162045936,23.324262619018555,95119600.0
2016-07-20,23.354625572347704,23.46205663616252,23.293903046950973,23.34528350830078,105104000.0
2016-07-21,23.314923069811226,23.58817176059001,23.15143962218257,23.22150421142578,130808000.0
2016-07-22,23.18179913362901,23.191141196584475,22.959929147523457,23.041671752929688,113254800.0
2016-07-25,22.945914897604336,23.08370630482201,22.635298013848217,22.733386993408203,161531600.0
2016-07-26,22.611949945419347,22.88052851412719,22.518531080414448,22.57691764831543,224959200.0
2016-07-27,24.351863858977037,24.37054798443051,23.99687438444235,24.04358291625977,369379200.0
2016-07-28,24.01556011657248,24.39390388232763,24.013224155280447,24.368213653564453,159479200.0
2016-07-29,24.3331804304317,24.417257209407463,24.214071363246678,24.33785057067871,110934800.0
2016-08-01,24.384562454663374,24.79093239137344,24.384562454663374,24.767578125,152671600.0
2016-08-02,24.767580783577444,24.772250924626903,24.28881025335679,24.40091323852539,135266400.0
2016-08-03,24.47797779588076,24.718530108033217,24.468635733626197,24.70685386657715,120810400.0
2016-08-04,24.79139200171663,24.890012375516093,24.720947853877533,24.859487533569336,109634800.0
2016-08-05,24.95340638758664,25.277447262202788,24.93227422174756,25.237529754638672,162213600.0
2016-08-08,25.24691731308856,25.446508407592773,25.16238686938248,25.446508407592773,112148800.0
2016-08-09,25.4136402239011,25.58035611351057,25.361981425985984,25.549829483032227,105260800.0
2016-08-10,25.526348379583297,25.57096312112642,25.303278254805463,25.35963249206543,96034000.0
2016-08-11,25.481728994759653,25.578002516026828,25.324405807364027,25.343191146850582,109938000.0
2016-08-12,25.307970611435294,25.462946984354986,25.307970611435294,25.40189552307129,74641600.0
2016-08-15,25.3925088751241,25.72124524808241,25.37842076205145,25.70715713500977,103472800.0
2016-08-16,25.742370981681532,25.883259243060117,25.643750631891457,25.68366813659668,135177600.0
2016-08-17,25.61792489068489,25.681324975641893,25.43946771456192,25.64610290527344,101424000.0
2016-08-18,25.648449912397677,25.73532898352619,25.599137942093243,25.61322784423828,87938800.0
2016-08-19,25.54043639485929,25.756464254568694,25.44416464788057,25.67897605895996,101472400.0
2016-08-22,25.561570920733185,25.617925159031675,25.324410888668183,25.479387283325195,103280800.0
2016-08-23,25.498169800330917,25.66958291551314,25.484081689195257,25.559221267700195,85030800.0
2016-08-24,25.49347662379993,25.535742752428227,25.28449459654585,25.36667823791504,94700400.0
2016-08-25,25.21639514808289,25.331452228115985,25.049679275370394,25.2586612701416,100344800.0
2016-08-26,25.221090851301007,25.347887418327403,24.96279690355077,25.110729217529297,111065200.0
2016-08-29,25.03559229976245,25.22813757754061,24.958104107231662,25.08255386352539,99881200.0
2016-08-30,24.843049265735864,25.007416545220146,24.772605122260327,24.890010833740234,99455600.0
2016-08-31,24.810172593551545,25.023850029180853,24.80547536247865,24.913488388061523,118649600.0
2016-09-01,24.92288458263225,25.077860983512757,24.800783429504072,25.061424255371094,106806000.0
2016-09-02,25.289188283685597,25.35963242367224,25.08255488664373,25.29623413085937,107210000.0
2016-09-06,25.336153653236007,25.430078583522185,25.244577338860967,25.2891902923584,107521600.0
2016-09-07,25.31971261868468,25.538087283086828,25.141255460637964,25.44416236877441,169457200.0
2016-09-08,25.18352248115553,25.18821792087777,24.711551068708623,24.77729797363281,212008000.0
2016-09-09,24.57066449732676,24.82426123664372,24.21609878540039,24.21609878540039,186228000.0
2016-09-12,24.10339224509424,24.824263221584317,24.07521423020521,24.758516311645508,181171200.0
2016-09-13,25.244571253098467,25.545129524382787,25.181171179064943,25.34788703918457,248704800.0
2016-09-14,25.53104230148482,26.54073016716212,25.50051567534659,26.2448673248291,443554800.0
2016-09-15,26.735628222645,27.17472621965833,26.648747352972183,27.137155532836918,359934400.0
2016-09-16,27.03149094613057,27.268649187233795,26.777894186041667,26.984527587890625,319547600.0
2016-09-19,27.047922551393647,27.28038530838425,26.59238791581308,26.66987609863281,188092000.0
2016-09-20,26.54542892265465,26.79667704365837,26.41863055437211,26.667530059814453,138057200.0
2016-09-21,26.733276509906734,26.76614996133274,26.402193380125176,26.66283416748047,144012800.0
2016-09-22,26.85068720492808,26.98922688299223,26.768503561060747,26.914087295532227,124296000.0
2016-09-23,26.867120627034403,26.95400149212649,26.19321303879425,26.46559333801269,209924800.0
2016-09-26,26.21434280784296,26.62526273049193,26.193210643154558,26.50550842285156,119477600.0
2016-09-27,26.53369265945496,26.57595879021728,26.37871624950341,26.55482482910156,98429600.0
2016-09-28,26.695713772370752,26.91878392867557,26.634662295020394,26.756763458251957,118564400.0
2016-09-29,26.57126053632436,26.721539698352448,26.25191686914744,26.341144561767575,143548000.0
2016-09-30,26.406889573513045,26.620568805350533,26.25191498257635,26.545429229736328,145516400.0
2016-10-03,26.46559328643655,26.54543009583267,26.364624310460457,26.420978546142575,86807200.0
2016-10-04,26.54777379359832,26.841288015768715,26.446804829512956,26.5336856842041,118947200.0
2016-10-05,26.627612860647368,26.688664325667904,26.46089698323675,26.545429229736328,85812400.0
2016-10-06,26.698055320173445,26.84833447204967,26.564212894550284,26.7426700592041,115117200.0
2016-10-07,26.84128607688801,26.899988917081696,26.65343806314935,26.782583236694336,97433600.0
2016-10-10,27.00800921391919,27.414233765891392,26.937566861564893,27.249866485595703,144944000.0
2016-10-11,27.637305440707514,27.869770053383636,27.285088284922104,27.308570861816406,256164000.0
2016-10-12,27.555117322877383,27.70304965083316,27.414230841727573,27.55276870727539,150347200.0
2016-10-13,27.42362599478314,27.57625377628846,27.17237784669369,27.46824073791504,140769600.0
2016-10-14,27.679565807890462,27.747661325473747,27.503457266665365,27.62086296081543,142608800.0
2016-10-17,27.550420599455503,27.67017311754524,27.421273619395528,27.60207939147949,94499600.0
2016-10-18,27.75001170344899,27.757055758910383,27.57859859085673,27.583295822143555,98214000.0
2016-10-19,27.531634912048627,27.65138922010033,26.72153634977412,27.501110076904297,80138400.0
2016-10-20,27.44006083565412,27.56216197758081,27.31561107807436,27.487022399902344,96503200.0
2016-10-21,27.42832133729131,27.45180391241542,27.30387157159694,27.379011154174805,92770800.0
2016-10-24,27.496419472982748,27.64669865239807,27.472938687099564,27.625566482543945,94154800.0
2016-10-25,27.69600483567609,27.792278372786985,27.54572567798937,27.76644897460937,192516000.0
2016-10-26,26.8412912052403,27.167678915759986,26.60647979960203,27.141849517822266,264536800.0
2016-10-27,27.09488777329604,27.20524941984793,26.791980847058564,26.88121032714844,138248000.0
2016-10-28,26.737973225937044,27.052619623945045,26.63935108208989,26.70275115966797,151446800.0
2016-10-31,26.686313709095696,26.82250473951861,26.58064751315985,26.660484313964844,105677600.0
2016-11-01,26.64170361827276,26.71449458553069,25.953706082913843,26.17912483215332,175303200.0
2016-11-02,26.15799324837336,26.38106338677297,26.118075735854525,26.202606201171875,113326800.0
2016-11-03,26.193167114272303,26.30645426443693,25.855662736601108,25.9217472076416,107730400.0
2016-11-04,25.61492277515282,26.02087227240725,25.515796074846502,25.688087463378903,123348000.0
2016-11-07,25.98074777420642,26.08223514053795,25.83441660859666,26.05863380432129,130240000.0
2016-11-08,26.03503103706913,26.36781582464833,25.891060543236986,26.21204376220703,97016800.0
2016-11-09,25.933542522347437,26.273407515794467,25.50163286061938,26.16955947875977,236705600.0
2016-11-10,26.21912242684332,26.21912242684332,24.97767455137683,25.44026756286621,228538000.0
2016-11-11,25.28213838445796,25.695168080484677,25.14760878406449,25.5913200378418,136575600.0
2016-11-14,25.421388121007173,25.44498945833656,24.564647151350705,24.94935417175293,204702000.0
2016-11-15,25.15232625062372,25.414305208772387,25.055560237619723,25.27977561950684,129058000.0
2016-11-16,25.183007211765176,26.016148536884184,25.159405877491672,25.959503173828125,235362000.0
2016-11-17,25.917023380433125,26.04447276267821,25.685727753914215,25.95006561279297,110528000.0
2016-11-18,25.89578163142913,26.08931547028038,25.881621189773306,25.97602653503418,113715600.0
2016-11-21,25.9901926169932,26.43154325335657,25.96423060301102,26.370180130004883,117058400.0
2016-11-22,26.422098873867338,26.533027137045387,26.29229062173692,26.38669776916504,103862000.0
2016-11-23,26.28284830401667,26.318251207468883,26.039751128000084,26.252166748046875,109705600.0
2016-11-25,26.228566307971484,26.403220169443795,26.186083179595336,26.38433837890625,45903600.0
2016-11-28,26.299372393626744,26.54483027114858,26.28993149826052,26.332414627075195,108776000.0
2016-11-29,26.145960182580303,26.440981401106743,25.978388346537283,26.30645179748535,114115200.0
2016-11-30,26.339495412255552,26.481105244446884,26.02559238710919,26.084596633911133,144649200.0
2016-12-01,26.049199274363744,26.183728904401853,25.73293552965409,25.841503143310547,148347600.0
2016-12-02,25.76597356451736,25.983108756401904,25.690448202093748,25.93826675415039,106112000.0
2016-12-05,25.96186501950247,25.96894524003752,25.548835348737654,25.75181007385254,137298000.0
2016-12-06,25.8438586945887,26.04683343660866,25.770694008744275,25.95006561279297,104782000.0
2016-12-07,25.787214442773827,26.242727263303813,25.76361310609349,26.20496368408203,119994800.0
2016-12-08,26.16484494147258,26.53539156195852,26.103480016869767,26.46222686767578,108273200.0
2016-12-09,26.50706869289931,27.07114917882708,26.50706869289931,26.894136428833008,137610400.0
2016-12-12,26.73836007525064,27.141948837537534,26.549545797853384,26.740720748901367,105497600.0
2016-12-13,26.86817371349673,27.359089492826985,26.84693304837191,27.186798095703125,174935200.0
2016-12-14,27.151395186494995,27.425173962993217,27.137234743078448,27.186798095703125,136127200.0
2016-12-15,27.2316355150112,27.55025984356993,27.196234412430417,27.33548355102539,186098000.0
2016-12-16,27.48889815458009,27.49597837592645,27.29536430155732,27.37088966369629,177404400.0
2016-12-19,27.330765017630373,27.703670450417725,27.318963449221556,27.52901840209961,111117600.0
2016-12-20,27.55262475520944,27.73199818381916,27.53846431107365,27.60218811035156,85700000.0
2016-12-21,27.56678210376147,27.708391921968037,27.562060756110213,27.628145217895508,95132800.0
2016-12-22,27.46057539016208,27.49833897145713,27.293003549665286,27.44641494750977,104343600.0
2016-12-23,27.2812022232015,27.50069808959961,27.2812022232015,27.50069808959961,56998000.0
2016-12-27,27.500702022234773,27.802805316485664,27.493621799833107,27.675355911254883,73187600.0
2016-12-28,27.736717973501094,27.85472647743997,27.42517559512912,27.55734634399414,83623600.0
2016-12-29,27.48417808798439,27.63995016753368,27.472378318745864,27.550264358520508,60158000.0
2016-12-30,27.531378055082538,27.661186299433812,27.243437082982435,27.33548355102539,122345200.0
2017-01-03,27.330766458577568,27.455855167373368,27.085308588198405,27.41337203979492,115127600.0
2017-01-04,27.34256797348571,27.49834005144569,27.3189666345827,27.3826904296875,84472400.0
2017-01-05,27.3590917307422,27.58094829930489,27.33312971524372,27.521944046020508,88774400.0
2017-01-06,27.562063612519022,27.887768208881877,27.488898922340923,27.828763961791992,127007600.0
2017-01-09,27.83820224888164,28.18750817381032,27.83584337554653,28.083660125732425,134247600.0
2017-01-10,28.031731833043494,28.175702313894448,27.920805381185417,28.11197853088379,97848400.0
2017-01-11,28.0246514804244,28.30551222053933,27.99160925225398,28.263029098510746,110354400.0
2017-01-12,28.06242157104015,28.156828730873787,27.8995692653438,28.14502716064453,108344800.0
2017-01-13,28.11198200793029,28.232351169245455,28.04117619523511,28.095460891723636,104447600.0
2017-01-17,27.93025146582416,28.378684134790333,27.90193057769308,28.322040557861328,137759200.0
2017-01-18,28.32203802692752,28.440046518706385,28.253592885615777,28.319677352905277,94852000.0
2017-01-19,28.180432892921704,28.34328341426065,28.173352670341792,28.270118713378903,102389200.0
2017-01-20,28.42824748968657,28.42824748968657,28.25831675889955,28.322040557861328,130391600.0
2017-01-23,28.322041516155345,28.513214720175984,28.26775681095594,28.34092330932617,88200800.0
2017-01-24,28.21582996809751,28.34563822342575,28.2040283991283,28.314956665039062,92844000.0
2017-01-25,28.42116251720077,28.817671090763103,28.38812028612612,28.7657470703125,129510400.0
2017-01-26,28.71618544845506,28.897919530947508,28.699664331925444,28.77991104125977,105350400.0
2017-01-27,28.827116144938994,28.876679498702504,28.699666749261336,28.782272338867188,82251600.0
2017-01-30,28.54153208261586,28.706743240356445,28.47780829339208,28.706743240356445,121510000.0
2017-01-31,28.593458562116083,28.65010213525896,28.468369846119987,28.640661239624023,196804000.0
2017-02-01,29.98123655837273,30.797856890411317,29.97651701108541,30.38718605041504,447940000.0
2017-02-02,30.205457837727412,30.53824088664444,30.1582533551622,30.33526611328125,134841600.0
2017-02-03,30.28333854634956,30.49103464404828,30.247937439393358,30.465072631835938,98029200.0
2017-02-06,30.476877229802877,30.80021937657848,30.422590725297667,30.75065422058105,107383600.0
2017-02-07,30.809655866732623,31.17548291647337,30.78841520224447,31.04331398010254,152735200.0
2017-02-08,31.000830438803646,31.206164050202656,30.97014708028815,31.163679122924805,92016400.0
2017-02-09,31.20634633328743,31.39597924979536,31.080715294702177,31.38886833190918,113399600.0
2017-02-10,31.39835308666107,31.51213139384413,31.301165716155023,31.31775665283203,80262000.0
2017-02-13,31.5453163473064,31.72072743131164,31.467092632153268,31.5950927734375,92141600.0
2017-02-14,31.637767192995923,32.02177129805784,31.58561804083348,32.00518035888672,132904800.0
2017-02-15,32.1236915341777,32.3014716986632,31.91035316662709,32.12131881713867,142492400.0
2017-02-16,32.15925172891507,32.213769976120275,31.96250787853845,32.08340072631836,90338400.0
2017-02-17,32.02414442439707,32.19718282226355,32.02414442439707,32.17110824584961,88792800.0
2017-02-21,32.291991217829754,32.41525315665508,32.232731157214296,32.40340042114258,98028800.0
2017-02-22,32.339402015083415,32.50296037865421,32.263551010164285,32.50059127807617,83347600.0
2017-02-23,32.56459911464782,32.58830097560228,32.30859514448213,32.36311340332031,83152800.0
2017-02-24,32.21614450763352,32.393924713134766,32.06680797758926,32.393924713134766,87106400.0
2017-02-27,32.50770011899953,32.578812918217345,32.303845356946965,32.45792007446289,81029600.0
2017-02-28,32.49347783495373,32.5788124694502,32.40340138272214,32.472145080566406,93931600.0
2017-03-01,32.68548534031507,33.22119509192395,32.616745247888936,33.135860443115234,145658400.0
2017-03-02,33.185633877145456,33.25200485554398,32.891702674989794,32.93911361694336,104844000.0
2017-03-03,32.89643607599155,33.14532898978008,32.851397862826964,33.13347625732422,84432400.0
2017-03-06,33.036297166639734,33.13111543302396,32.85377878562578,33.0291862487793,87000000.0
2017-03-07,32.962813541311256,33.18089011713253,32.8988116669783,33.07185363769531,69785200.0
2017-03-08,32.93674803098828,33.13823372707451,32.905935252383486,32.94860076904297,74828800.0
2017-03-09,32.88696715313177,32.89881627263827,32.48636853284428,32.87274169921875,88623600.0
2017-03-10,33.007851760929405,33.0339263306967,32.86325707711928,32.98177719116211,78451200.0
2017-03-13,32.913040279630565,33.05052044221977,32.90592936146034,32.996002197265625,69686800.0
2017-03-14,33.01970228502461,33.10266418913211,32.91066219594892,32.94622039794922,61236400.0
2017-03-15,33.045780942660016,33.36341399827076,32.95570449344767,33.294673919677734,102767200.0
2017-03-16,33.35630449118956,33.42741729005193,33.24726438400764,33.34919357299805,76928000.0
2017-03-17,33.422675034893345,33.422675034893345,33.159560214408856,33.18326568603516,175540000.0
2017-03-20,33.28045347566876,33.54119922739575,33.24015706257415,33.53171920776367,86168000.0
2017-03-21,33.685791292561355,33.84934964969837,33.12163431969974,33.147708892822266,158119600.0
2017-03-22,33.15007696791299,33.564897362349775,33.128740598748095,33.5222282409668,103440800.0
2017-03-23,33.48430222328362,33.56015683445796,33.33022751763779,33.403709411621094,81385200.0
2017-03-24,33.54119223448714,33.59808319126134,33.26859741928948,33.337337493896484,89582400.0
2017-03-27,33.04104618087627,33.47483034958082,32.8585241431601,33.39423751831055,94300400.0
2017-03-28,33.40134521537058,34.14327879876064,33.33260151178251,34.08639144897461,133499200.0
2017-03-29,34.05793698476991,34.24994260070512,33.94178959211829,34.162235260009766,116760000.0
2017-03-30,34.1788278978291,34.25230978301202,34.015269576901204,34.11719512939453,84829200.0
2017-03-31,34.06742541921905,34.197798281638725,33.899125248286886,34.05320358276367,78646800.0
2017-04-03,34.06505582280824,34.162239576154086,33.90860839018249,34.06268310546875,79942800.0
2017-04-04,33.9560200885425,34.344766002818936,33.93705643212077,34.31632232666016,79565600.0
2017-04-05,34.18593804797083,34.479869199057,34.08875069757785,34.13853073120117,110871600.0
2017-04-06,34.20253648249238,34.257058344834284,34.00342353822263,34.05320358276367,84596000.0
2017-04-07,34.069797704884046,34.17646510521911,33.96076120390067,33.977352142333984,66688800.0
2017-04-10,34.03898287330361,34.10535385692433,33.87305179730446,33.93705368041992,75733600.0
2017-04-11,33.88253217311971,33.97971953869438,33.199855130766665,33.5720100402832,121517600.0
2017-04-12,33.5649049844399,33.69527424445322,33.425048470819455,33.61231231689453,81400000.0
2017-04-13,33.63838695068904,33.749796171472035,33.434532165527344,33.434532165527344,71291600.0
2017-04-17,33.53644595303899,33.63126420170775,33.3918512886472,33.61941146850586,66328400.0
2017-04-18,33.519861371447405,33.66919426385842,33.448748575707995,33.4700813293457,58790000.0
2017-04-19,33.631275873777646,33.65971954977676,33.29230639468193,33.346824645996094,69313600.0
2017-04-20,33.47482579132966,33.8777935097569,33.4606039544477,33.764015197753906,93278400.0
2017-04-21,33.76401314353618,33.82090048760297,33.62416026677587,33.723716735839844,69283600.0
2017-04-24,34.01527642320556,34.12194381403522,33.939421805848404,34.0484619140625,68537200.0
2017-04-25,34.11246612167284,34.347133674112044,34.10298248538283,34.259429931640625,75486000.0
2017-04-26,34.24520142437692,34.276017810896256,33.98682844848226,34.05793762207031,80164800.0
2017-04-27,34.11482364524721,34.171714592838605,33.97022898494706,34.084007263183594,56985200.0
2017-04-28,34.15512913092569,34.20490917543117,33.960758004595654,34.05083084106445,83441600.0
2017-05-01,34.39453898409684,34.89232129930685,34.36135349641617,34.745357513427734,134411600.0
2017-05-02,34.972919787140775,35.10329265881703,34.806992321801665,34.9658088684082,181408800.0
2017-05-03,34.51068903288855,34.96106767679691,34.197797784576395,34.85913848876953,182788000.0
2017-05-04,34.73113996321797,34.87810376722871,34.562839786893306,34.7335090637207,93487600.0
2017-05-05,34.78801795126147,35.31424747707442,34.78801795126147,35.30950927734375,109310800.0
2017-05-08,35.32610825083948,36.43308578689716,35.32610825083948,36.269527435302734,195009600.0
2017-05-09,36.47338376387355,36.71279674207534,36.373827288393066,36.5018310546875,156521600.0
2017-05-10,36.416496112594096,36.48997801410191,36.05619390651513,36.32878875732422,103222800.0
2017-05-11,36.28594305799478,36.67153574696022,36.2526205917263,36.64297103881836,109020400.0
2017-05-12,36.82148060775708,37.23087293382563,36.81434033954812,37.15470886230469,130108000.0
2017-05-15,37.13328302320824,37.28561479237226,36.90478718540013,37.05949783325195,104038800.0
2017-05-16,37.11663745352659,37.14519853593722,36.8262543427612,37.00476837158203,80194000.0
2017-05-17,36.55966633419815,36.79054471677303,35.63377392485842,35.76230239868164,203070800.0
2017-05-18,36.005088112014704,36.49778490980633,35.97176564082047,36.30736923217773,134272800.0
2017-05-19,36.507300980063945,36.65010998812501,36.3287869960804,36.43113327026367,107843200.0
2017-05-22,36.65487521711743,36.79292648168242,36.39543573820512,36.65249633789063,91865600.0
2017-05-23,36.86909530830832,36.86909530830832,36.49064644561355,36.60727691650391,79675600.0
2017-05-24,36.61678534707763,36.695331931187866,36.3383039844374,36.49777603149414,76712000.0
2017-05-25,36.590609415973134,36.7381834622342,36.42399707201068,36.623931884765625,76942400.0
2017-05-26,36.654877006372814,36.712002797494776,36.49064353478941,36.562049865722656,87710400.0
2017-05-30,36.51682361058487,36.75722115780146,36.495402802114185,36.57632827758789,80507600.0
2017-05-31,36.647737792921234,36.69534080429004,36.26928894950533,36.35973358154297,97804800.0
2017-06-01,36.457322658639,36.49540652105213,36.2312056273612,36.45970153808594,65616400.0
2017-06-02,36.554902498838985,36.999996185302734,36.390669059140805,36.999996185302734,111082800.0
2017-06-05,36.73579881809849,36.761981015763546,36.52634486865452,36.63821029663086,101326800.0
2017-06-06,36.63106717129596,37.08568364445326,36.60250609675246,36.76197814941406,106499600.0
2017-06-07,36.89765648775693,37.12615238483095,36.76912436776059,36.98096084594727,84278400.0
2017-06-08,36.952390277309455,37.02141407819177,36.75007300017448,36.890506744384766,85003200.0
2017-06-09,36.93811560157485,36.93811560157485,34.75548497394392,35.460018157958984,259530800.0
2017-06-12,34.68883860809051,34.772142954662655,33.920035770270175,34.6126708984375,289229200.0
2017-06-13,35.02683145484872,35.09585527724366,34.548411561323846,34.89115905761719,136661600.0
2017-06-14,35.10774778502642,35.10774778502642,34.236598731049405,34.550785064697266,126124800.0
2017-06-15,34.112837087433604,34.38893598084394,33.84863622186837,34.343711853027344,128661600.0
2017-06-16,34.22232190037469,34.39369562239973,33.846251989923964,33.8629150390625,201444400.0
2017-06-19,34.19375777089826,34.92685559813147,34.19375777089826,34.83164596557617,130165600.0
2017-06-20,34.957809740504786,34.957809740504786,34.498435334543274,34.51509475708008,99600400.0
2017-06-21,34.63647561831607,34.76738660466088,34.41987777107979,34.71977996826172,85063200.0
2017-06-22,34.69598497696623,34.91734061229491,34.541270651486045,34.66266250610352,76425200.0
2017-06-23,34.54364377643729,35.02682128859445,34.53888238707156,34.81736373901367,141757600.0
2017-06-26,35.02920878181395,35.293409662507784,34.60315694164193,34.7078857421875,102769600.0
2017-06-27,34.5150784264147,34.78880201574624,34.18423269326682,34.21041488647461,99047600.0
2017-06-28,34.39131437998738,34.77690341210819,34.074749154997306,34.71025848388672,88329600.0
2017-06-29,34.44367938905235,34.54364678317835,33.86529219861646,34.198516845703125,125997600.0
2017-06-30,34.38178809430017,34.50317991194088,34.22231605861365,34.279441833496094,92096400.0
2017-07-03,34.48414470923201,34.58411211085681,34.060471783922694,34.15567779541016,57111200.0
2017-07-05,34.20090603760276,34.46272441663756,33.97002761849245,34.296112060546875,86278400.0
2017-07-06,34.04143192961021,34.15567987673233,33.896240392524646,33.97240447998047,96515200.0
2017-07-07,34.012860403767434,34.45319631722154,34.012860403767434,34.31752395629883,76806800.0
2017-07-10,34.30086817484004,34.73882162401684,34.124733064423175,34.52698516845703,84362400.0
2017-07-11,34.44843932784584,34.71502269426851,34.3651349767384,34.63885498046875,79127200.0
2017-07-12,34.71978654940717,34.79357176518486,34.46986982032199,34.688846588134766,99538000.0
2017-07-13,34.63171655950819,35.343393691814924,34.61743602037774,35.172019958496094,100797600.0
2017-07-14,35.219622300463634,35.5433278315161,35.067290499490504,35.474300384521484,80528400.0
2017-07-17,35.42194055888169,35.917016201268616,35.36243589080014,35.59807205200195,95174000.0
2017-07-18,35.51239749710608,35.73375682769227,35.38624784758631,35.72185516357422,71475200.0
2017-07-19,35.817051217902986,36.04078936612676,35.69090160358566,35.94558334350586,83692000.0
2017-07-20,36.05982826554232,36.116954053438576,35.74802439101314,35.78372573852539,68974800.0
2017-07-21,35.700414402596785,35.807522056065615,35.43621358703983,35.767059326171875,105010400.0
2017-07-24,35.840849486276795,36.28356432961162,35.67899491238887,36.20025634765625,85972800.0
2017-07-25,36.13122712677662,36.61678351199773,36.13122712677662,36.35496520996094,75415600.0
2017-07-26,36.50015829009657,36.63820589916896,36.43113085368432,36.52634048461914,63124000.0
2017-07-27,36.59537022022681,36.65249600804618,35.06015053736336,35.836090087890625,129905200.0
2017-07-28,35.67662078261852,35.75754626439713,35.51000842840464,35.58379364013672,68854800.0
2017-07-31,35.678997923888815,35.78134784269791,35.25770748415928,35.400516510009766,79383600.0
2017-08-01,35.488585593250725,35.75516534478163,35.32435212779804,35.71470260620117,141474400.0
2017-08-02,37.91160425259563,38.02347329085588,37.16898734488997,37.40224456787109,279747200.0
2017-08-03,37.38082719985807,37.41891105295219,36.89764966333926,37.02856063842773,108389200.0
2017-08-04,37.14757173137284,37.4641333337079,37.05712348391921,37.22373580932617,82239600.0
2017-08-07,37.38321476076152,37.82592966813938,37.290387617208594,37.799747467041016,87481200.0
2017-08-08,37.749761289822445,38.51856055205049,37.671214695445975,38.102027893066406,144823600.0
2017-08-09,37.90684709598871,38.38526688422825,37.871145752930325,38.33528137207031,104526000.0
2017-08-10,38.20863802486774,38.2325348175842,36.94935653453339,37.114234924316406,163217200.0
2017-08-11,37.42009842657056,37.89083684742634,37.29345343478083,37.63037490844727,105028400.0
2017-08-14,38.07005224208396,38.28272059321194,37.93384707252721,38.19669723510742,88490800.0
2017-08-15,38.39024002306245,38.7582265196449,38.2659832797676,38.6148567199707,117862000.0
2017-08-16,38.696110290332925,38.8323118186518,38.26838170548251,38.45954513549805,110686400.0
2017-08-17,38.35679293640918,38.40219465649674,37.71639605952046,37.72117614746094,111762400.0
2017-08-18,37.72117425734805,38.113057587638735,37.4487675966111,37.63515090942383,109712400.0
2017-08-21,37.63515944274023,37.72835112027668,37.06406097862931,37.56586456298828,105474000.0
2017-08-22,37.80959132884863,38.232539821543405,37.759413162170766,38.179969787597656,86418400.0
2017-08-23,38.01030792646531,38.344841129774224,37.96490621041514,38.22775268554688,77596400.0
2017-08-24,38.33528861568186,38.409367225489866,37.88605874519826,38.05810546875,79275600.0
2017-08-25,38.14890342443324,38.36635186257224,38.05810362472541,38.1990852355957,101920400.0
2017-08-28,38.265981497397625,38.710434783348255,38.215799699859225,38.58378982543945,103864000.0
2017-08-29,38.25643245343792,38.978068938804206,38.232535660194806,38.92789077758789,118067600.0
2017-08-30,39.14055974267399,39.16206466925642,38.85620467073256,39.03303146362305,109078400.0
2017-08-31,39.10232351651691,39.31260361766696,39.064090107918986,39.18834686279297,107140400.0
2017-09-01,39.37951715630687,39.41297048315421,39.09994214348141,39.20030212402344,66364400.0
2017-09-05,39.12861252391835,39.24808920338069,38.36635072556636,38.72956085205078,117874000.0
2017-09-06,38.88009388482008,38.94700051857028,38.35678556316537,38.68893051147461,86606800.0
2017-09-07,38.731950660575336,38.76779585356661,38.31856235361055,38.53361892700195,87714000.0
2017-09-08,38.43803924962956,38.50733412263844,37.88127745991199,37.90517425537109,114446000.0
2017-09-11,38.35201192566485,38.72239034015602,38.20625023916724,38.590965270996094,126323200.0
2017-09-12,38.85620625489136,39.17879475133483,37.93862622191024,38.43803787231445,286856000.0
2017-09-13,38.201469104592654,38.22297767614852,37.73312260241413,38.14889907836914,179629600.0
2017-09-14,37.99119550542988,38.08916361063993,37.7761352966538,37.821537017822266,95042800.0
2017-09-15,37.86694371358615,38.46432718398899,37.75463532945928,38.2038688659668,196458400.0
2017-09-18,38.25882350177521,38.3520151684886,37.75463175464921,37.91473007202149,113077600.0
2017-09-19,38.115449032926165,38.17757923987892,37.85977083444329,37.9290657043457,83242400.0
2017-09-20,37.73073080402192,37.81675415198584,36.75819260939789,37.29344940185547,211805600.0
2017-09-21,37.228927843068334,37.228927843068334,36.50011949062364,36.65304946899414,150046800.0
2017-09-22,36.21099300323526,36.38543159297639,35.97681971561928,36.29462814331055,186581600.0
2017-09-25,35.840612981757204,36.28028625476868,35.64228127089973,35.97442626953125,177549200.0
2017-09-26,36.26833842931469,36.7796984420075,36.24683350332795,36.59331512451172,146640000.0
2017-09-27,36.75103063568354,36.97086730812043,36.68890042324885,36.85377883911133,102016800.0
2017-09-28,36.77253554203136,36.86572721448634,36.48818043614227,36.62677383422852,88022000.0
2017-09-29,36.61004317514646,36.82987981250818,36.32090802668566,36.82748794555664,105199200.0
2017-10-02,36.86094243224873,36.906344152098725,36.49295587781075,36.753414154052734,74795200.0
2017-10-03,36.80120861837468,37.05927870545014,36.77731546813795,36.913516998291016,64921200.0
2017-10-04,36.71040573843617,36.76536399012995,36.43083074572578,36.674560546875,80655200.0
2017-10-05,36.84183098763971,37.14291458494892,36.81076952710061,37.13096618652344,85135200.0
2017-10-06,37.03059245428389,37.1548491887248,36.93262072816437,37.10944747924805,69630400.0
2017-10-09,37.23131512125496,37.45115173171443,37.15485195707428,37.23848342895508,65051600.0
2017-10-10,37.291052465429786,37.75462246387465,37.06165933280308,37.2528190612793,62468000.0
2017-10-11,37.26955253055161,37.51089409004052,37.21698250434395,37.408145904541016,67622400.0
2017-10-12,37.36036090710863,37.60409071960916,37.21220733813914,37.27672576904297,64500400.0
2017-10-13,37.45116400469161,37.58258909915962,37.37470081545347,37.5132942199707,65576800.0
2017-10-16,37.730738532187424,38.23254210578155,37.671000185147136,38.2038688659668,96486000.0
2017-10-17,38.179962622995305,38.44042087658028,38.04853756279329,38.34484100341797,75989200.0
2017-10-18,38.33289624443114,38.40219475826594,38.136956392017794,38.17518615722656,65496800.0
2017-10-19,37.45593723724737,37.53479227949401,37.04254896680776,37.27194213867188,170336800.0
2017-10-20,37.422483463472496,37.69489013061524,37.26716524785571,37.33646011352539,95896400.0
2017-10-23,37.48938753893291,37.680550930840326,37.15724255837242,37.31734085083008,87937200.0
2017-10-24,37.34601838840266,37.616036847327535,37.32451346144551,37.5395736694336,71028800.0
2017-10-25,37.49416384695564,37.64709381583834,37.1022805738101,37.37468719482422,84828400.0
2017-10-26,37.57063015188217,37.71400360489123,37.46310188519456,37.61364364624024,68002000.0
2017-10-27,38.0628749880807,39.09276692090527,37.92189339602164,38.96134185791016,177816800.0
2017-10-30,39.162067947461125,40.16089493729702,39.121446311803226,39.83830642700195,178803200.0
2017-10-31,40.12027060276724,40.53843901317308,39.89087740232541,40.392677307128906,144187200.0
2017-11-01,40.59100530142064,40.60773378643968,39.57306532036801,39.87892532348633,134551200.0
2017-11-02,39.80963383337439,40.263643788558255,39.494213627435926,40.17045211791992,165573600.0
2017-11-03,41.57788192085598,41.64000847778297,40.88969512229813,41.21945190429688,237594400.0
2017-11-06,41.18838935127079,41.81444963163875,41.03307112627376,41.63762283325195,140105200.0
2017-11-07,41.5563782260843,41.87657484195662,41.48230327051639,41.77143478393555,97446000.0
2017-11-08,41.73558959167353,42.11313629150391,41.65673455505024,42.11313629150391,97638000.0
2017-11-09,41.84311977429734,42.07968489498313,41.3723813998694,42.02711486816406,117930400.0
2017-11-10,41.99354139755911,42.05829175763898,41.79209989869521,41.88802337646485,100582000.0
2017-11-13,41.60744932287534,41.84726171090344,41.58346662037388,41.72016143798828,67928400.0
2017-11-14,41.49713113569971,41.60264916459186,41.0510799785397,41.08945083618164,99130000.0
2017-11-15,40.76090675960359,40.84484254855594,40.37960598881217,40.5474739074707,116632400.0
2017-11-16,41.05107645176453,41.21654755928888,40.840044071356814,41.03189468383789,94550000.0
2017-11-17,41.01750619688975,41.10144199017456,40.681770342243226,40.80407333374024,87598000.0
2017-11-20,40.83764691334883,40.90239727789508,40.66258490768298,40.7633056640625,65049600.0
2017-11-21,40.9551569995188,41.65540869352432,40.9551569995188,41.521114349365234,100525200.0
2017-11-22,41.57387168980206,41.96716382153113,41.49953044222618,41.95757293701172,102355600.0
2017-11-24,41.99114534438952,42.08706882387938,41.8832268559057,41.95996856689453,56106800.0
2017-11-27,41.9791533549779,41.98634743286771,41.56907261902814,41.748931884765625,82867200.0
2017-11-28,41.79929403755504,41.93598517653852,41.21415130826659,41.50432586669922,105715200.0
2017-11-29,41.398809424435136,41.468353399685135,40.0870355051733,40.64339828491211,166665600.0
2017-11-30,40.87121708779723,41.28129781670398,40.39399285282081,41.21175384521485,166108800.0
2017-12-01,40.75611002947288,41.16858758322743,40.40838283779216,41.01990509033203,159037200.0
2017-12-04,41.36283390380306,41.39640748708288,40.67937088862534,40.72013854980469,130169600.0
2017-12-05,40.54267490925971,41.13261489456195,40.38439788158764,40.681766510009766,109400800.0
2017-12-06,40.16856629989656,40.81605887556811,39.9191630804012,40.53068161010742,114240000.0
2017-12-07,40.53548623524247,40.87362256873263,40.50670992064639,40.60503387451172,102693200.0
2017-12-08,40.885608154215824,41.00791113324959,40.48512197582519,40.61701583862305,93420800.0
2017-12-11,40.57625601064527,41.46116432295574,40.47793205166706,41.40840530395508,141095200.0
2017-12-12,41.28369607954757,41.3412523629545,41.11822862583927,41.17578125,77636800.0
2017-12-13,41.367636750925854,41.6170400232977,41.24773055744491,41.31248092651367,95273600.0
2017-12-14,41.34364817069133,41.51871382294195,41.163788906040566,41.30048370361328,81906000.0
2017-12-15,41.63862610427792,41.76812318374457,41.358046049394645,41.72016143798828,160677200.0
2017-12-18,41.93839164287344,42.49475448100092,41.93359437051769,42.30770111083984,117684400.0
2017-12-19,41.97436287506508,42.06069548295817,41.748938640052735,41.85685348510742,109745600.0
2017-12-20,41.93598289421887,42.067880413600776,41.54748807280844,41.811283111572266,93902400.0
2017-12-21,41.76811721687324,42.211771535044726,41.751332254917386,41.96955871582031,83799600.0
2017-12-22,41.89042019996694,42.06788265908475,41.847255732726616,41.96955871582031,65397600.0
2017-12-26,40.95995241936014,41.1206262638023,40.69136008394146,40.9047966003418,132742000.0
2017-12-27,40.792084936337616,40.95515558884351,40.6985582599307,40.911991119384766,85992800.0
2017-12-28,41.007917994088245,41.21175998582768,40.88321452881542,41.027103424072266,65920800.0
2017-12-29,40.89280266654752,40.90958762812463,40.58104588183328,40.58344268798828,103999600.0
2018-01-02,40.80646634783333,41.3196645800776,40.59063305847624,41.3100700378418,102223600.0
2018-01-03,41.37482376915662,41.8592457327418,41.238132634723016,41.302879333496094,118071600.0
2018-01-04,41.37722633453039,41.60025375019633,41.266914689176645,41.49473571777344,89738400.0
2018-01-05,41.59305638905082,42.055892488360406,41.49952971482916,41.9671630859375,94640000.0
2018-01-08,41.811283111572266,42.11344534386416,41.71055870822904,41.811283111572266,82271200.0
2018-01-09,41.85925468665733,41.98155769196929,41.58586870006541,41.80649566650391,86336000.0
2018-01-10,41.52590859848026,41.799294538972845,41.48753774315768,41.79689407348633,95839600.0
2018-01-11,41.868838276401526,42.08467159193981,41.8448592363947,42.03430938720703,74670800.0
2018-01-12,42.25013461667644,42.53311506937796,42.12303437429435,42.46836471557617,101672400.0
2018-01-16,42.66262152937962,43.01994329785896,42.24055305206073,42.25254440307617,118263600.0
2018-01-17,42.24294806332159,42.98636788372615,41.983953920476985,42.95039749145508,137547200.0
2018-01-18,43.01514904163496,43.19021472839276,42.74656032444037,42.98876953125,124773600.0
2018-01-19,42.83288735330445,43.0655056438647,42.54511324248914,42.79691696166992,129700400.0
2018-01-22,42.5187408718268,42.63384980362338,42.35087291728034,42.44679641723633,108434400.0
2018-01-23,42.51873631307311,43.0319346672324,42.40362739361823,42.45638275146485,130756400.0
2018-01-24,42.50674055929216,42.518731909070674,41.53549977517136,41.78010940551758,204420400.0
2018-01-25,41.84965470983057,41.955172736442,40.89520251690711,41.03429412841797,166116000.0
2018-01-26,41.24772788518657,41.24772788518657,40.78249129914168,41.130218505859375,156572000.0
2018-01-29,40.80646747390934,40.80646747390934,40.065448242932966,40.27888107299805,202561600.0
2018-01-30,39.69613919413109,40.137393053155066,39.49709449854779,40.04146957397461,184192800.0
2018-01-31,40.0174924509344,40.39399966063806,39.928763037365854,40.15178680419922,129915600.0
2018-02-01,40.08943208635738,40.43715927914729,39.99110813979205,40.2357177734375,188923200.0
2018-02-02,39.808855336031804,40.00070597311501,38.3939637486305,38.48988723754883,346375200.0
2018-02-05,38.15414677604045,39.30044952913983,37.41072701901543,37.52823638916016,290954000.0
2018-02-06,37.13014666605264,39.262078315572,36.931101976033325,39.09660720825195,272975200.0
2018-02-07,39.11099724522904,39.1853384919789,38.14695418452635,38.25966262817383,206434400.0
2018-02-08,38.439525619962055,38.60979402355056,37.17811379093135,37.20689010620117,217562000.0
2018-02-09,37.820898189144245,38.01834413666054,36.17630156446351,37.6619758605957,282690400.0
2018-02-12,38.16522723647315,39.46308560562384,37.92684373734404,39.178955078125,243278000.0
2018-02-13,38.99595725396116,39.67017029116303,38.92371948673141,39.57144546508789,130196800.0
2018-02-14,39.25841900338253,40.34197452834615,39.219895377083006,40.30104064941406,162579600.0
2018-02-15,40.88374659619972,41.67835460532656,40.69352404716808,41.65427780151367,204588800.0
2018-02-16,41.502578672700096,42.0949238909416,41.36051340614637,41.51943206787109,160704400.0
2018-02-20,41.42793710044624,41.96008115955421,41.27623816295608,41.37977981567383,135722000.0
2018-02-21,41.61576014695929,41.92637780950707,41.17752033056193,41.19197082519531,149886400.0
2018-02-22,41.36774069145389,41.88543794650679,41.34607046384675,41.53629302978516,123967600.0
2018-02-23,41.81802817180745,42.29479167723306,41.78672427413229,42.25867462158203,135249600.0
2018-02-26,42.46333507064141,43.19533534880292,42.42962460403197,43.09420394897461,152648800.0
2018-02-27,43.12551813779152,43.45780605254676,42.899174804709766,42.95455551147461,155712400.0
2018-02-28,43.16402690177789,43.49150154604053,42.87267297274537,42.8895263671875,151128400.0
2018-03-01,42.99066285480279,43.289243901623415,41.57481956466101,42.13826751708984,195208000.0
2018-03-02,41.60853131635997,42.45129669272192,41.52425330905759,42.42962646484375,153816000.0
2018-03-05,42.1888391374172,42.79803785568408,42.02269336440521,42.57651138305664,113605600.0
2018-03-06,42.838974927305,42.9208426935602,42.41036876965602,42.5403938293457,95154000.0
2018-03-07,42.12381851292915,42.34293837444644,41.96248959513574,42.14548873901367,126814000.0
2018-03-08,42.25384871260863,42.648744357617474,42.155127556980624,42.60540390014648,95096400.0
2018-03-09,42.85100897396697,43.34221917464684,42.71375684964784,43.33740234375,128740800.0
2018-03-12,43.41204262843936,43.91770327451369,43.39278265498433,43.75637435913086,128828400.0
2018-03-13,43.96586416592503,44.184984042157225,43.15921952278816,43.33499526977539,126774000.0
2018-03-14,43.41926978639747,43.46742706844866,42.814884323035045,42.966583251953125,117473600.0
2018-03-15,42.98103383274658,43.40000993902586,42.87749585097859,43.01715087890625,90975200.0
2018-03-16,43.01715089553608,43.13032253910068,42.76913738070268,42.865455627441406,157618800.0
2018-03-19,42.69689962485326,42.73301666792796,41.81560703217957,42.21050262451172,133787200.0
2018-03-20,42.19606018066406,42.57169216423347,42.12382241286252,42.19606018066406,78597600.0
2018-03-21,42.147899830853966,42.159940071356495,41.23771349617947,41.2401237487793,148219600.0
2018-03-22,40.93431681203106,41.57963251346843,40.59721214324518,40.65740966796875,165963200.0
2018-03-23,40.54664460087945,40.91505315820939,39.715919494628906,39.715919494628906,164115200.0
2018-03-26,40.469597882619325,41.68077191175782,40.07710880497637,41.60131072998047,150164800.0
2018-03-27,41.8204173899251,42.17437908503102,40.19267784736752,40.53459930419922,163690400.0
2018-03-28,40.27214417727509,40.93913378225096,39.77611715972937,40.08673477172852,166674000.0
2018-03-29,40.40698842413191,41.35570206072776,40.18786853869164,40.39976501464844,153594000.0
2018-04-02,40.12526915034906,40.67908721225755,39.60275498266056,40.1348991394043,150347200.0
2018-04-03,40.36605733496435,40.63333452681851,39.7014778974032,40.54664993286133,121112000.0
2018-04-04,39.70147455358747,41.41830554123028,39.67498749449346,41.32199096679688,138422000.0
2018-04-05,41.55555783350488,41.95286004733501,41.435162777899926,41.6085319519043,107732800.0
2018-04-06,41.16789228091248,41.53148408507902,40.500902535973935,40.544246673583984,140021200.0
2018-04-09,40.90542385046355,41.67835802312805,40.89820044131083,40.94635772705078,116070800.0
2018-04-10,41.656694706728274,41.89748484954173,41.30273290285921,41.71689224243164,113634400.0
2018-04-11,41.4712754219248,41.87821125453179,41.343656970466,41.52184295654297,89726400.0
2018-04-12,41.75541473549043,42.13827013664651,41.66631989448322,41.931190490722656,91557200.0
2018-04-13,42.08529768735326,42.34053463158518,41.86136463505513,42.07325744628906,100497200.0
2018-04-16,42.14549381261792,42.424811229660754,42.09733652413325,42.33572006225586,86313600.0
2018-04-17,42.49704386059624,43.0869788400691,42.47778021269868,42.91842651367188,106421600.0
2018-04-18,42.81488199950743,43.05808232304005,42.59094899674779,42.82210540771485,83018000.0
2018-04-19,41.83968840113312,42.23217745813822,41.57482148330153,41.6085319519043,139235200.0
2018-04-20,41.07880084550352,41.22808956199206,39.83391254322753,39.90374374389648,261964400.0
2018-04-23,40.17100995187891,40.19268017752992,39.51124380234928,39.78815460205078,146062000.0
2018-04-24,39.89170051043792,40.05062287849282,38.82018516370258,39.23434448242188,134768000.0
2018-04-25,39.15727903895512,39.831491953108745,39.10671518303836,39.40529251098633,113528400.0
2018-04-26,39.51847627922504,39.906148548434444,39.33788367569581,39.54255676269531,111852000.0
2018-04-27,39.48958196635321,39.5690431514537,38.678120390704514,39.08505630493164,142623200.0
2018-04-30,39.03930201298125,40.27455278843437,38.96947082300668,39.79297256469727,169709600.0
2018-05-01,40.069887170438335,40.74169002916922,39.79538656403049,40.71761322021485,214277600.0
2018-05-02,42.19365389028084,42.8004460529627,41.849325764396696,42.51631546020508,266157600.0
2018-05-03,42.35016422110049,42.740243009738144,42.00342588712686,42.593360900878906,136272800.0
2018-05-04,42.92082960918061,44.36557001678276,42.90156596284613,44.26443862915039,224805200.0
2018-05-07,44.5895108801975,45.18907957779208,44.48597289632512,44.58469772338867,169805600.0
2018-05-08,44.54376665581408,44.83993748152484,44.22592192643415,44.79900360107422,113611200.0
2018-05-09,44.91939769362194,45.1240670914542,44.59914639260312,45.11443710327149,92844800.0
2018-05-10,45.20593605885555,45.83921154250512,45.1842621568368,45.75975036621094,111957200.0
2018-05-11,45.80326139800224,45.94103908975816,45.31015336101617,45.58571243286133,104848800.0
2018-05-14,45.68723300990205,45.81292771945461,45.409258084577424,45.47935485839844,83115200.0
2018-05-15,45.14820441274928,45.21830487935785,44.742118893776144,45.06602096557617,94780800.0
2018-05-16,44.9765876397295,45.55429502284428,44.95966556508444,45.486610412597656,76732400.0
2018-05-17,45.44309762793118,45.663062443138685,45.04667926424213,45.1989631652832,69176000.0
2018-05-18,45.24731288802467,45.39717726481056,44.99109171932606,45.03459930419922,73190800.0
2018-05-21,45.44310674890132,45.75009047084282,45.17963430241901,45.35367202758789,73603200.0
2018-05-22,45.534959757090455,45.6558190802055,45.14820844778878,45.24006271362305,60962800.0
2018-05-23,45.04426773585513,45.56396130994549,44.90165094241464,45.530120849609375,80233600.0
2018-05-24,45.62922290421108,45.64614128892652,45.0104238546189,45.47935485839844,92936000.0
2018-05-25,45.49869473729376,45.84193473454626,45.35849749531737,45.58329772949219,69844000.0
2018-05-29,45.34640979664386,45.62438470494341,45.16995256708588,45.418922424316406,90056400.0
2018-05-30,45.37541349168122,45.44309440104167,45.14819742954274,45.32223510742188,74762000.0
2018-05-31,45.254563019330966,45.49869751223114,44.99350645162568,45.169960021972656,109931200.0
2018-06-01,45.440691133487285,45.98938982295258,45.382677328675705,45.98455810546875,93770000.0
2018-06-04,46.32295409972428,46.75321292884942,46.25285732595293,46.36888122558594,105064800.0
2018-06-05,46.66861342975363,46.87890743850463,46.49699159515995,46.72662353515625,86264000.0
2018-06-06,46.80397720423112,46.91274984471237,46.390636744402286,46.88857650756836,83734400.0
2018-06-07,46.92724528305264,46.941747807815005,46.49215109851755,46.76287841796875,85388800.0
2018-06-08,46.20935279248217,46.40997970986969,45.87094816576456,46.33746337890625,106627200.0
2018-06-11,46.25286280953879,46.40272718467941,45.97730371003272,46.223854064941406,73234000.0
2018-06-12,46.26252029347489,46.557417265160105,46.20450650470089,46.4776496887207,67644400.0
2018-06-13,46.51149375493932,46.622685936640096,46.03289194747344,46.09573745727539,86553600.0
2018-06-14,46.30120397973548,46.30603938503396,45.97971776155753,46.11991500854492,86440400.0
2018-06-15,45.93378294718046,45.96520754386279,45.5059400140169,45.64613723754883,246876800.0
2018-06-18,45.41408538656326,45.737987379990415,45.24971484365541,45.62196350097656,73939600.0
2018-06-19,44.75178531359944,45.03943106252478,44.3432802542573,44.88473129272461,134314000.0
2018-06-20,45.04426812545406,45.24972674772412,44.89440006695485,45.08052444458008,82514800.0
2018-06-21,45.261814443637135,45.52770641770492,44.70344498642846,44.829139709472656,102847600.0
2018-06-22,44.98866617590058,44.9959174390796,44.64542619487196,44.69860458374024,108801600.0
2018-06-25,44.33119118118279,44.69860449765604,43.68580294116065,44.033878326416016,126652400.0
2018-06-26,44.23208655872611,45.08776875310358,44.123310241460885,44.58015823364258,98276800.0
2018-06-27,44.77353336603353,45.269057212902055,44.48347179587461,44.514896392822266,101141200.0
2018-06-28,44.50039775760134,45.01042417431221,44.4278814366393,44.83880233764648,69460800.0
2018-06-29,45.029763576757375,45.247312564569256,44.21275708608723,44.744537353515625,90950800.0
2018-07-02,44.43272479752635,45.273904681637575,44.33603512281968,45.244895935058594,70925200.0
2018-07-03,45.39234002654262,45.43101589264639,44.36503584628814,44.45689010620117,55819200.0
2018-07-05,44.78078814337186,45.05876675652213,44.54390493945534,44.81462860107422,66416800.0
2018-07-06,44.81946503180246,45.54703673322234,44.76628664157686,45.435848236083984,69940800.0
2018-07-09,45.805673972812,46.09090014588399,45.7573309912461,46.06673049926758,79026400.0
2018-07-10,46.09815776320037,46.235935453048455,45.970043506558056,46.011138916015625,63756400.0
2018-07-11,45.56395737350019,45.87335689508117,45.34882796102071,45.414093017578125,75326000.0
2018-07-12,45.812928670369374,46.26736084549184,45.759750280160006,46.17550659179688,72164400.0
2018-07-13,46.18759433184304,46.37129915516204,46.14408306232883,46.248023986816406,50055600.0
2018-07-16,46.29395578372292,46.56709534368338,46.0280637996901,46.1465072631836,60172400.0
2018-07-17,45.86611379259061,46.37855614982201,45.733167797554,46.27703475952149,62138000.0
2018-07-18,46.356796753575686,46.361632158720006,45.90961583022902,46.023223876953125,65573600.0
2018-07-19,45.85160563311212,46.542921034074304,45.85160563311212,46.3809700012207,81147200.0
2018-07-20,46.35679204950716,46.51390766158645,45.96762496238283,46.27460861206055,82704800.0
2018-07-23,46.09089652162088,46.40029969364615,45.82017289547316,46.315696716308594,63957600.0
2018-07-24,46.51874166061026,46.81122277582238,46.422055700457285,46.65168762207031,74791600.0
2018-07-25,46.66618672406623,47.09886503159416,46.51390284407976,47.09161376953125,66839600.0
2018-07-26,47.04085404964184,47.36717561524706,46.79913546425512,46.94416809082031,76304000.0
2018-07-27,47.13271567052678,47.18105865750517,45.95071175048776,46.163421630859375,96096000.0
2018-07-30,46.385795152194106,46.45831146562024,45.70173479992862,45.90477752685547,84118000.0
2018-07-31,45.99905116889243,46.44381251592292,45.76699968573168,45.99663162231445,157492000.0
2018-08-01,48.13342314564551,48.76914051790328,47.69349354931798,48.70629501342773,271742800.0
2018-08-02,48.483920760583786,50.369326715521744,48.4283265112694,50.13002395629883,249616000.0
2018-08-03,50.04300344358966,50.45634388881588,49.66833886109416,50.27505493164063,133789600.0
2018-08-06,50.2774730447775,50.57962132028698,50.0526764981985,50.53611373901367,101701600.0
2018-08-07,50.59653951573426,50.64004709367258,49.97773679672389,50.06233978271485,102349600.0
2018-08-08,49.80612596439504,50.23154943833741,49.43629674431059,50.096187591552734,90102000.0
2018-08-09,50.64730040618162,50.707730059096775,50.0840955984124,50.49018478393555,93970400.0
2018-08-10,50.29855451214679,50.72062126027439,50.13118315166052,50.33979034423828,98444800.0
2018-08-13,50.77155903385259,51.16936767557172,50.38102708608875,50.66482925415039,103563600.0
2018-08-14,50.97774899803342,51.07477406512711,50.51687067616576,50.8782958984375,82992000.0
2018-08-15,50.74973170941414,51.11843359534512,50.53384780738436,50.99715042114258,115230400.0
2018-08-16,51.36342033681351,51.863106384014735,51.29550206056879,51.7442512512207,114001600.0
2018-08-17,51.7733670725051,52.86734007862657,51.70544878439334,52.777591705322266,141708000.0
2018-08-20,52.90371878301477,53.16568716591089,52.17844411385706,52.26334381103516,121150800.0
2018-08-21,52.58837997708856,52.68298069574615,51.91647022077938,52.16146087646485,104639200.0
2018-08-22,51.9334573595475,52.48165598172236,51.87038773931768,52.16389465332031,76072400.0
2018-08-23,52.06686371362839,52.64902515389075,52.054738357570365,52.27062225341797,75532800.0
2018-08-24,52.5398772254289,52.61264417541769,52.17845200165194,52.43314743041992,73905600.0
2018-08-27,52.673288241107976,53.05897160050304,52.4743857330177,52.86491775512695,82100400.0
2018-08-28,53.12445297344237,53.49557917881581,53.10262289107184,53.29182434082031,91107200.0
2018-08-29,53.40098108291434,54.21115551414722,53.22148435067286,54.08744430541992,109019200.0
2018-08-30,54.1529413311322,55.368197495064926,53.94675843906149,54.58470916748047,195175200.0
2018-08-31,54.94370098676119,55.51615770394069,54.81999348436381,55.21537780761719,173360400.0
2018-09-04,55.40458511336544,55.59135855218315,54.97281727356832,55.3924560546875,109560400.0
2018-09-05,55.54527194611478,55.71021529382243,54.60168895653014,55.031028747558594,133332000.0
2018-09-06,54.87578828843609,55.14746513692511,53.67993787315547,54.11655807495117,137160000.0
2018-09-07,53.81334769170477,54.66717860201505,53.53682219323416,53.679935455322266,150479200.0
2018-09-10,53.59503344577936,53.813345378092656,52.50833725129763,52.959510803222656,158066000.0
2018-09-11,52.88189063685329,54.407635108935295,52.53017015626629,54.29848098754883,142996000.0
2018-09-12,54.56287222932665,54.57742561728829,53.32578243482736,53.624141693115234,197114800.0
2018-09-13,54.21842847465115,55.390024322019954,53.98799119563866,54.9194450378418,166825600.0
2018-09-14,54.75934979605412,55.02374621130537,53.9758615750837,54.29604721069336,127997200.0
2018-09-17,53.886116585560686,54.08017041810733,52.70239523943727,52.85036087036133,148780400.0
2018-09-18,52.82851767009699,53.81334004704678,52.66599867841605,52.93767547607422,126286800.0
2018-09-19,53.000746387628176,53.27241950964848,52.22453482380681,52.96921157836914,108495200.0
2018-09-20,53.42281250863383,53.9176462178862,53.15841238281989,53.37187194824219,106435200.0
2018-09-21,53.553802961565054,53.69449190055133,52.707244996400256,52.7969970703125,384986800.0
2018-09-24,52.593239782073326,53.67023130793162,52.54715158161904,53.55622482299805,110773600.0
2018-09-25,53.30395055600256,54.04863095926409,53.29182149935387,53.89581298828125,98217600.0
2018-09-26,53.60716919762597,54.27422673289054,53.306385558358855,53.46648025512695,95938800.0
2018-09-27,54.29119493660126,54.92671750377785,54.22327296256304,54.56529235839844,120724800.0
2018-09-28,54.52648650383676,54.78118190372399,54.33971308501896,54.756927490234375,91717600.0
2018-10-01,55.29299697871637,55.64956979794525,54.90489305185593,55.12562561035156,94403200.0
2018-10-02,55.12319885826616,55.79025627019237,54.97280891707417,55.61560821533203,99152800.0
2018-10-03,55.80238860226122,56.6319650609043,55.73689465252741,56.29237365722656,114619200.0
2018-10-04,55.9794623501174,56.360293298901496,54.99706788546297,55.30270385742188,128168000.0
2018-10-05,55.2954304077552,55.40458453217344,53.50528944272764,54.40520858764648,134322000.0
2018-10-08,53.90067647980793,54.52892251047518,53.413115691253005,54.27907943725586,118655600.0
2018-10-09,54.24754044340944,55.12805751203566,53.910373352048055,55.031028747558594,107564000.0
2018-10-10,54.689014339913854,54.904898256943845,52.40646395451954,52.48165893554688,167962400.0
2018-10-11,52.03533392948786,53.24331330431946,51.50168870496027,52.01835250854492,212497600.0
2018-10-12,53.46647371967662,54.06318856138711,52.598085753945085,53.87641143798828,161351600.0
2018-10-15,53.64597311626949,53.80849212135191,52.70239019339066,52.724220275878906,123164000.0
2018-10-16,53.10504828393164,54.08987075647333,52.57867975795017,53.886112213134766,116736000.0
2018-10-17,53.92249661115741,54.0049682761418,53.204498636320025,53.65324783325195,91541600.0
2018-10-18,52.84550253953849,53.30152843933963,51.666629988923575,52.3991813659668,130325200.0
2018-10-19,52.894011944063735,53.6702234395069,52.74119397575504,53.19721984863281,132314800.0
2018-10-22,53.31366296803483,54.17962672021091,53.10748376604236,53.52227020263672,115168400.0
2018-10-23,52.35309203309484,54.15293377765574,52.07899089272586,54.026798248291016,155071200.0
2018-10-24,53.99527108910527,54.39065172346449,52.04018319546943,52.1735954284668,163702000.0
2018-10-25,52.809119241018685,53.699337260132864,52.5762539272464,53.31608200073242,119423200.0
2018-10-26,52.37007329037963,53.41068500073305,51.58658501913893,52.46710205078125,189033600.0
2018-10-29,53.16811997381947,53.289403151386,49.99049924106878,51.48228454589844,183742000.0
2018-10-30,51.21788290201124,52.195424988394,50.76186068461333,51.739402770996094,146640000.0
2018-10-31,52.60779337372715,53.47375335480263,52.544723751276045,53.08807373046875,153435600.0
2018-11-01,53.134160350709,53.9370543867215,52.59081038767739,53.90309524536133,233292800.0
2018-11-02,50.8297890826506,51.82430908667453,49.83041301307596,50.327674865722656,365314800.0
2018-11-05,49.55630122789307,49.57813130896647,48.06936846253158,48.89894485473633,264654800.0
2018-11-06,48.978996594323306,49.65818310967477,48.923207370581245,49.4277458190918,127531600.0
2018-11-07,49.96139431078237,50.95348985166675,49.51507308913396,50.92680740356445,133697600.0
2018-11-08,51.11180521886183,51.14588285330351,50.325583122267695,50.749122619628906,101450400.0
2018-11-09,50.03348171479767,50.14544947794491,49.23021905414314,49.77059555053711,137463200.0
2018-11-12,48.43912676692763,48.64602904532389,47.17094497964342,47.26344299316406,204542000.0
2018-11-13,46.64517622922959,47.99611372375929,46.60136001247467,46.79122161865234,187531600.0
2018-11-14,47.19772183646242,47.33890165053385,45.25772228776809,45.4694938659668,243204000.0
2018-11-15,45.8565215833885,46.72793955550061,45.49383529813975,46.59162902832031,185915200.0
2018-11-16,46.370121975305565,47.45817710304188,46.11697438721382,47.10766220092773,147713200.0
2018-11-19,46.248416837013785,46.41880499831348,45.0289204459438,45.24068832397461,167701200.0
2018-11-20,43.41752135499077,44.17210219753418,42.72136089653673,43.07917785644531,271300800.0
2018-11-21,43.7485652551001,43.88001019822266,42.97451462140368,43.03049850463867,124496800.0
2018-11-23,42.58262223659832,42.98668824705038,41.89133099661892,41.93757629394531,94496000.0
2018-11-26,42.4122321053688,42.58505305025096,41.443446841294126,42.50472640991211,179994000.0
2018-11-27,41.747712080355655,42.54123988301112,41.59436460044367,42.4122314453125,165549600.0
2018-11-28,43.01832925731783,44.12829067377467,42.58018561551029,44.04309844970703,184250000.0
2018-11-29,44.46177145140034,44.495849086028,43.25444264110797,43.70475769042969,167080000.0
2018-11-30,43.88488070334791,43.89461929276715,43.09135651812588,43.46864700317383,158126000.0
2018-12-03,44.8999048554448,45.01674190257207,44.10881364071578,44.98753356933594,163210000.0
2018-12-04,44.04552746653515,44.39604234995335,42.906357809609055,43.00859069824219,165377200.0
2018-12-06,41.80856475418307,42.54367216115302,41.48239262181939,42.52906799316406,172393600.0
2018-12-07,42.229667158859336,42.47307983867808,40.96635475633083,41.012603759765625,169126400.0
2018-12-10,40.16309505901354,41.40206479700586,39.75659630017882,41.28279495239258,248104000.0
2018-12-11,41.78422832282044,41.81586945071231,40.64992415849088,41.046688079833984,189126800.0
2018-12-12,41.47752440328424,41.84751276339178,41.14161738827882,41.16109085083008,142510800.0
2018-12-13,41.499436645864215,42.00573555741301,41.27062809106796,41.61140441894531,127594400.0
2018-12-14,41.13674770262917,41.15622116499512,40.23125213062008,40.27993392944336,162814800.0
2018-12-17,40.27263458002157,40.978533710533966,39.610551671353655,39.90508270263672,177151600.0
2018-12-18,40.255594291588295,40.77893012101698,40.01461437683079,40.42354965209961,135366000.0
2018-12-19,40.40650527636959,40.7594529229953,38.72452274966624,39.16266632080078,196189200.0
2018-12-20,39.04339312637779,39.4596304513078,37.80199066335717,38.17441177368164,259092000.0
2018-12-21,38.18171526920469,38.49815251374234,36.42184253433078,36.68959426879883,382978400.0
2018-12-24,36.0615829207448,36.88918816634377,35.68185977776111,35.74028015136719,148676800.0
2018-12-26,36.09810228227821,38.27177579783332,35.71350979050535,38.257171630859375,234330000.0
2018-12-27,37.93343471572194,38.15981046071771,36.52894609467506,38.00889205932617,212468400.0
2018-12-28,38.33750511173843,38.58578713719536,37.619438298514,38.02836990356445,169165600.0
2018-12-31,38.58821419438079,38.79024717668754,38.08921742739983,38.39591979980469,140014000.0
2019-01-02,37.70219518509549,38.666111168366434,37.54154190218645,38.439735412597656,148158800.0
2019-01-03,35.046558372509075,35.470097793916324,34.56460228206835,34.6108512878418,365248800.0
2019-01-04,35.18043536467189,36.15895540665279,35.00274514308411,36.08836364746094,234428400.0
2019-01-07,36.19547021357888,36.227115055273785,35.513913864299965,36.00804138183594,219111200.0
2019-01-08,36.40480392115811,36.954919016909216,36.15165633972577,36.69446563720703,164101200.0
2019-01-09,36.82590555880908,37.61456403984703,36.421843301672375,37.31760025024414,180396400.0
2019-01-10,37.12043713354228,37.47825410337402,36.72124044998495,37.43687438964844,143122800.0
2019-01-11,37.21293317365306,37.41252964774496,36.879455263265065,37.06931686401367,108092800.0
2019-01-14,36.71880795463687,36.82104084481136,36.3220440578158,36.511905670166016,129756800.0
2019-01-15,36.577629451243055,37.337075927861584,36.524078357206285,37.259185791015625,114843600.0
2019-01-16,37.261615342392446,37.943171622926535,37.24214188132771,37.71436309814453,122278800.0
2019-01-17,37.53423513947946,38.37644466057343,37.30542662219221,37.93830108642578,119284800.0
2019-01-18,38.33749300403723,38.42999100109325,37.96750472999546,38.171974182128906,135004000.0
2019-01-22,38.07218398711462,38.15007412524015,37.14964770902132,37.31517028808594,121576000.0
2019-01-23,37.52206358901832,37.76304348223145,36.92570325865998,37.46607971191406,92522400.0
2019-01-24,37.512333607674925,37.60239512356733,36.93544666242546,37.16912078857422,101766000.0
2019-01-25,37.84580291862852,38.49084875718636,37.56344702908447,38.40078353881836,134142000.0
2019-01-28,37.92126728780443,38.05271224096051,37.40280070244107,38.04541015625,104768400.0
2019-01-29,38.03323701888152,38.49085411523136,37.51233395323825,37.65107727050781,166348800.0
2019-01-30,39.73711648614973,40.443011709878505,39.00200921776719,40.22394180297852,244439200.0
2019-01-31,40.43328420223455,41.136746764612376,40.055993770136695,40.51361083984375,162958400.0
2019-02-01,40.64019087914054,41.13188191764223,40.3894723511535,40.53308868408203,130672400.0
2019-02-04,40.74971773750795,41.78422162972432,40.71807290050168,41.68442153930664,125982000.0
2019-02-05,42.0763221166516,42.6166986417693,41.952182968950666,42.39762496948242,144406400.0
2019-02-06,42.51202783249867,42.73597079163383,42.07388793082653,42.4122314453125,112958400.0
2019-02-07,41.96434728342975,42.33920491502198,41.4629177241935,41.60896682739258,126966800.0
2019-02-08,41.31073179702252,41.718973966477975,41.171389712119804,41.657859802246094,95280000.0
2019-02-11,41.81431150136637,41.85342546131629,41.37428877721104,41.41828918457031,83973600.0
2019-02-12,41.58208076345912,41.80209027285008,41.48429585808657,41.77519989013672,89134000.0
2019-02-13,41.89742151231435,42.16387834280688,41.53806996912778,41.60162734985352,89960800.0
2019-02-14,41.48674365242947,41.86564851182121,41.40607250265525,41.75320053100586,87342800.0
2019-02-15,41.86319683923162,41.97320157395463,41.49651190341353,41.66029739379883,98507200.0
2019-02-19,41.48673946501558,41.90964842255874,41.43295870392773,41.78497314453125,75891200.0
2019-02-20,41.8485360856767,42.36922996341384,41.799645499858734,42.05387878417969,104457600.0
2019-02-21,41.99765264884863,42.1369909978084,41.63096767880067,41.81675338745117,68998800.0
2019-02-22,41.94387769600674,42.29100573477108,41.89498710591975,42.28367233276367,75652800.0
2019-02-25,42.5745762208634,42.99259505417999,42.52323867688988,42.5916862487793,87493600.0
2019-02-26,42.464565089163294,42.85325025623661,42.33255641310405,42.61612701416016,68280800.0
2019-02-27,42.34233939543181,42.77991517222965,42.22499751384978,42.74813461303711,111341600.0
2019-02-28,42.61369247879446,42.75792103231744,42.27145087081106,42.327674865722656,112861600.0
2019-03-01,42.603911111662825,42.81658723571522,42.26411646593965,42.772586822509766,103544800.0
2019-03-04,42.94858745858888,43.45216753759337,42.52812174153201,42.987701416015625,109744800.0
2019-03-05,43.009701536111926,43.02436833759087,42.667460004450085,42.90947341918945,78949600.0
2019-03-06,42.69924559078018,42.89970184823768,42.520793268245306,42.66257858276367,83241600.0
2019-03-07,42.50367808010753,42.643020166104414,42.05143549930797,42.16877365112305,99185600.0
2019-03-08,41.63585916741784,42.30811496701067,41.435402920357966,42.26900100708008,95997600.0
2019-03-11,42.89970479820168,43.78708002423531,42.86548101166199,43.73329925537109,128044000.0
2019-03-12,44.002198696065605,44.6548975291104,43.84818980699335,44.22465515136719,129870400.0
2019-03-13,44.55222437086573,44.80890459886029,44.22709657942095,44.42021942138672,124130000.0
2019-03-14,44.955577722399305,45.00447203788082,44.62800669730356,44.91402053833008,94318000.0
2019-03-15,45.1878070951736,45.79405846024055,44.91646010139529,45.49826431274414,156171600.0
2019-03-18,45.42005154264545,46.05319344377602,45.4176045885919,45.96274566650391,104879200.0
2019-03-19,46.04341605002452,46.19986817221426,45.44938439241581,45.59850311279297,126585600.0
2019-03-20,45.52516400913883,46.32209513009855,45.158479008975824,45.99696731567383,124140800.0
2019-03-21,46.45165808959038,47.99417910078702,46.40032054696466,47.6910514831543,204136800.0
2019-03-22,47.75216286012983,48.32663750066001,46.637441092227725,46.70344543457031,169630800.0
2019-03-25,46.8158865140776,46.930781425262666,45.61560733038687,46.13874435424805,175381200.0
2019-03-26,46.85256630424782,47.15080374029122,45.12181263167412,45.66205978393555,199202000.0
2019-03-27,46.14119766252387,46.38809756280456,45.60339372055941,46.072750091552734,119393600.0
2019-03-28,46.19008171021888,46.33920041088306,45.84295372656556,46.13385772705078,83121600.0
2019-03-29,46.40521000292526,46.46632417027935,46.08985881051498,46.43454360961914,94256000.0
2019-04-01,46.84768200617516,46.85745863296028,46.05075450416862,46.74990081787109,111448000.0
2019-04-02,46.71321780654128,47.5370392086043,46.70344118232377,47.42947769165039,91062800.0
2019-04-03,47.24125147003021,48.035735647404586,47.21680431098897,47.75461196899414,93087200.0
2019-04-04,47.61770575652245,48.00394768310546,47.21435380533962,47.83771896362305,76457200.0
2019-04-05,48.02350708382762,48.182406140879024,47.89638858420897,48.157958984375,74106400.0
2019-04-08,48.016180410667005,48.94755976023958,47.99662342874604,48.9157829284668,103526800.0
2019-04-09,48.969560256932766,49.588035312558254,48.70309966082281,48.76910400390625,143072800.0
2019-04-10,48.56864217533457,49.07222597386701,48.44641385852918,49.04288864135742,86781200.0
2019-04-11,49.099124921768464,49.13579193116449,48.50998343671996,48.6346549987793,83603200.0
2019-04-12,48.69576055301638,48.92555038488,47.96483760753655,48.61508941650391,111042800.0
2019-04-15,48.5441991612737,48.854660133020815,48.40485708848129,48.70309448242188,70146400.0
2019-04-16,48.75932627805588,49.22623565642763,48.53931304944826,48.70798873901367,102785600.0
2019-04-17,48.77888044947117,49.71759686172655,48.55153754540598,49.6564826965332,115627200.0
2019-04-18,49.65403876648715,49.90582884400824,49.50736699915867,49.834938049316406,96783200.0
2019-04-22,49.58314270327629,50.0989463833167,49.46335760209002,49.99871826171875,77758000.0
2019-04-23,49.97427789216767,50.785875869807256,49.84471614864651,50.719871520996094,93292000.0
2019-04-24,50.69053411105813,50.96432438172221,50.61475314186451,50.64164352416992,70162400.0
2019-04-25,50.56097647790517,50.78831940392424,50.142953906365854,50.18206787109375,74172800.0
2019-04-26,50.089165188003335,50.11361234460664,49.40957601169035,49.9424934387207,74596400.0
2019-04-29,49.96693867591726,50.350737413845344,49.834933723768046,50.01827621459961,88818800.0
2019-04-30,49.639365981316224,49.72248034579853,48.67376297483388,49.05511474609375,186139600.0
2019-05-01,51.30656059553085,52.6339583550688,51.14766154208692,51.4630126953125,259309200.0
2019-05-02,51.296780843310565,51.9837034102616,50.878762074506206,51.12810516357422,127985200.0
2019-05-03,51.553461898530045,51.78569496608501,51.39211961702821,51.7636947631836,83569600.0
2019-05-06,49.940054656459154,51.05233332188347,49.74693551609847,50.96432876586914,129772400.0
2019-05-07,50.32873712940798,50.70519873539516,49.09423028043401,49.590476989746094,155054800.0
2019-05-08,49.35579360670255,50.19672503630749,49.31912660313174,49.60025024414063,105358000.0
2019-05-09,48.98910912094758,49.302013321463896,48.07484367542209,49.06733703613281,139634400.0
2019-05-10,48.4464892037361,48.79741041033104,47.30538961305185,48.38759231567383,164834800.0
2019-05-13,46.063672323146896,46.49802420117775,44.8710375802012,45.5753288269043,229722400.0
2019-05-14,45.74464930414479,46.552007204099205,45.49925126538361,46.29679489135742,146118800.0
2019-05-15,45.71029151151842,47.0550716502534,45.648942004803615,46.85139083862305,106178800.0
2019-05-16,46.603538828461005,47.231757159892126,46.340961149985,46.64525604248047,132125600.0
2019-05-17,45.87225420553133,46.84648473208053,45.83053698771782,46.38022994995117,131516400.0
2019-05-20,45.03545475762542,45.23913560462298,44.24036366453011,44.929931640625,154449200.0
2019-05-21,45.45262453643473,46.13483077709102,45.32501650923607,45.79127502441406,113459200.0
2019-05-22,45.31520851771742,45.572877240185925,44.797418440091576,44.85385894775391,118994400.0
2019-05-23,44.12257045173208,44.30416261355427,43.63422698075789,44.08821487426758,146118800.0
2019-05-24,44.22072663673019,44.69679943966512,43.83299727912832,43.918888092041016,94858800.0
2019-05-28,43.90661849640651,44.31643278907347,43.658767814822895,43.7372932434082,111792800.0
2019-05-29,43.29312183061035,44.01214003598712,43.190055102997256,43.52870559692383,113924800.0
2019-05-30,43.66858382150804,43.9826930372638,43.354474605752266,43.75447463989258,84873600.0
2019-05-31,43.24650049646925,43.678403492827314,42.94220928846501,42.96184158325195,108174400.0
2019-06-03,43.09189731997314,43.66121882562113,41.78392531749108,42.52748107910156,161584400.0
2019-06-04,43.05263057679295,44.12992776856655,42.826864840656704,44.08330154418945,123872000.0
2019-06-05,45.22195014139111,45.39618439593443,44.451400451879,44.79495620727539,119093600.0
2019-06-06,44.92747361876449,45.51397478466671,44.699251494404855,45.4526252746582,90105200.0
2019-06-07,45.76919243360008,47.09679688360445,45.58760025927372,46.66244125366211,122737600.0
2019-06-10,47.06980099146463,47.94341748041703,47.02317476124348,47.25875854492188,104883600.0
2019-06-11,47.81826659317863,48.09802023455973,47.5090663825397,47.80599594116211,107731600.0
2019-06-12,47.59494986217906,48.09065495927593,47.457527556721,47.653846740722656,73012800.0
2019-06-13,47.77900120562857,48.29188224883876,47.50906558816504,47.6440315246582,86698400.0
2019-06-14,47.00600272579293,47.5066131587912,46.69925512740546,47.29802703857422,75046000.0
2019-06-17,47.337277689886754,47.84280076851115,47.15813817946515,47.580223083496094,58676400.0
2019-06-18,48.11029536078597,49.15078084575062,47.90416186785647,48.699249267578125,106204000.0
2019-06-19,49.00108134458433,49.05016395068479,48.41948915816966,48.55691146850586,84496800.0
2019-06-20,49.17040716293471,49.229304044243285,48.59617661196541,48.94709777832031,86056000.0
2019-06-21,48.78513285586568,49.28819960485812,48.62562187744136,48.78022384643555,191202400.0
2019-06-24,48.7213259327641,49.118873309673006,48.6305298548573,48.731143951416016,72881600.0
2019-06-25,48.694335160814525,48.898015999585226,47.9237854035804,47.99250030517578,84281200.0
2019-06-26,48.5323750777201,49.32255712564374,48.42930834248796,49.03053283691406,104270000.0
2019-06-27,49.150774038076726,49.46488698860067,48.97409088609284,49.01580810546875,83598800.0
2019-06-28,48.75568069694503,48.95690888671051,48.35568443875155,48.56917953491211,124442400.0
2019-07-01,49.85751598139929,50.18144316974367,49.23911191377244,49.4599723815918,109012000.0
2019-07-02,49.42562256939942,49.84770751854623,49.41335191789968,49.74954605102539,67740800.0
2019-07-03,49.88451844581271,50.16918110041323,49.73973448586975,50.16181945800781,45448000.0
2019-07-05,49.90169371662259,50.32623128404599,49.79126160130422,50.11764144897461,69062000.0
2019-07-08,49.27837741250533,49.42316135037718,48.68942364298916,49.08451461791992,101354400.0
2019-07-09,48.8832931749994,49.45016209879568,48.78758808065039,49.383907318115234,82312000.0
2019-07-10,49.5335952293137,49.994940992285485,49.462427701729695,49.87224197387695,71588400.0
2019-07-11,49.89188413474307,50.156914516265566,49.49924944485901,49.509063720703125,80767200.0
2019-07-12,49.680833534015456,50.06120125321716,49.61948402267573,49.88942337036133,70380800.0
2019-07-15,50.083290656465984,50.52009891670078,50.0612057290836,50.35813903808594,67789600.0
2019-07-16,50.20598766697095,50.578993762688754,49.93850468306786,50.18390274047852,67467200.0
2019-07-17,50.073476966383225,50.328689311786405,49.8820667712115,49.90169906616211,56430000.0
2019-07-18,50.06120142447018,50.522550949555786,49.98758126171526,50.468563079833984,74162400.0
2019-07-19,50.50046778672269,50.67470206609386,49.65875419382148,49.71519470214844,83717200.0
2019-07-22,49.9753103908028,50.85383584166799,49.96549611656791,50.85138320922852,89111600.0
2019-07-23,51.15567554918027,51.26610391501063,50.86855655575378,51.24892425537109,73420800.0
2019-07-24,50.96181249126696,51.32500055608007,50.839113466514696,51.20721054077149,59966400.0
2019-07-25,51.26120030015691,51.34709111843933,50.73113959502031,50.80230712890625,55638400.0
2019-07-26,50.915186572433605,51.46733218717718,50.83175213376908,50.9789924621582,70475600.0
2019-07-29,51.15567688867007,51.690642816667015,51.150767879433545,51.45505905151367,86693600.0
2019-07-30,51.22929814362011,51.572857677565935,50.873471702139696,51.23420715332031,135742800.0
2019-07-31,53.10904483239563,54.32376441500646,51.852608031171336,52.279598236083984,277125600.0
2019-08-01,52.4906391916462,53.504134293793605,50.73359207327676,51.14831161499024,216071600.0
2019-08-02,50.436662235485926,50.65751898846885,49.47961131325698,50.06611251831055,163448400.0
2019-08-05,48.58636620406201,48.74832608771514,47.258761719998105,47.44526290893555,209572000.0
2019-08-06,48.17409285976608,48.60599584452368,47.617038211640185,48.34341812133789,143299200.0
2019-08-07,47.95323605663836,48.97163651322824,47.563054037851344,48.84402847290039,133457600.0
2019-08-08,49.128690996101625,49.94586698745108,48.92991916607989,49.92132568359375,108038000.0
2019-08-09,49.58631437409097,49.94595468297052,49.09118782355809,49.509952545166016,98478800.0
2019-08-12,49.17248260016343,49.77106754056867,49.0567069894411,49.38432693481445,89927600.0
2019-08-13,49.51734370918236,52.25653686687368,49.38432317313387,51.47566986083984,188874000.0
2019-08-14,50.04448926416725,50.85245274486303,49.90407911993037,49.9434928894043,146189600.0
2019-08-15,50.11839078743026,50.53222410437906,49.18479635572837,49.6947021484375,108909600.0
2019-08-16,50.32038320033342,51.02981608748812,50.21199720271763,50.86723709106445,110481600.0
2019-08-19,51.88211549006102,52.401872862999184,51.73678143417462,51.81560897827149,97654400.0
2019-08-20,51.94616615830272,52.55460266651105,51.808221708599575,51.81807327270508,107537200.0
2019-08-21,52.46592449839312,52.62849974063626,52.12352531932719,52.37970733642578,86141600.0
2019-08-22,52.51518545853524,52.82309849888155,51.91413860238661,52.33536529541016,89014800.0
2019-08-23,51.58898296658808,52.23437128433389,49.51241913252157,49.91640090942383,187272000.0
2019-08-26,50.70958342003856,51.03720334912001,50.512518320606326,50.86477279663086,104174400.0
2019-08-27,51.20223902333832,51.37220760713428,50.13562790011044,50.29081726074219,103493200.0
2019-08-28,50.27604516739072,50.67509928423069,50.08390772160079,50.6282958984375,63755200.0
2019-08-29,51.35989605428774,51.56188881656893,50.90664895282811,51.48552322387695,83962000.0
2019-08-30,51.768802727529554,51.8402368965461,51.03966301982036,51.41901397705078,84573600.0
2019-09-03,50.849989995799085,50.98547248706414,50.30560183822149,50.670169830322266,80092000.0
2019-09-04,51.332803961566825,51.601303258537136,51.06923232619082,51.52986907958984,76752400.0
2019-09-05,52.22205086768624,52.70732211276625,52.101347604528414,52.537353515625,95654800.0
2019-09-06,52.72703189563418,52.81817295644724,52.34768090983668,52.53242874145508,77449200.0
2019-09-09,52.92162891998443,53.31575911325994,51.99296590092454,52.75658798217773,109237600.0
2019-09-10,52.68022142955012,53.39950577292852,52.15061255357645,53.37979888916016,127111600.0
2019-09-11,53.71727750017976,55.1065809446656,53.6335222991953,55.07701873779297,177158400.0
2019-09-12,55.37507644378967,55.77413050177457,54.89719485110447,54.95384979248047,128906800.0
2019-09-13,54.19268624441964,54.38728560028598,53.45862272863676,53.88477325439453,159053200.0
2019-09-16,53.633527495272965,54.224722826849344,53.59165177007576,54.16806411743164,84632400.0
2019-09-17,54.18284544275248,54.39468977230811,53.97592501574858,54.36512756347656,73274800.0
2019-09-18,54.453796260887565,54.89472977073522,54.05474222565182,54.8750228881836,101360000.0
2019-09-19,54.68781645588793,55.11889470085792,54.28383470809279,54.42917251586914,88242400.0
2019-09-20,54.53263421295772,54.82330232906157,53.56948128688381,53.63352584838867,221652400.0
2019-09-23,53.93404676150633,54.15328069330839,53.613816451568574,53.87739181518555,76662000.0
2019-09-24,54.44641279216248,54.80605686157188,53.500504875192576,53.6212043762207,124763200.0
2019-09-25,53.835520302017,54.562194373764186,53.48819346734553,54.44641876220703,87613600.0
2019-09-26,54.19270013811254,54.4242513673681,53.90449395660439,54.16560363769531,75334000.0
2019-09-27,54.32571586137935,54.42917795817672,53.522679946445535,53.90203094482422,101408000.0
2019-09-30,54.41439135756888,55.320889309055936,54.387294859485465,55.17062759399414,103909600.0
2019-10-01,55.4415941316071,56.21753351687735,55.22728409212815,55.3233528137207,139223200.0
2019-10-02,54.94646448970329,55.0745573642841,53.68278819538513,53.9365119934082,138449200.0
2019-10-03,53.8059505399209,54.4291699455115,52.99306318047127,54.39468383789063,114426000.0
2019-10-04,55.582000241254434,56.03771305799824,55.15092197195243,55.919471740722656,138478800.0
2019-10-07,55.73719000340316,56.63875656191382,55.63126595912173,55.93178939819336,122306000.0
2019-10-08,55.626342832139045,56.1781206227539,55.259309116364186,55.27655029296875,111820000.0
2019-10-09,55.92439270019531,56.11160245872419,55.581993580529634,55.92439270019531,74770400.0
2019-10-10,56.14609838427379,56.76439022727284,55.99091275470285,56.67817306518555,113013600.0
2019-10-11,57.38267508398,58.53796544570549,57.22502375317401,58.18571472167969,166795600.0
2019-10-14,57.86301080485695,58.65866072166399,57.80635586397377,58.10195159912109,96427600.0
2019-10-15,58.23005186826403,58.54042686583678,57.85809426142416,57.96648025512695,87360000.0
2019-10-16,57.48613339745221,57.9467738747082,57.4442576738297,57.73246383666992,73903200.0
2019-10-17,57.90981969445523,58.17092934799616,57.52308287516461,57.95662307739258,67585200.0
2019-10-18,57.786658321768456,58.5231877071256,57.71275843635967,58.234981536865234,97433600.0
2019-10-21,58.508408455706686,59.36317540211432,58.45914311835756,59.24493408203125,87247200.0
2019-10-22,59.4050470564908,59.6612290483758,59.025696091615785,59.10945129394531,82293600.0
2019-10-23,59.63660010357337,59.91741665047471,59.41982811694632,59.90263366699219,75828800.0
2019-10-24,60.23025279578436,60.3016907262003,59.565161378689226,60.00116729736328,69275200.0
2019-10-25,59.89770845871677,60.77710614219509,59.82873623878529,60.74015808105469,73477200.0
2019-10-28,60.94707485973271,61.39786000004533,60.77464430956768,61.348594665527344,96572800.0
2019-10-29,61.32889218104973,61.5210296305509,59.75237881111595,59.92973327636719,142839600.0
2019-10-30,60.291836046356295,60.42485658641499,59.4173660072002,59.922340393066406,124522000.0
2019-10-31,60.90274107134648,61.37815702989349,58.44436050394134,61.27716064453125,139162000.0
2019-11-01,61.46929953814736,63.04335098119797,61.37569652200195,63.016258239746094,151125200.0
2019-11-04,63.38820856092272,63.51630520034555,62.90786871531237,63.43008804321289,103272000.0
2019-11-05,63.319236651176375,63.60005696138141,63.13942024095835,63.33894729614258,79897600.0
2019-11-06,63.25026747764027,63.42762570384355,62.9054063481919,63.36604309082031,75864400.0
2019-11-07,63.92688743501564,64.32467404365666,63.771232133372536,64.09736633300781,94940400.0
2019-11-08,63.91453451009789,64.34690698037922,63.45992664614226,64.27278900146484,69986400.0
2019-11-11,63.818174559758766,64.84845972206776,63.81323587441585,64.78175354003906,81821200.0
2019-11-12,64.62114304166029,64.92751490985559,64.46549530521071,64.72244262695312,87388800.0
2019-11-13,64.51738513240139,65.41918905208529,64.50256153678842,65.34259796142578,102734400.0
2019-11-14,65.16471650979504,65.443906833371,64.75705249270577,64.89047241210938,89182800.0
2019-11-15,65.14741374114104,65.66626223281584,64.98188106873569,65.66132354736328,100206400.0
2019-11-18,65.67119799407114,66.07392326986708,65.28330385392805,65.99239349365234,86703200.0
2019-11-19,66.1900458928648,66.21475439877027,65.5699053725087,65.79226684570312,76167200.0
2019-11-20,65.60696022155959,65.74037257307144,64.3370169899308,65.0263442993164,106234400.0
2019-11-21,65.1498933234499,65.22895753840893,64.52974516858148,64.73481750488281,121395200.0
2019-11-22,64.87809694153239,65.02386730650686,64.4457245311928,64.67797088623047,65325200.0
2019-11-25,64.90774997876274,65.82932368510585,64.86080608106839,65.81202697753906,84020400.0
2019-11-26,65.9528678565297,66.0072235593266,64.85587642915826,65.29813385009766,105207600.0
2019-11-27,65.6168512867252,66.20982535489429,65.5501450970465,66.17523193359375,65235600.0
2019-11-29,65.86885549043375,66.2147519403356,65.69590349549426,66.02944946289062,46617600.0
2019-12-02,66.03439048419479,66.27652177768125,65.09058889606598,65.26600646972656,94487200.0
2019-12-03,63.82064678052389,64.12207246173719,63.32156812866936,64.10231018066406,114430400.0
2019-12-04,64.50256577449447,65.05600015367831,64.40620485670198,64.66809844970703,67181600.0
2019-12-05,65.1745867489854,65.69343517210024,64.91269319502801,65.61683654785156,74424400.0
2019-12-06,66.08628424134191,66.95596789966885,66.04180591235384,66.88431549072266,106075600.0
2019-12-09,66.70890168394324,66.90655467294141,65.45131625699517,65.94792938232422,128042400.0
2019-12-10,66.36299832654265,66.72619149978458,65.6860214522142,66.3333511352539,90420400.0
2019-12-11,66.41488432838489,66.98067672451349,66.33829323362251,66.89913940429688,78756800.0
2019-12-12,66.16040998592555,67.34140438585142,66.0467598873494,67.06962585449219,137310400.0
2019-12-13,67.06961156664882,68.01835934129943,66.93866478488661,67.9813003540039,133587600.0
2019-12-16,68.43838016381308,69.37477744042486,68.43344147891497,69.1449966430664,128186000.0
2019-12-17,69.07336115431731,69.61691062596093,68.88311243026077,69.28089904785156,114158400.0
2019-12-18,69.13017241045243,69.64902083908945,68.96216664574388,69.11534881591797,116028400.0
2019-12-19,69.05605849202703,69.47113424331478,68.92017302082435,69.18453216552734,98369200.0
2019-12-20,69.73056424344881,69.83432941425916,68.82381408529731,69.0412368774414,275978000.0
2019-12-23,69.31055156608738,70.22965233090898,69.27101945857072,70.16788482666016,98572000.0
2019-12-24,70.33835370357147,70.38777071590962,69.90104255029095,70.23458099365234,48478800.0
2019-12-26,70.3704815790545,71.6453637267787,70.34083438445272,71.62806701660156,93121200.0
2019-12-27,71.92701003161274,72.6311609694939,71.18580010541727,71.60087585449219,146266000.0
2019-12-30,71.51686960767205,72.31490830510782,70.46929537399197,72.02583312988281,144114400.0
2019-12-31,71.63299293710028,72.55950530318901,71.53169334694401,72.55209350585938,100805600.0
2020-01-02,73.1920046399328,74.26923361726246,72.93258419047208,74.20746612548828,135480400.0
2020-01-03,73.41684365584602,74.2642918846562,73.25624967551408,73.48602294921875,146322800.0
2020-01-06,72.58669348695432,74.11111108215233,72.32973858965217,74.07157897949219,118387200.0
2020-01-07,74.08146013428332,74.34335370364859,73.49837861455754,73.72321319580078,108872000.0
2020-01-08,73.41931746565884,75.2179866504074,73.41931746565884,74.90914916992188,132079200.0
2020-01-09,75.90977382120641,76.69792761470029,75.6528264857555,76.50027465820312,170108400.0
2020-01-10,76.73993912460728,77.25137580498873,76.15932314977648,76.67322540283203,140644800.0
2020-01-13,76.99688806283962,78.33847617279662,76.87581865193881,78.31129455566406,121532000.0
2020-01-14,78.24706370554685,78.46201337632104,77.12783702601652,77.25383758544922,161954400.0
2020-01-15,77.04878338523547,77.95058740506386,76.48051784371556,76.92277526855469,121923600.0
2020-01-16,77.47867332546735,77.99999489868664,77.10806835928413,77.88633728027344,108829200.0
2020-01-17,78.14082148734981,78.75108465225654,77.82704532060787,78.74861907958984,137816400.0
2020-01-21,78.36813275287848,78.82026752865153,78.0741188539959,78.21495056152344,110843200.0
2020-01-22,78.71155588756565,79.05992548618957,78.39777970751815,78.494140625,101832400.0
2020-01-23,78.54849315782671,78.95368401351668,77.9876394647985,78.87215423583984,104472000.0
2020-01-24,79.12416809135082,79.88514037944778,78.44966427191768,78.64485168457031,146537600.0
2020-01-27,76.60651945661407,77.02900702258695,75.32669873537651,76.332275390625,161940000.0
2020-01-28,77.23408330920608,78.66708628952652,77.13278370466945,78.49166870117188,162234000.0
2020-01-29,80.16185569006146,81.0018920895767,79.40334906397935,80.13467407226562,216229200.0
2020-01-30,79.1958149565624,80.07291038569853,78.75355757303696,80.0185546875,126743200.0
2020-01-31,79.29216950330108,79.72454198265038,76.16920877324661,76.47063446044922,199588400.0
2020-02-03,75.18339861672784,77.4539725390345,74.66949632999334,76.26062774658203,173788400.0
2020-02-04,77.90363704107834,78.97345430777052,77.48856127228223,78.77826690673828,136616400.0
2020-02-05,79.9320757865567,80.23844768346545,78.80297172852036,79.42064666748047,118826800.0
2020-02-06,79.6973713866155,80.35210537596654,79.12664029212668,80.3496322631836,105425600.0
2020-02-07,79.83698418625353,80.09206994950732,78.75472703965379,79.2574691772461,117684000.0
2020-02-10,77.80867724851713,79.63390350341797,77.72695397110826,79.63390350341797,109348800.0
2020-02-11,80.14159635850432,80.2158902403434,78.93055317942326,79.1534423828125,94323200.0
2020-02-12,79.61409129753113,81.03811538445214,79.61409129753113,81.03316497802734,113730400.0
2020-02-13,80.2877112216697,80.79045330052817,80.07968079847362,80.45611572265625,94747600.0
2020-02-14,80.42392361258429,80.73102263713349,79.95585702411292,80.47593688964844,80113600.0
2020-02-18,78.10090757544418,79.18812264469351,77.91516530184444,79.00238037109375,152531200.0
2020-02-19,79.25003064771349,80.38182196179041,79.25003064771349,80.14654541015625,93984000.0
2020-02-20,79.90137677199598,80.40163992425708,78.80673227867005,79.32433319091797,100566000.0
2020-02-21,78.90825612144239,79.36147142319675,76.89728799567793,77.52880859375,129554000.0
2020-02-24,73.61832130296199,75.33209883291819,71.62964132322719,73.84616088867188,222195200.0
2020-02-25,74.5321847114889,74.92347843559337,70.86191563519316,71.34484100341797,230673600.0
2020-02-26,70.96097547315124,73.77187662892189,70.95354608477662,72.47663116455078,198054800.0
2020-02-27,69.61620742066245,70.82972212735376,67.6002809323358,67.73896789550781,320605600.0
2020-02-28,63.71207935997359,68.9500100077389,63.491661565678825,67.6993408203125,426510000.0
2020-03-02,69.90843788521404,74.65353470994623,68.77912547391946,74.002197265625,341397200.0
2020-03-03,75.20580163720811,75.28752490127566,70.78017663732702,71.65193176269531,319475600.0
2020-03-04,73.41524718271741,75.1389332198782,72.59550528912334,74.97547912597656,219178400.0
2020-03-05,73.18739558698897,74.1854502900224,72.1695317031093,72.54349517822266,187572800.0
2020-03-06,69.83909983544392,72.02343094205902,69.6484071418339,71.58012390136719,226176800.0
2020-03-09,65.31936185422167,68.8707529813606,65.13361959302483,65.91869354248047,286744800.0
2020-03-10,68.63548970476198,70.93869091238419,66.71119488136948,70.66626739501953,285290000.0
2020-03-11,68.69740227037086,69.6459228167161,67.32785532522995,68.21199035644531,255598800.0
2020-03-12,63.38517076536436,66.86721865827276,61.41877861945054,61.47573852539063,418474000.0
2020-03-13,65.60169229600463,69.32396682733179,62.64467117832815,68.84103393554688,370732000.0
2020-03-16,59.92045114037923,64.1628017055709,59.43752202967529,59.98484420776367,322423600.0
2020-03-17,61.29742390343917,63.79875085576538,59.04127432739494,62.62238693237305,324056000.0
2020-03-18,59.38056625034635,61.91408974459297,58.724274631691976,61.089393615722656,300233600.0
2020-03-19,61.26770201798062,62.61742831996377,60.0839050109116,60.62131881713867,271857200.0
2020-03-20,61.21569909794369,62.36730347405221,56.46565178371206,56.77274703979492,401693200.0
2020-03-23,56.48546480705789,56.58948002803531,52.654220495842736,55.56665802001953,336752800.0
2020-03-24,58.53606089223717,61.34200807187485,58.025889364836935,61.14140701293945,287531200.0
2020-03-25,62.09982997469484,63.95725260604165,60.5024472675238,60.80458831787109,303602000.0
2020-03-26,61.05224723519808,64.0637457160927,61.01262131045226,64.00431060791016,252087200.0
2020-03-27,62.59514232636106,63.367828927421016,61.18350189021846,61.35438537597656,204216800.0
2020-03-30,62.09735299337864,63.28115001420949,61.76549062075655,63.10531234741211,167976400.0
2020-03-31,63.3009649773076,65.00731330965114,62.40940060001864,62.97653198242188,197002000.0
2020-04-01,61.047293362202005,61.59709078932051,59.22206717965864,59.66289520263672,176218400.0
2020-04-02,59.52172837373357,60.7129548550656,58.66978989473609,60.658470153808594,165934000.0
2020-04-03,60.13096628739622,60.8491682356309,59.18244195424487,59.78672409057617,129880000.0
2020-04-06,62.13697192009928,65.16085360461562,61.7605370179113,65.00235748291016,201820400.0
2020-04-07,67.06534048576914,67.28823726012482,64.14299840771712,64.2494888305664,202887200.0
2020-04-08,65.06922862902968,66.21587876783994,64.69527267040836,65.89392852783203,168895200.0
2020-04-09,66.54525671340807,66.88454466512991,65.55463142587165,66.36941528320312,161834800.0
2020-04-13,66.44867330385169,67.78354463080917,65.83448284758853,67.6720962524414,131022800.0
2020-04-14,69.34377051205533,71.38693517892838,68.86083765855503,71.0897445678711,194994800.0
2020-04-15,69.93815298336034,70.91144064243524,69.49980395682876,70.4408950805664,131154400.0
2020-04-16,71.17148621584552,71.37456624570467,69.92577502263836,71.00060272216797,157125200.0
2020-04-17,70.50529033872326,71.0649961356507,68.56613679085598,70.03721618652344,215250000.0
2020-04-20,68.83608752702251,69.75984090261048,68.56366402244839,68.5834732055664,130015200.0
2020-04-21,68.42250192649063,68.66272890884731,65.73542878764471,66.46353912353516,180991600.0
2020-04-22,67.76125258640586,68.8237004800263,67.41206377202882,68.37792205810547,116862400.0
2020-04-23,68.32095308644226,69.77717357021046,68.07329674724008,68.11292266845703,124814400.0
2020-04-24,68.65034081737393,70.08922355540092,68.60080652597543,70.07931518554688,126161200.0
2020-04-27,69.78955729182333,70.46814083878112,69.33139908481122,70.12885284423828,117087600.0
2020-04-28,70.60188548792226,70.78762779397684,68.89801574899555,68.99211883544922,112004800.0
2020-04-29,70.51519441105455,71.7386173700189,70.3071639864929,71.25816345214844,137280800.0
2020-04-30,71.81043693495454,72.94222832831623,71.41171381810518,72.76143646240234,183064000.0
2020-05-01,70.89164165104032,74.04926062414343,70.79258060659605,71.59003448486328,240616800.0
2020-05-04,71.61478938231592,72.73419335296789,70.908967279871,72.60293579101562,133568000.0
2020-05-05,73.07348604408351,74.54456544859589,72.92489071433907,73.692626953125,147751200.0
2020-05-06,74.41082173251694,75.09930605477587,74.01704905921969,74.45292663574219,142333600.0
2020-05-07,75.09435832142319,75.5772912243202,74.78478788568712,75.22313690185547,115215200.0
2020-05-08,75.89859558000603,77.0682125133302,75.56335293385209,77.01358032226562,133838400.0
2020-05-11,76.50947174201609,78.73199156543573,76.29590680032767,78.22541046142578,145946400.0
2020-05-12,78.92568969021812,79.38758139807715,77.20727277896667,77.33143615722656,162301200.0
2020-05-13,77.51519067117901,78.45883683377895,75.29514900083953,76.39772033691406,200622400.0
2020-05-14,75.61798216223856,76.9291471180862,74.87796570832667,76.8670654296875,158929200.0
2020-05-15,74.58493933973135,76.45980323222686,74.55016995784965,76.4126205444336,166348400.0
2020-05-18,77.76849797417177,78.59542278464382,77.06076516328827,78.21299743652344,135178400.0
2020-05-19,78.23037333617697,79.09703124187706,77.72875604484962,77.76103973388672,101729600.0
2020-05-20,78.64011579762315,79.34536287998367,78.60038260699747,79.27335357666016,111504800.0
2020-05-21,79.13179805327803,79.68556939890891,78.43896434271993,78.68232727050781,102688800.0
2020-05-22,78.41414081470478,79.27335688851,78.3098478159951,79.18892669677734,81803200.0
2020-05-26,80.3337116515325,80.51747103982687,78.59542422785172,78.65254211425781,125522000.0
2020-05-27,78.50602754455538,79.14422157448658,77.74862636025587,78.99522399902344,112945200.0
2020-05-28,78.66245722401234,80.31879988316525,78.37936868646182,79.02998352050781,133560800.0
2020-05-29,79.27832566874424,79.7501450419443,78.58797751343083,78.95301818847656,153532400.0
2020-06-01,78.90582427042983,80.04812882824858,78.77172570441839,79.92396545410156,80791200.0
2020-06-02,79.65080284548529,80.31880239065855,79.19884635426568,80.2939682006836,87642800.0
2020-06-03,80.62176424760531,81.00418956777874,80.03570917190684,80.73599243164062,104491200.0
2020-06-04,80.55471812327943,80.86015517584923,79.65825461445549,80.04067993164062,87560400.0
2020-06-05,80.29646601281404,82.38240945393144,80.2666680116788,82.32032775878906,137250400.0
2020-06-08,82.00991059427461,82.84180673671094,81.28231502309309,82.80703735351562,95654400.0
2020-06-09,82.47925469758347,85.82420891988033,82.44697100586156,85.42192077636719,147712400.0
2020-06-10,86.3928788389756,88.09888247851615,85.94340800677732,87.61961364746094,166651600.0
2020-06-11,86.74302689562296,87.17759876052321,83.3086708634773,83.4129638671875,201662400.0
2020-06-12,85.60319239327934,86.36803540262235,82.99576167575053,84.13309478759766,200146000.0
2020-06-15,82.75488402270076,85.84158350443309,82.58850177662181,85.173583984375,138808800.0
2020-06-16,87.27692393101162,87.70901766144696,85.60320393646569,87.4308853149414,165428800.0
2020-06-17,88.19324675545421,88.25532844507207,87.1850407223268,87.3092041015625,114406400.0
2020-06-18,87.26451249541581,87.77110123592948,86.72067625449638,87.34397888183594,96820400.0
2020-06-19,88.06660434748258,88.54338747493162,85.70997828079308,86.84483337402344,264476000.0
2020-06-22,87.24712699630533,89.26353916851163,87.19994430345007,89.11702728271484,135445200.0
2020-06-23,90.39093681296836,92.47191618619549,89.96132880815813,91.01920318603516,212155600.0
2020-06-24,90.63927147693856,91.58043206160458,89.03011127155956,89.41253662109375,192623200.0
2020-06-25,89.5714642481862,90.63926627155978,88.79420028652997,90.59953308105467,137522400.0
2020-06-26,90.49275028378202,90.7187285317034,87.6643050134777,87.81578826904297,205256800.0
2020-06-29,87.72142610061049,89.9365040870718,87.23222209070244,89.83965301513672,130646000.0
2020-06-30,89.41749699137294,90.88263094762402,89.39763418490875,90.589599609375,140223200.0
2020-07-01,90.66906348496993,91.2253129905635,90.3685902336446,90.41825103759766,110737200.0
2020-07-02,91.34699825366044,91.9976131385953,90.30154473805896,90.41825103759766,114041600.0
2020-07-06,91.8809003064982,93.316228662207,91.84861661547912,92.8369598388672,118655600.0
2020-07-07,93.22433816560662,94.02146484309988,92.43466098684394,92.54888916015624,112424400.0
2020-07-08,93.54965075414717,94.73665228037218,93.46024918609946,94.7043685913086,117092000.0
2020-07-09,95.6182220969732,95.67285429084336,94.03886743872512,95.11164093017578,125642800.0
2020-07-10,94.696931393085,95.3376187159365,94.07115064878676,95.27801513671876,90257200.0
2020-07-13,96.61400521437557,99.28600348231949,94.6199417053982,94.83847045898438,191649200.0
2020-07-14,94.20523328650788,96.60407062749468,93.24918135107644,96.40789794921876,170989200.0
2020-07-15,98.32746329987064,98.58323956352308,95.84419566117474,97.07093048095705,153198000.0
2020-07-16,95.91620566191229,96.7530655835687,95.26310510726717,95.87647247314452,110577600.0
2020-07-17,96.33836364846525,96.49728882435896,95.1985372212337,95.68277740478516,92186800.0
2020-07-20,95.77217786882868,97.84073629408324,95.41955056091749,97.69918823242188,90318000.0
2020-07-21,98.50874448426732,98.58572517473674,96.09500803831682,96.3507843017578,103433200.0
2020-07-22,96.0453324641713,97.31924987893515,95.95593847354336,96.62145233154295,89001600.0
2020-07-23,96.34829060013344,96.42775697669995,91.39417662383822,92.2235870361328,197004400.0
2020-07-24,90.3785228428806,92.34775213304005,88.54834834681442,91.99512481689452,185438800.0
2020-07-27,93.08279415931236,94.26979567142948,92.85433780275278,94.17543029785156,121214000.0
2020-07-28,93.73589975945222,93.91718101734412,92.62339317779632,92.62836456298828,103625600.0
2020-07-29,93.12252565468177,94.59262326081576,93.085278160086,94.40389251708984,90329200.0
2020-07-30,93.55710390284884,95.65298229794092,93.13991677790102,95.54620361328124,158130000.0
2020-07-31,102.19639407068868,105.70276661117228,100.1501764723204,105.5488052368164,374336800.0
2020-08-03,107.4758222844394,110.89031534842243,107.17038520957529,108.20838928222656,308151200.0
2020-08-04,108.40207781514565,110.0484854096551,107.66206135869758,108.93101501464844,173071600.0
2020-08-05,108.6454385720333,109.65364456848832,108.1686478786452,109.32585144042967,121776800.0
2020-08-06,109.66606301511187,113.64674069207273,109.06263080448976,113.14015197753906,202428800.0
2020-08-07,112.6500743608049,113.11777164984244,109.75185286547632,110.56783294677734,198045600.0
2020-08-10,112.04803407368804,113.21727726875172,109.46078077379735,112.17491149902344,212403600.0
2020-08-11,111.42111702666112,111.931101681688,108.572646150159,108.83883666992188,187902400.0
2020-08-12,109.95583595499598,112.71972452567796,109.75681939698973,112.45602416992188,165598000.0
2020-08-13,113.86905415860691,115.47365257547176,113.36901502933382,114.44621276855467,210082000.0
2020-08-14,114.26710353591808,114.43626837143178,112.49084998703862,114.34422302246094,165565200.0
2020-08-17,115.49355413260456,115.51843309938964,113.40384998656867,114.04568481445312,119561600.0
2020-08-18,113.79194218699963,115.43136519106612,113.4486321706346,114.99600982666016,105633600.0
2020-08-19,115.41395040073014,116.58816632851632,115.04327883018588,115.14029693603516,145538000.0
2020-08-20,115.18258943807986,117.81213763242756,115.16517340161518,117.6952133178711,126907200.0
2020-08-21,118.67786915459016,124.2553966424968,118.66543346670612,123.76033782958984,338054800.0
2020-08-24,128.06661411013894,128.153694291944,123.32995329161028,125.24053955078124,345937600.0
2020-08-25,124.08623441618089,124.56636737691748,122.44929396211144,124.21310424804688,211495600.0
2020-08-26,125.56146287289822,126.3699799781248,124.46933920044992,125.90228271484376,163022400.0
2020-08-27,126.51924769266378,126.86006753864947,123.22546819161572,124.39720153808594,155552400.0
2020-08-28,125.39478126665414,125.82267370207074,123.96681809366856,124.19569396972656,187630000.0
2020-08-31,126.95460559787256,130.35783896087926,125.38234892420448,128.40744018554688,225702700.0
2020-09-01,132.10920992401208,134.1392184224983,129.89014555305098,133.52224731445312,151948100.0
2020-09-02,136.91553384845375,137.30362147150416,126.37744938993872,130.75587463378906,200119000.0
2020-09-03,126.28788445354743,128.2084162083505,119.90930295115815,120.28743743896484,257599600.0
2020-09-04,119.4814135803172,123.09361649722736,110.3464138641689,120.36705017089844,332607200.0
2020-09-08,113.391410486057,118.40670515887956,112.12763940640296,112.26695251464844,231366600.0
2020-09-09,116.68518485957765,118.55596622623425,114.6949890087535,116.74488830566406,176940500.0
2020-09-10,119.76999604612575,119.90930915895082,111.94852514839808,112.93367004394533,182274400.0
2020-09-11,114.0083750099428,114.6651433194316,109.46077755519322,111.4509735107422,180860300.0
2020-09-14,114.15764016579384,115.3617077966896,112.24705388827309,114.79450225830078,140150100.0
2020-09-15,117.7499495467939,118.24749855264496,113.05308571684051,114.97362518310548,184642000.0
2020-09-16,114.66513959964392,115.43136167719584,111.49077472408268,111.58032989501952,154679000.0
2020-09-17,109.1821545073348,111.64999331237676,108.17710339483224,109.79911041259766,178011000.0
2020-09-18,109.85881515464963,110.33645791894232,105.56993782930113,106.3162612915039,287104900.0
2020-09-21,104.02753892043556,109.64984376534194,102.59459546618824,109.5403823852539,195713800.0
2020-09-22,112.1276321357444,112.3067500621591,108.62489085385006,111.26189422607422,183055400.0
2020-09-23,111.07284310349722,111.5604390048079,106.24661165992838,106.59490203857422,150718700.0
2020-09-24,104.65445460083916,109.70955425146632,104.48528976330124,107.68950653076172,167743300.0
2020-09-25,107.89846596026028,111.88881067831689,107.14218942798146,111.7295913696289,149981400.0
2020-09-28,114.4462117892999,114.75468970935908,112.22714012824414,114.39645385742188,137672400.0
2020-09-29,113.9884753182017,114.74474430795716,113.01327596868175,113.53072357177734,99382200.0
2020-09-30,113.23219973803234,116.68519093367838,113.06303490398504,115.24229431152344,142675200.0
2020-10-01,117.06332289379496,117.1429325523247,115.26219802353006,116.21749114990234,116120400.0
2020-10-02,112.33661289318586,114.80445927982689,111.66989905359968,112.46597290039062,144712000.0
2020-10-05,113.35160929706076,116.07817551024486,112.99337343348974,115.9289093017578,106243800.0
2020-10-06,115.13282771119827,115.55077461261088,111.69974288213112,112.60528564453124,161498200.0
2020-10-07,114.05813261261912,114.98357403292724,113.5705291386968,114.51587677001952,96849000.0
2020-10-08,115.68013435285984,115.82940056074636,114.02826814504006,114.40641021728516,83477200.0
2020-10-09,114.71488850899462,116.42645816858528,114.3566526457317,116.3966064453125,100506900.0
2020-10-12,119.47146241981324,124.56636686897488,118.69528720122898,123.79019165039062,240226800.0
2020-10-13,124.6559117449272,124.77532622714916,119.06346635410328,120.50635528564452,262330500.0
2020-10-14,120.40685333532772,122.42690098234998,119.0336208816463,120.5959243774414,150712000.0
2020-10-15,118.13802810828768,120.6058667366228,117.57082258877564,120.11827087402344,112559200.0
2020-10-16,120.68547743428952,120.95415813068814,118.22758429787632,118.43655395507812,115393800.0
2020-10-19,119.3719463731219,119.8296905083539,115.09302984360802,115.41146087646484,120639300.0
2020-10-20,115.63038405352124,118.3967628586035,115.06317849970122,116.93396759033205,124423700.0
2020-10-21,116.09807973025192,118.12808052443827,115.87915695950706,116.29710388183594,89946000.0
2020-10-22,116.8742501328118,117.46136186583486,114.02826941421267,115.18258666992188,101988000.0
2020-10-23,115.81945499316572,115.97867431647182,113.71979761703638,114.47607421875,82572600.0
2020-10-26,113.45112016326485,115.97866988419165,112.32665461337515,114.48602294921876,111850700.0
2020-10-27,114.92386771912446,116.70509407844808,113.97852764091144,116.02842712402344,92276800.0
2020-10-28,114.48602525150976,114.86415974952229,110.55538368850648,110.65489196777344,143937800.0
2020-10-29,111.81916367834546,116.35680807555325,111.6499912504182,114.75469970703124,146129200.0
2020-10-30,110.51557504620064,111.44101643625127,107.19195156296183,108.32636260986328,190272600.0
2020-11-02,108.57514605299954,110.13744964767602,106.79391967822905,108.23680877685548,122866900.0
2020-11-03,109.1224454151055,110.9434689032674,108.1970040130582,109.89862060546876,107624400.0
2020-11-04,113.58048580090188,115.0233748728472,111.79925945906878,114.38651275634766,138235500.0
2020-11-05,117.37180268380578,119.03362206587468,116.29710264466516,118.4465103149414,126387100.0
2020-11-06,117.94312647088871,118.8203207543709,115.76009963193894,118.31195068359376,114457900.0
2020-11-09,120.1161794390047,121.60143131260034,115.68035676731937,115.94949340820312,154515300.0
2020-11-10,115.18194845209828,117.21544386811074,113.766465714354,115.6006088256836,138023400.0
2020-11-11,116.81672093706032,119.24894371293372,116.06910988767407,119.10939025878906,112295000.0
2020-11-12,119.23898181207,120.14607926987406,118.19232329412624,118.83028411865234,103162300.0
2020-11-13,119.05955390891572,119.28881703820264,117.49455508538836,118.880126953125,81581900.0
2020-11-16,118.54120749783416,120.60461371312864,117.77366349141148,119.91681671142578,91183000.0
2020-11-17,119.1692062294486,120.28563388054876,118.58108157316433,119.00971221923828,74271000.0
2020-11-18,118.23219949198068,119.43834444100952,117.62414187894478,117.65404510498048,76322100.0
2020-11-19,117.21544926190164,118.68076824197152,116.437934930867,118.2621078491211,74113000.0
2020-11-20,118.2621021552618,118.39168533583084,116.91640375440792,116.96623992919922,73604300.0
2020-11-23,116.80675304554204,117.24535397043472,113.3876781389933,113.48735809326172,127959300.0
2020-11-24,113.54717287077578,115.4809883321581,112.23137008774408,114.80315399169922,113874200.0
2020-11-25,115.18194882237644,116.37812349506362,114.80315434545412,115.66041564941406,76499200.0
2020-11-27,116.1986949809494,117.1157627247615,115.84981133983536,116.2186279296875,46691300.0
2020-11-30,116.59742274620308,120.58468175379096,116.43792873545492,118.6707992553711,169410200.0
2020-12-01,120.62455685615672,123.0767202657318,119.62774209104036,122.32910919189452,127728200.0
2020-12-02,121.631328987279,122.97703494555624,120.5049310896684,122.68795776367188,89004200.0
2020-12-03,123.12655528677811,123.38572925270502,121.82073039034591,122.54840850830078,78967600.0
2020-12-04,122.2094946256534,122.46866860661412,121.13293280174902,121.86061096191406,78260400.0
2020-12-07,121.92041163441884,124.17321513571795,121.86060518206972,123.35582733154295,86712000.0
2020-12-08,123.97385538219044,124.5819129988238,122.69792609140536,123.98381805419922,82225500.0
2020-12-09,124.13333800030324,125.548813101832,120.61458319498348,121.39209747314452,115089200.0
2020-12-10,120.1161799130618,123.4754484293768,119.76729626420848,122.84745025634766,81312200.0
2020-12-11,122.04002877373011,122.3689794627517,120.16601980264656,122.02009582519533,86939800.0
2020-12-14,122.20948525340268,122.95709630626416,121.15286406565488,121.39209747314452,79184500.0
2020-12-15,123.94393885179288,127.49260443268146,123.7346086728368,127.47266387939452,157243700.0
2020-12-16,127.00417324327464,127.96110690286504,126.15687460638712,127.40289306640624,98208600.0
2020-12-17,128.48941422775744,129.167256161973,127.63215294077612,128.29005432128906,94359800.0
2020-12-18,128.54923827164487,128.68879172977807,125.71828039574318,126.25656127929688,192541500.0
2020-12-21,124.6217740939071,127.9012954654695,123.05677527332251,127.82154846191406,121251600.0
2020-12-22,131.1907861860986,133.9818704500606,129.2370226382695,131.45993041992188,168904800.0
2020-12-23,131.7390365559935,132.0081655780596,130.363427380247,130.54286193847656,88223700.0
2020-12-24,130.90171337154436,133.03489621570475,130.682412921288,131.5496368408203,54930100.0
2020-12-28,133.56321141986317,136.90253164603965,133.08472939715685,136.25460815429688,124486200.0
2020-12-29,137.61027795367715,138.3479111270511,133.91208857432696,134.44039916992188,121047300.0
2020-12-30,135.148143395563,135.55684108674987,132.97507936719765,133.2940673828125,96452100.0
2020-12-31,133.6529211124509,134.31082248611722,131.3004377361597,132.26734924316406,99116600.0
2021-01-04,133.09471203789838,133.18442171654382,126.35624207903588,128.997802734375,143301900.0
2021-01-05,128.47945470486246,131.32038287476843,128.02091321957965,130.5926971435547,97664900.0
2021-01-06,127.31318209282728,130.63257706177905,125.97744636262412,126.19674682617188,155088000.0
2021-01-07,127.95114728917208,131.21073591734577,127.45273989325136,130.50299072265625,109578200.0
2021-01-08,132.00815850142146,132.20753360214084,129.81516928517038,131.62937927246094,105158200.0
2021-01-11,128.77850589039994,129.75538013133584,128.09070124773552,128.5691680908203,100384500.0
2021-01-12,128.09069252983963,129.27690448962116,126.45591698455884,128.38973999023438,91951100.0
2021-01-13,128.34986318729864,131.03129732878318,128.08073415308593,130.47308349609375,88636800.0
2021-01-14,130.38338434982612,130.58274427614916,128.34987355484373,128.49940490722656,90221800.0
2021-01-15,128.36979903874646,129.8052146760414,126.59547004547512,126.73502349853516,111598500.0
2021-01-19,127.37298489581322,128.30003050337825,126.5356641736282,127.4228286743164,90757300.0
2021-01-20,128.25019042643805,132.0679927751491,128.1405401946406,131.6094512939453,104319500.0
2021-01-21,133.3738078240683,139.2251051546456,133.16447004784828,136.43402099609375,120150900.0
2021-01-22,135.8459078523497,139.40454367816474,134.5899267898073,138.6270294189453,114459400.0
2021-01-25,142.61429880013603,144.6278537174568,136.1050842511617,142.4647674560547,157611700.0
2021-01-26,143.14261095413943,143.8403782701038,140.919703005171,142.70401000976562,98390600.0
2021-01-27,142.97314488829414,143.84038414012895,139.9627750293987,141.60751342773438,140843800.0
2021-01-28,139.07560341427063,141.53773715627108,136.26457841256197,136.65333557128906,142621100.0
2021-01-29,135.397340824828,136.30444584087385,129.79524714848284,131.5396728515625,177523800.0
2021-02-01,133.3239656550979,134.9487784776305,130.51294091011647,133.7127227783203,106239800.0
2021-02-02,135.297661253901,135.87581563196642,134.1812336053255,134.56002807617188,83305400.0
2021-02-03,135.3275770555371,135.33755493844615,133.18443123594312,133.5133819580078,89880900.0
2021-02-04,135.8658528968405,136.96233999112718,134.16129298901225,136.95237731933594,84183100.0
2021-02-05,137.1171025483313,137.18697592864888,135.62962364825918,136.52809143066406,75693800.0
2021-02-08,135.79932855487343,136.7277594465789,134.69121020646554,136.67784118652344,71297200.0
2021-02-09,136.38832412251924,137.64619724836874,135.61964080440478,135.77935791015625,76774200.0
2021-02-10,136.24856365702016,136.75770858809256,134.17208892990388,135.16041564941406,73046600.0
2021-02-11,135.66954698343412,136.1587215696199,133.54316920308787,134.90086364746094,64280000.0
2021-02-12,134.12218252386452,135.30017423095845,133.4632980607879,135.14044189453125,60145100.0
2021-02-16,135.2602601265585,135.77936741418617,132.56482622987636,132.9641571044922,80576300.0
2021-02-17,131.02744197193385,131.9957983807596,129.25046150134764,130.61813354492188,97918500.0
2021-02-18,128.98090635178852,129.77955280021882,127.1939484426369,129.49005126953125,96856700.0
2021-02-19,130.01916323907915,130.48836749936592,128.58160254653373,129.6497802734375,87668800.0
2021-02-22,127.79293266864538,129.5000397870391,125.38702317753932,125.78634643554688,103916400.0
2021-02-23,123.55014598785404,126.49514071416188,118.18924899493813,125.6465835571289,158273000.0
2021-02-24,124.72814273656871,125.3470865332827,122.02273897461028,125.13744354248048,111039900.0
2021-02-25,124.4685811407716,126.24556158630492,120.33560192444249,120.78483581542967,148199500.0
2021-02-26,122.3821212631962,124.63829112822256,120.99447888664491,121.05438232421876,164560400.0
2021-03-01,123.54016045728844,127.71307284850404,122.58178921741286,127.57331085205078,116307900.0
2021-03-02,128.192258979143,128.5017308752635,124.79802283160863,124.9078369140625,102260900.0
2021-03-03,124.59835652344084,125.49683191152388,121.63339155099546,121.85301971435548,112966300.0
2021-03-04,121.54354812199588,123.39040954758076,118.41885841528112,119.9262924194336,178155000.0
2021-03-05,120.77485499526829,121.73322618890016,117.3706337488073,121.21410369873048,153766600.0
2021-03-08,120.72493956521024,120.79482056170336,116.01294204036849,116.16268920898438,154376600.0
2021-03-09,118.82816198110812,121.85302285182397,118.5885710769361,120.8846664428711,129525800.0
2021-03-10,121.48365742776342,121.96283924517871,119.24745022496649,119.77655792236328,111943300.0
2021-03-11,122.33220739732128,123.00106943703796,121.05437913742756,121.75318908691406,103026500.0
2021-03-12,120.19583910008024,120.96453005892312,118.95794390216324,120.82476806640624,88105100.0
2021-03-15,121.20412772490752,123.78973218480353,120.21580099216348,123.77974700927734,92403800.0
2021-03-16,125.48684774021316,127.0042745447764,124.5085137892713,125.35707092285156,115227900.0
2021-03-17,123.83965151593723,125.64657986246397,122.13254445970549,124.54844665527344,111932600.0
2021-03-18,122.67162848885314,122.97112282262056,120.11597194214494,120.32561492919922,121229700.0
2021-03-19,119.69668581087774,121.22409015488016,119.47705764859762,119.78652954101562,185549500.0
2021-03-22,120.12596205641492,123.65996030446088,120.05608105785711,123.18077087402344,111912300.0
2021-03-23,123.12087569558028,124.02932868158472,121.93289109742452,122.33221435546876,95467100.0
2021-03-24,122.61173426864067,122.6916004408818,119.86639743362544,119.88636016845705,88530500.0
2021-03-25,119.3372983481346,121.45370623110344,118.79821310578052,120.38551330566406,98844700.0
2021-03-26,120.14592088914564,121.27400962180924,118.71834543658716,121.00446319580078,94071200.0
2021-03-29,121.44371957571236,122.37214287904514,120.52528144798414,121.18415832519533,80819200.0
2021-03-30,119.90632877775988,120.19583793558496,118.65844841633655,119.69668579101562,85671900.0
2021-03-31,121.44371894651113,123.31054310265183,120.94456679927224,121.94287109375,118323800.0
2021-04-01,123.4503120992946,123.96942697860948,122.28229029203588,122.79142761230467,75089100.0
2021-04-05,123.65995925074049,125.94607706473306,122.861312745636,125.68651580810548,88651200.0
2021-04-06,126.28549610439038,126.91442508219504,125.43693895820572,125.99598693847656,80171300.0
2021-04-07,125.61663114359068,127.7030834621781,124.92779874345544,127.68312072753906,83466700.0
2021-04-08,128.7313338426866,130.1688944429661,128.30207031414133,130.13894653320312,88844600.0
2021-04-09,129.5799043073032,132.8144005681353,129.25046205241935,132.77447509765625,106686700.0
2021-04-12,132.29528428386504,132.62472651632842,130.40848984914865,131.0174560546875,91420000.0
2021-04-13,132.21542579008212,134.43166258590688,131.70628084085092,134.20204162597656,91266500.0
2021-04-14,134.71119113427474,134.77108695787842,131.43675409200546,131.80612182617188,87222800.0
2021-04-15,133.59308727511436,134.7710790244177,133.41338458196623,134.2719268798828,89347100.0
2021-04-16,134.0722723705718,134.4416400920917,133.05399770542658,133.93251037597656,84922400.0
2021-04-19,133.28359688391126,135.24027994502438,133.11388698687767,134.61134338378906,94264200.0
2021-04-20,134.79105756643258,135.30018730094784,131.58649390130049,132.88429260253906,94812300.0
2021-04-21,132.1355543421993,133.52319667401832,131.07735424881542,133.27362060546875,68847100.0
2021-04-22,132.8144037189207,133.92252215421263,131.18717799051058,131.71627807617188,84566500.0
2021-04-23,131.93589846023212,134.8908706245701,131.93589846023212,134.0922393798828,78657500.0
2021-04-26,134.60137597635378,134.83098170931396,133.33352519946743,134.49156188964844,66905100.0
2021-04-27,134.78105314389538,135.18038398908124,133.88258539982698,134.162109375,66015800.0
2021-04-28,134.0822429532556,134.79104568155324,132.85433297656593,133.35348510742188,107760100.0
2021-04-29,136.23859763862492,136.83758634959727,132.22540983410784,133.253662109375,151101000.0
2021-04-30,131.55654052197602,133.33352097202004,130.84775299355394,131.23709106445312,109839500.0
2021-05-03,131.81609442689123,133.8426661910414,131.60645905216478,132.31524658203125,75135100.0
2021-05-04,130.96754187902857,131.2670362117806,126.48515014551462,127.6332015991211,137564700.0
2021-05-05,128.98091522515492,130.2287956263908,127.75300517555506,127.8827896118164,84000900.0
2021-05-06,127.67313523988604,129.5299818315274,126.91442184568292,129.52000427246094,78128300.0
2021-05-07,130.85000610351562,131.25999450683594,129.47999572753906,130.2100067138672,78973300.0
2021-05-10,129.41000366210938,129.5399932861328,126.80999755859376,126.8499984741211,88071200.0
2021-05-11,123.5,126.2699966430664,122.7699966430664,125.91000366210938,126142800.0
2021-05-12,123.4000015258789,124.63999938964844,122.25,122.7699966430664,112172300.0
2021-05-13,124.58000183105467,126.1500015258789,124.26000213623048,124.97000122070312,105861300.0
2021-05-14,126.25,127.88999938964844,125.8499984741211,127.4499969482422,81918000.0
2021-05-17,126.81999969482422,126.93000030517578,125.16999816894533,126.2699966430664,74244600.0
2021-05-18,126.55999755859376,126.98999786376952,124.77999877929688,124.8499984741211,63342900.0
2021-05-19,123.16000366210938,124.91999816894533,122.86000061035156,124.69000244140624,92612000.0
2021-05-20,125.2300033569336,127.72000122070312,125.0999984741211,127.30999755859376,76857100.0
2021-05-21,127.81999969482422,128.0,125.20999908447266,125.43000030517578,79295400.0
2021-05-24,126.01000213623048,127.94000244140624,125.94000244140624,127.0999984741211,63092900.0
2021-05-25,127.81999969482422,128.32000732421875,126.31999969482422,126.9000015258789,72009500.0
2021-05-26,126.95999908447266,127.38999938964844,126.41999816894533,126.8499984741211,56575900.0
2021-05-27,126.44000244140624,127.63999938964844,125.08000183105467,125.27999877929688,94625600.0
2021-05-28,125.56999969482422,125.8000030517578,124.5500030517578,124.61000061035156,71311100.0
2021-06-01,125.08000183105467,125.3499984741211,123.94000244140624,124.27999877929688,67637100.0
2021-06-02,124.27999877929688,125.23999786376952,124.0500030517578,125.05999755859376,59278900.0
2021-06-03,124.68000030517578,124.8499984741211,123.12999725341795,123.54000091552734,76229200.0
2021-06-04,124.06999969482422,126.16000366210938,123.8499984741211,125.88999938964844,75169300.0
2021-06-07,126.16999816894533,126.31999969482422,124.83000183105467,125.9000015258789,71057600.0
2021-06-08,126.5999984741211,128.4600067138672,126.20999908447266,126.73999786376952,74403800.0
2021-06-09,127.20999908447266,127.75,126.5199966430664,127.12999725341795,56877900.0
2021-06-10,127.0199966430664,128.19000244140625,125.94000244140624,126.11000061035156,71186400.0
2021-06-11,126.52999877929688,127.44000244140624,126.0999984741211,127.3499984741211,53522400.0
2021-06-14,127.81999969482422,130.5399932861328,127.06999969482422,130.47999572753906,96906500.0
2021-06-15,129.94000244140625,130.60000610351562,129.38999938964844,129.63999938964844,62746300.0
2021-06-16,130.3699951171875,130.88999938964844,128.4600067138672,130.14999389648438,91815000.0
2021-06-17,129.8000030517578,132.5500030517578,129.64999389648438,131.7899932861328,96721700.0
2021-06-18,130.7100067138672,131.50999450683594,130.24000549316406,130.4600067138672,108953300.0
2021-06-21,130.3000030517578,132.41000366210938,129.2100067138672,132.3000030517578,79663300.0
2021-06-22,132.1300048828125,134.0800018310547,131.6199951171875,133.97999572753906,74783600.0
2021-06-23,133.77000427246094,134.32000732421875,133.22999572753906,133.6999969482422,60214200.0
2021-06-24,134.4499969482422,134.63999938964844,132.92999267578125,133.41000366210938,68711000.0
2021-06-25,133.4600067138672,133.88999938964844,132.80999755859375,133.11000061035156,70783700.0
2021-06-28,133.41000366210938,135.25,133.35000610351562,134.77999877929688,62111300.0
2021-06-29,134.8000030517578,136.49000549316406,134.35000610351562,136.3300018310547,64556100.0
2021-06-30,136.1699981689453,137.41000366210938,135.8699951171875,136.9600067138672,63261400.0
2021-07-01,136.60000610351562,137.3300018310547,135.75999450683594,137.27000427246094,52485800.0
2021-07-02,137.89999389648438,140.0,137.75,139.9600067138672,78852600.0
2021-07-06,140.07000732421875,143.14999389648438,140.07000732421875,142.02000427246094,108181800.0
2021-07-07,143.5399932861328,144.88999938964844,142.66000366210938,144.57000732421875,104911600.0
2021-07-08,141.5800018310547,144.05999755859375,140.6699981689453,143.24000549316406,105575500.0
2021-07-09,142.75,145.64999389648438,142.64999389648438,145.11000061035156,99890800.0
2021-07-12,146.2100067138672,146.32000732421875,144.0,144.5,76299700.0
2021-07-13,144.02999877929688,147.4600067138672,143.6300048828125,145.63999938964844,100827100.0
2021-07-14,148.10000610351562,149.57000732421875,147.67999267578125,149.14999389648438,127050800.0
2021-07-15,149.24000549316406,150.0,147.08999633789062,148.47999572753906,106820300.0
2021-07-16,148.4600067138672,149.75999450683594,145.8800048828125,146.38999938964844,93251400.0
2021-07-19,143.75,144.07000732421875,141.6699981689453,142.4499969482422,121434600.0
2021-07-20,143.4600067138672,147.10000610351562,142.9600067138672,146.14999389648438,96350000.0
2021-07-21,145.52999877929688,146.1300048828125,144.6300048828125,145.39999389648438,74993500.0
2021-07-22,145.94000244140625,148.1999969482422,145.80999755859375,146.8000030517578,77338200.0
2021-07-23,147.5500030517578,148.72000122070312,146.9199981689453,148.55999755859375,71447400.0
2021-07-26,148.27000427246094,149.8300018310547,147.6999969482422,148.99000549316406,72434100.0
2021-07-27,149.1199951171875,149.2100067138672,145.5500030517578,146.77000427246094,104818600.0
2021-07-28,144.80999755859375,146.97000122070312,142.5399932861328,144.97999572753906,118931200.0
2021-07-29,144.69000244140625,146.5500030517578,144.5800018310547,145.63999938964844,56699500.0
2021-07-30,144.3800048828125,146.3300018310547,144.11000061035156,145.86000061035156,70440600.0
2021-08-02,146.36000061035156,146.9499969482422,145.25,145.52000427246094,62880000.0
2021-08-03,145.80999755859375,148.0399932861328,145.17999267578125,147.36000061035156,64786600.0
2021-08-04,147.27000427246094,147.7899932861328,146.27999877929688,146.9499969482422,56368300.0
2021-08-05,146.97999572753906,147.83999633789062,146.1699981689453,147.05999755859375,46397700.0
2021-08-06,146.35000610351562,147.11000061035156,145.6300048828125,146.13999938964844,54126800.0
2021-08-09,146.1999969482422,146.6999969482422,145.52000427246094,146.08999633789062,48908700.0
2021-08-10,146.44000244140625,147.7100067138672,145.3000030517578,145.60000610351562,69023100.0
2021-08-11,146.0500030517578,146.72000122070312,145.52999877929688,145.86000061035156,48493500.0
2021-08-12,146.19000244140625,149.0500030517578,145.83999633789062,148.88999938964844,72282600.0
2021-08-13,148.97000122070312,149.44000244140625,148.27000427246094,149.10000610351562,59375000.0
2021-08-16,148.5399932861328,151.19000244140625,146.47000122070312,151.1199951171875,103296000.0
2021-08-17,150.22999572753906,151.67999267578125,149.08999633789062,150.19000244140625,92229700.0
2021-08-18,149.8000030517578,150.72000122070312,146.14999389648438,146.36000061035156,86326000.0
2021-08-19,145.02999877929688,148.0,144.5,146.6999969482422,86960300.0
2021-08-20,147.44000244140625,148.5,146.77999877929688,148.19000244140625,60549600.0
2021-08-23,148.30999755859375,150.19000244140625,147.88999938964844,149.7100067138672,60131800.0
2021-08-24,149.4499969482422,150.86000061035156,149.14999389648438,149.6199951171875,48606400.0
2021-08-25,149.80999755859375,150.32000732421875,147.8000030517578,148.36000061035156,58991300.0
2021-08-26,148.35000610351562,149.1199951171875,147.50999450683594,147.5399932861328,48597200.0
2021-08-27,147.47999572753906,148.75,146.8300018310547,148.60000610351562,55802400.0
2021-08-30,149.0,153.49000549316406,148.61000061035156,153.1199951171875,90956700.0
2021-08-31,152.66000366210938,152.8000030517578,151.2899932861328,151.8300018310547,86453100.0
2021-09-01,152.8300018310547,154.97999572753906,152.33999633789062,152.50999450683594,80313700.0
2021-09-02,153.8699951171875,154.72000122070312,152.39999389648438,153.64999389648438,71115500.0
2021-09-03,153.75999450683594,154.6300048828125,153.08999633789062,154.3000030517578,57808700.0
2021-09-07,154.97000122070312,157.25999450683594,154.38999938964844,156.69000244140625,82278300.0
2021-09-08,156.97999572753906,157.0399932861328,153.97999572753906,155.11000061035156,74420200.0
2021-09-09,155.49000549316406,156.11000061035156,153.9499969482422,154.07000732421875,57305700.0
2021-09-10,155.0,155.47999572753906,148.6999969482422,148.97000122070312,140893200.0
2021-09-13,150.6300048828125,151.4199981689453,148.75,149.5500030517578,102404300.0
2021-09-14,150.35000610351562,151.07000732421875,146.91000366210938,148.1199951171875,109296300.0
2021-09-15,148.55999755859375,149.44000244140625,146.3699951171875,149.02999877929688,83281300.0
2021-09-16,148.44000244140625,148.97000122070312,147.22000122070312,148.7899932861328,68034100.0
2021-09-17,148.82000732421875,148.82000732421875,145.75999450683594,146.05999755859375,129868800.0
2021-09-20,143.8000030517578,144.83999633789062,141.27000427246094,142.94000244140625,123478900.0
2021-09-21,143.92999267578125,144.60000610351562,142.77999877929688,143.42999267578125,75834000.0
2021-09-22,144.4499969482422,146.42999267578125,143.6999969482422,145.85000610351562,76404300.0
2021-09-23,146.64999389648438,147.0800018310547,145.63999938964844,146.8300018310547,64838200.0
2021-09-24,145.66000366210938,147.47000122070312,145.55999755859375,146.9199981689453,53477900.0
2021-09-27,145.47000122070312,145.9600067138672,143.82000732421875,145.3699951171875,74150700.0
2021-09-28,143.25,144.75,141.69000244140625,141.91000366210938,108972300.0
2021-09-29,142.47000122070312,144.4499969482422,142.02999877929688,142.8300018310547,74602000.0
2021-09-30,143.66000366210938,144.3800048828125,141.27999877929688,141.5,89056700.0
2021-10-01,141.89999389648438,142.9199981689453,139.11000061035156,142.64999389648438,94639600.0
2021-10-04,141.75999450683594,142.2100067138672,138.27000427246094,139.13999938964844,98322000.0
2021-10-05,139.49000549316406,142.24000549316406,139.36000061035156,141.11000061035156,80861100.0
2021-10-06,139.47000122070312,142.14999389648438,138.3699951171875,142.0,83221100.0
2021-10-07,143.05999755859375,144.22000122070312,142.72000122070312,143.2899932861328,61732700.0
2021-10-08,144.02999877929688,144.17999267578125,142.55999755859375,142.89999389648438,58773200.0
2021-10-11,142.27000427246094,144.80999755859375,141.80999755859375,142.80999755859375,64452200.0
2021-10-12,143.22999572753906,143.25,141.0399932861328,141.50999450683594,73035900.0
2021-10-13,141.24000549316406,141.39999389648438,139.1999969482422,140.91000366210938,78762700.0
2021-10-14,142.11000061035156,143.8800048828125,141.50999450683594,143.75999450683594,69907100.0
2021-10-15,143.77000427246094,144.89999389648438,143.50999450683594,144.83999633789062,67940300.0
2021-10-18,143.4499969482422,146.83999633789062,143.16000366210938,146.5500030517578,85589200.0
2021-10-19,147.00999450683594,149.1699981689453,146.5500030517578,148.75999450683594,76378900.0
2021-10-20,148.6999969482422,149.75,148.1199951171875,149.25999450683594,58418800.0
2021-10-21,148.80999755859375,149.63999938964844,147.8699951171875,149.47999572753906,61421000.0
2021-10-22,149.69000244140625,150.17999267578125,148.63999938964844,148.69000244140625,58883400.0
2021-10-25,148.67999267578125,149.3699951171875,147.6199951171875,148.63999938964844,50720600.0
2021-10-26,149.3300018310547,150.83999633789062,149.00999450683594,149.32000732421875,60893400.0
2021-10-27,149.36000061035156,149.72999572753906,148.49000549316406,148.85000610351562,56094900.0
2021-10-28,149.82000732421875,153.1699981689453,149.72000122070312,152.57000732421875,100077900.0
2021-10-29,147.22000122070312,149.94000244140625,146.41000366210938,149.8000030517578,124953200.0
2021-11-01,148.99000549316406,149.6999969482422,147.8000030517578,148.9600067138672,74588300.0
2021-11-02,148.66000366210938,151.57000732421875,148.64999389648438,150.02000427246094,69122000.0
2021-11-03,150.38999938964844,151.97000122070312,149.82000732421875,151.49000549316406,54511500.0
2021-11-04,151.5800018310547,152.42999267578125,150.63999938964844,150.9600067138672,60394600.0
2021-11-05,151.88999938964844,152.1999969482422,150.05999755859375,151.27999877929688,65463900.0
2021-11-08,151.41000366210938,151.57000732421875,150.16000366210938,150.44000244140625,55020900.0
2021-11-09,150.1999969482422,151.42999267578125,150.05999755859375,150.80999755859375,56787900.0
2021-11-10,150.02000427246094,150.1300048828125,147.85000610351562,147.9199981689453,65187100.0
2021-11-11,148.9600067138672,149.42999267578125,147.67999267578125,147.8699951171875,41000000.0
2021-11-12,148.42999267578125,150.39999389648438,147.47999572753906,149.99000549316406,63804000.0
2021-11-15,150.3699951171875,151.8800048828125,149.42999267578125,150.0,59222800.0
2021-11-16,149.94000244140625,151.49000549316406,149.33999633789062,151.0,59256200.0
2021-11-17,151.0,155.0,150.99000549316406,153.49000549316406,88807000.0
2021-11-18,153.7100067138672,158.6699981689453,153.0500030517578,157.8699951171875,137827700.0
2021-11-19,157.64999389648438,161.02000427246094,156.52999877929688,160.5500030517578,117305600.0
2021-11-22,161.67999267578125,165.6999969482422,161.0,161.02000427246094,117467900.0
2021-11-23,161.1199951171875,161.8000030517578,159.05999755859375,161.41000366210938,96041900.0
2021-11-24,160.75,162.13999938964844,159.63999938964844,161.94000244140625,69463600.0
2021-11-26,159.57000732421875,160.4499969482422,156.36000061035156,156.80999755859375,76959800.0
2021-11-29,159.3699951171875,161.19000244140625,158.7899932861328,160.24000549316406,88748200.0
2021-11-30,159.99000549316406,165.52000427246094,159.9199981689453,165.3000030517578,174048100.0
2021-12-01,167.47999572753906,170.3000030517578,164.52999877929688,164.77000427246094,152052500.0
2021-12-02,158.74000549316406,164.1999969482422,157.8000030517578,163.75999450683594,136739200.0
2021-12-03,164.02000427246094,164.9600067138672,159.72000122070312,161.83999633789062,118023100.0
2021-12-06,164.2899932861328,167.8800048828125,164.27999877929688,165.32000732421875,107497000.0
2021-12-07,169.0800018310547,171.5800018310547,168.33999633789062,171.17999267578125,120405400.0
2021-12-08,172.1300048828125,175.9600067138672,170.6999969482422,175.0800018310547,116998900.0
2021-12-09,174.91000366210938,176.75,173.9199981689453,174.55999755859375,108923700.0
2021-12-10,175.2100067138672,179.6300048828125,174.69000244140625,179.4499969482422,115402700.0
2021-12-13,181.1199951171875,182.1300048828125,175.52999877929688,175.74000549316406,153237000.0
2021-12-14,175.25,177.74000549316406,172.2100067138672,174.3300018310547,139380400.0
2021-12-15,175.11000061035156,179.5,172.30999755859375,179.3000030517578,131063300.0
2021-12-16,179.27999877929688,181.13999938964844,170.75,172.25999450683594,150185800.0
2021-12-17,169.92999267578125,173.47000122070312,169.69000244140625,171.13999938964844,195432700.0
2021-12-20,168.27999877929688,170.5800018310547,167.4600067138672,169.75,107499100.0
2021-12-21,171.55999755859375,173.1999969482422,169.1199951171875,172.99000549316406,91185900.0
2021-12-22,173.0399932861328,175.86000061035156,172.14999389648438,175.63999938964844,92135300.0
2021-12-23,175.85000610351562,176.85000610351562,175.27000427246094,176.27999877929688,68356600.0
2021-12-27,177.08999633789062,180.4199981689453,177.07000732421875,180.3300018310547,74919600.0
2021-12-28,180.16000366210935,181.3300018310547,178.52999877929688,179.2899932861328,79144300.0
2021-12-29,179.3300018310547,180.6300048828125,178.13999938964844,179.3800048828125,62348900.0
2021-12-30,179.47000122070312,180.57000732421875,178.08999633789062,178.1999969482422,59773000.0
2021-12-31,178.08999633789062,179.22999572753906,177.25999450683594,177.57000732421875,64062300.0
2022-01-03,177.8300018310547,182.8800048828125,177.7100067138672,182.00999450683597,104487900.0
2022-01-04,182.6300048828125,182.94000244140625,179.1199951171875,179.6999969482422,99310400.0
2022-01-05,179.61000061035156,180.1699981689453,174.63999938964844,174.9199981689453,94537600.0
2022-01-06,172.6999969482422,175.3000030517578,171.63999938964844,172.0,96904000.0
2022-01-07,172.88999938964844,174.13999938964844,171.02999877929688,172.1699981689453,86709100.0
2022-01-10,169.0800018310547,172.5,168.1699981689453,172.19000244140625,106765600.0
2022-01-11,172.32000732421875,175.17999267578125,170.82000732421875,175.0800018310547,76138300.0
2022-01-12,176.1199951171875,177.17999267578125,174.82000732421875,175.52999877929688,74805200.0
2022-01-13,175.77999877929688,176.6199951171875,171.7899932861328,172.19000244140625,84505800.0
2022-01-14,171.33999633789062,173.77999877929688,171.08999633789062,173.07000732421875,80440800.0
2022-01-18,171.50999450683594,172.5399932861328,169.41000366210938,169.8000030517578,90956700.0
2022-01-19,170.0,171.0800018310547,165.94000244140625,166.22999572753906,94815000.0
2022-01-20,166.97999572753906,169.67999267578125,164.17999267578125,164.50999450683594,91420500.0
2022-01-21,164.4199981689453,166.3300018310547,162.3000030517578,162.41000366210938,122848900.0
2022-01-24,160.02000427246094,162.3000030517578,154.6999969482422,161.6199951171875,162294600.0
2022-01-25,158.97999572753906,162.75999450683594,157.02000427246094,159.77999877929688,115798400.0
2022-01-26,163.5,164.38999938964844,157.82000732421875,159.69000244140625,108275300.0
2022-01-27,162.4499969482422,163.83999633789062,158.27999877929688,159.22000122070312,121954600.0
2022-01-28,165.7100067138672,170.35000610351562,162.8000030517578,170.3300018310547,179935700.0
2022-01-31,170.16000366210938,175.0,169.50999450683594,174.77999877929688,115541600.0
2022-02-01,174.00999450683594,174.83999633789062,172.30999755859375,174.61000061035156,86213900.0
2022-02-02,174.75,175.8800048828125,173.3300018310547,175.83999633789062,84914300.0
2022-02-03,174.47999572753906,176.24000549316406,172.1199951171875,172.89999389648438,89418100.0
2022-02-04,171.67999267578125,174.10000610351562,170.67999267578125,172.38999938964844,82465400.0
2022-02-07,172.86000061035156,173.9499969482422,170.9499969482422,171.66000366210938,77251200.0
2022-02-08,171.72999572753906,175.35000610351562,171.42999267578125,174.8300018310547,74829200.0
2022-02-09,176.0500030517578,176.64999389648438,174.89999389648438,176.27999877929688,71285000.0
2022-02-10,174.13999938964844,175.47999572753906,171.5500030517578,172.1199951171875,90865900.0
2022-02-11,172.3300018310547,173.0800018310547,168.0399932861328,168.63999938964844,98670700.0
2022-02-14,167.3699951171875,169.5800018310547,166.55999755859375,168.8800048828125,86185500.0
2022-02-15,170.97000122070312,172.9499969482422,170.25,172.7899932861328,62527400.0
2022-02-16,171.85000610351562,173.33999633789062,170.0500030517578,172.5500030517578,61177400.0
2022-02-17,171.02999877929688,171.91000366210938,168.47000122070312,168.8800048828125,69589300.0
2022-02-18,169.82000732421875,170.5399932861328,166.19000244140625,167.3000030517578,82772700.0
2022-02-22,164.97999572753906,166.69000244140625,162.14999389648438,164.32000732421875,91162800.0
2022-02-23,165.5399932861328,166.14999389648438,159.75,160.07000732421875,90009200.0
2022-02-24,152.5800018310547,162.85000610351562,152.0,162.74000549316406,141147500.0
2022-02-25,163.83999633789062,165.1199951171875,160.8699951171875,164.85000610351562,91974200.0
2022-02-28,163.05999755859375,165.4199981689453,162.42999267578125,165.1199951171875,95056600.0
2022-03-01,164.6999969482422,166.60000610351562,161.97000122070312,163.1999969482422,83474400.0
2022-03-02,164.38999938964844,167.36000061035156,162.9499969482422,166.55999755859375,79724800.0
2022-03-03,168.47000122070312,168.91000366210938,165.5500030517578,166.22999572753906,76678400.0
2022-03-04,164.49000549316406,165.5500030517578,162.10000610351562,163.1699981689453,83737200.0
2022-03-07,163.36000061035156,165.02000427246094,159.0399932861328,159.3000030517578,96418800.0
2022-03-08,158.82000732421875,162.8800048828125,155.8000030517578,157.44000244140625,131148300.0
2022-03-09,161.47999572753906,163.41000366210938,159.41000366210938,162.9499969482422,91454900.0
2022-03-10,160.1999969482422,160.38999938964844,155.97999572753906,158.52000427246094,105342000.0
2022-03-11,158.92999267578125,159.27999877929688,154.5,154.72999572753906,96970100.0
2022-03-14,151.4499969482422,154.1199951171875,150.10000610351562,150.6199951171875,108732100.0
2022-03-15,150.89999389648438,155.57000732421875,150.3800048828125,155.08999633789062,92964300.0
2022-03-16,157.0500030517578,160.0,154.4600067138672,159.58999633789062,102300200.0
2022-03-17,158.61000061035156,161.0,157.6300048828125,160.6199951171875,75615400.0
2022-03-18,160.50999450683594,164.47999572753906,159.75999450683594,163.97999572753906,123511700.0
2022-03-21,163.50999450683594,166.35000610351562,163.00999450683594,165.3800048828125,95811400.0
2022-03-22,165.50999450683594,169.4199981689453,164.91000366210938,168.82000732421875,81532000.0
2022-03-23,167.99000549316406,172.63999938964844,167.64999389648438,170.2100067138672,98062700.0
2022-03-24,171.05999755859375,174.13999938964844,170.2100067138672,174.07000732421875,90131400.0
2022-03-25,173.8800048828125,175.27999877929688,172.75,174.72000122070312,80546200.0
2022-03-28,172.1699981689453,175.72999572753906,172.0,175.60000610351562,90371900.0
2022-03-29,176.69000244140625,179.00999450683594,176.33999633789062,178.9600067138672,100589400.0
2022-03-30,178.5500030517578,179.61000061035156,176.6999969482422,177.77000427246094,92633200.0
2022-03-31,177.83999633789062,178.02999877929688,174.39999389648438,174.61000061035156,103049300.0
2022-04-01,174.02999877929688,174.8800048828125,171.94000244140625,174.30999755859375,78751300.0
2022-04-04,174.57000732421875,178.49000549316406,174.44000244140625,178.44000244140625,76468400.0
2022-04-05,177.5,178.3000030517578,174.4199981689453,175.05999755859375,73401800.0
2022-04-06,172.36000061035156,173.6300048828125,170.1300048828125,171.8300018310547,89058800.0
2022-04-07,171.16000366210938,173.36000061035156,169.85000610351562,172.13999938964844,77594700.0
2022-04-08,171.77999877929688,171.77999877929688,169.1999969482422,170.08999633789062,76575500.0
2022-04-11,168.7100067138672,169.02999877929688,165.5,165.75,72246700.0
2022-04-12,168.02000427246094,169.8699951171875,166.63999938964844,167.66000366210938,79265200.0
2022-04-13,167.38999938964844,171.0399932861328,166.77000427246094,170.39999389648438,70618900.0
2022-04-14,170.6199951171875,171.27000427246094,165.0399932861328,165.2899932861328,75329400.0
2022-04-18,163.9199981689453,166.60000610351562,163.57000732421875,165.07000732421875,69023900.0
2022-04-19,165.02000427246094,167.82000732421875,163.91000366210938,167.39999389648438,67723800.0
2022-04-20,168.75999450683594,168.8800048828125,166.10000610351562,167.22999572753906,67929800.0
2022-04-21,168.91000366210938,171.52999877929688,165.91000366210938,166.4199981689453,87227800.0
2022-04-22,166.4600067138672,167.8699951171875,161.5,161.7899932861328,84882400.0
2022-04-25,161.1199951171875,163.1699981689453,158.4600067138672,162.8800048828125,96046400.0
2022-04-26,162.25,162.33999633789062,156.72000122070312,156.8000030517578,95623200.0
2022-04-27,155.91000366210938,159.7899932861328,155.3800048828125,156.57000732421875,88063200.0
2022-04-28,159.25,164.52000427246094,158.92999267578125,163.63999938964844,130216800.0
2022-04-29,161.83999633789062,166.1999969482422,157.25,157.64999389648438,131747600.0
2022-05-02,156.7100067138672,158.22999572753906,153.27000427246094,157.9600067138672,123055300.0
2022-05-03,158.14999389648438,160.7100067138672,156.32000732421875,159.47999572753906,88966500.0
2022-05-04,159.6699981689453,166.47999572753906,159.25999450683594,166.02000427246094,108256500.0
2022-05-05,163.85000610351562,164.0800018310547,154.9499969482422,156.77000427246094,130525300.0
2022-05-06,156.00999450683594,159.44000244140625,154.17999267578125,157.27999877929688,116124600.0
2022-05-09,154.92999267578125,155.8300018310547,151.49000549316406,152.05999755859375,131577900.0
2022-05-10,155.52000427246094,156.74000549316406,152.92999267578125,154.50999450683594,115366700.0
2022-05-11,153.5,155.4499969482422,145.80999755859375,146.5,142689800.0
2022-05-12,142.77000427246094,146.1999969482422,138.8000030517578,142.55999755859375,182602000.0
2022-05-13,144.58999633789062,148.10000610351562,143.11000061035156,147.11000061035156,113990900.0
2022-05-16,145.5500030517578,147.52000427246094,144.17999267578125,145.5399932861328,86643800.0
2022-05-17,148.86000061035156,149.77000427246094,146.67999267578125,149.24000549316406,78336300.0
2022-05-18,146.85000610351562,147.36000061035156,139.89999389648438,140.82000732421875,109742900.0
2022-05-19,139.8800048828125,141.66000366210938,136.60000610351562,137.35000610351562,136095600.0
2022-05-20,139.08999633789062,140.6999969482422,132.61000061035156,137.58999633789062,137426100.0
2022-05-23,137.7899932861328,143.25999450683594,137.64999389648438,143.11000061035156,117726300.0
2022-05-24,140.80999755859375,141.97000122070312,137.3300018310547,140.36000061035156,104132700.0
2022-05-25,138.42999267578125,141.7899932861328,138.33999633789062,140.52000427246094,92482700.0
2022-05-26,137.38999938964844,144.33999633789062,137.13999938964844,143.77999877929688,90601500.0
2022-05-27,145.38999938964844,149.67999267578125,145.25999450683594,149.63999938964844,90978500.0
2022-05-31,149.07000732421875,150.66000366210938,146.83999633789062,148.83999633789062,103718400.0
2022-06-01,149.89999389648438,151.74000549316406,147.67999267578125,148.7100067138672,74286600.0
2022-06-02,147.8300018310547,151.27000427246094,146.86000061035156,151.2100067138672,72348100.0
2022-06-03,146.89999389648438,147.97000122070312,144.4600067138672,145.3800048828125,88570300.0
2022-06-06,147.02999877929688,148.57000732421875,144.89999389648438,146.13999938964844,71598400.0
2022-06-07,144.35000610351562,149.0,144.10000610351562,148.7100067138672,67808200.0
2022-06-08,148.5800018310547,149.8699951171875,147.4600067138672,147.9600067138672,53950200.0
2022-06-09,147.0800018310547,147.9499969482422,142.52999877929688,142.63999938964844,69473000.0
2022-06-10,140.27999877929688,140.75999450683594,137.05999755859375,137.1300048828125,91437900.0
2022-06-13,132.8699951171875,135.1999969482422,131.44000244140625,131.8800048828125,122207100.0
2022-06-14,133.1300048828125,133.88999938964844,131.47999572753906,132.75999450683594,84784300.0
2022-06-15,134.2899932861328,137.33999633789062,132.16000366210938,135.42999267578125,91533000.0
2022-06-16,132.0800018310547,132.38999938964844,129.0399932861328,130.05999755859375,108123900.0
2022-06-17,130.07000732421875,133.0800018310547,129.80999755859375,131.55999755859375,134520300.0
2022-06-21,133.4199981689453,137.05999755859375,133.32000732421875,135.8699951171875,81000500.0
2022-06-22,134.7899932861328,137.75999450683594,133.91000366210938,135.35000610351562,73409200.0
2022-06-23,136.82000732421875,138.58999633789062,135.6300048828125,138.27000427246094,72433800.0
2022-06-24,139.89999389648438,141.91000366210938,139.77000427246094,141.66000366210938,89116800.0
2022-06-27,142.6999969482422,143.49000549316406,140.97000122070312,141.66000366210938,70207900.0
2022-06-28,142.1300048828125,143.4199981689453,137.32000732421875,137.44000244140625,67083400.0
2022-06-29,137.4600067138672,140.6699981689453,136.6699981689453,139.22999572753906,66242400.0
2022-06-30,137.25,138.3699951171875,133.77000427246094,136.72000122070312,98964500.0
2022-07-01,136.0399932861328,139.0399932861328,135.66000366210938,138.92999267578125,71051600.0
2022-07-05,137.77000427246094,141.61000061035156,136.92999267578125,141.55999755859375,73353800.0
2022-07-06,141.35000610351562,144.1199951171875,141.0800018310547,142.9199981689453,74064300.0
2022-07-07,143.2899932861328,146.5500030517578,143.27999877929688,146.35000610351562,66253700.0
2022-07-08,145.25999450683594,147.5500030517578,145.0,147.0399932861328,64547800.0
2022-07-11,145.6699981689453,146.63999938964844,143.77999877929688,144.8699951171875,63141600.0
2022-07-12,145.75999450683594,148.4499969482422,145.0500030517578,145.86000061035156,77588800.0
2022-07-13,142.99000549316406,146.4499969482422,142.1199951171875,145.49000549316406,71185600.0
2022-07-14,144.0800018310547,148.9499969482422,143.25,148.47000122070312,78140700.0
2022-07-15,149.77999877929688,150.86000061035156,148.1999969482422,150.1699981689453,76259900.0
2022-07-18,150.74000549316406,151.57000732421875,146.6999969482422,147.07000732421875,81420900.0
2022-07-19,147.9199981689453,151.22999572753906,146.91000366210938,151.0,82982400.0
2022-07-20,151.1199951171875,153.72000122070312,150.3699951171875,153.0399932861328,64823400.0
2022-07-21,154.5,155.57000732421875,151.94000244140625,155.35000610351562,65086600.0
2022-07-22,155.38999938964844,156.27999877929688,153.41000366210938,154.08999633789062,66675400.0
2022-07-25,154.00999450683594,155.0399932861328,152.27999877929688,152.9499969482422,53623900.0
2022-07-26,152.25999450683594,153.08999633789062,150.8000030517578,151.60000610351562,55138700.0
2022-07-27,152.5800018310547,157.3300018310547,152.16000366210938,156.7899932861328,78620700.0
2022-07-28,156.97999572753906,157.63999938964844,154.41000366210938,157.35000610351562,81378700.0
2022-07-29,161.24000549316406,163.6300048828125,159.5,162.50999450683594,101786900.0
2022-08-01,161.00999450683594,163.58999633789062,160.88999938964844,161.50999450683594,67829400.0
2022-08-02,160.10000610351562,162.41000366210938,159.6300048828125,160.00999450683594,59907000.0
2022-08-03,160.83999633789062,166.58999633789062,160.75,166.1300048828125,82507500.0
2022-08-04,166.00999450683594,167.19000244140625,164.42999267578125,165.80999755859375,55474100.0
2022-08-05,163.2100067138672,165.85000610351562,163.0,165.35000610351562,56697000.0
2022-08-08,166.3699951171875,167.80999755859375,164.1999969482422,164.8699951171875,60276900.0
2022-08-09,164.02000427246094,165.82000732421875,163.25,164.9199981689453,63135500.0
2022-08-10,167.67999267578125,169.33999633789062,166.89999389648438,169.24000549316406,70170500.0
2022-08-11,170.05999755859375,170.99000549316406,168.19000244140625,168.49000549316406,57149200.0
2022-08-12,169.82000732421875,172.1699981689453,169.39999389648438,172.10000610351562,68039400.0
2022-08-15,171.52000427246094,173.38999938964844,171.35000610351562,173.19000244140625,54091700.0
2022-08-16,172.77999877929688,173.7100067138672,171.66000366210938,173.02999877929688,56377100.0
2022-08-17,172.77000427246094,176.14999389648438,172.57000732421875,174.5500030517578,79542000.0
2022-08-18,173.75,174.89999389648438,173.1199951171875,174.14999389648438,62290100.0
2022-08-19,173.02999877929688,173.74000549316406,171.30999755859375,171.52000427246094,70346300.0
2022-08-22,169.69000244140625,169.86000061035156,167.13999938964844,167.57000732421875,69026800.0
2022-08-23,167.0800018310547,168.7100067138672,166.64999389648438,167.22999572753906,54147100.0
2022-08-24,167.32000732421875,168.11000061035156,166.25,167.52999877929688,53841500.0
2022-08-25,168.77999877929688,170.13999938964844,168.35000610351562,170.02999877929688,51218200.0
2022-08-26,170.57000732421875,171.0500030517578,163.55999755859375,163.6199951171875,78961000.0
2022-08-29,161.14999389648438,162.89999389648438,159.82000732421875,161.3800048828125,73314000.0
2022-08-30,162.1300048828125,162.55999755859375,157.72000122070312,158.91000366210938,77906200.0
2022-08-31,160.30999755859375,160.5800018310547,157.13999938964844,157.22000122070312,87991100.0
2022-09-01,156.63999938964844,158.4199981689453,154.6699981689453,157.9600067138672,74229900.0
2022-09-02,159.75,160.36000061035156,154.97000122070312,155.80999755859375,76957800.0
2022-09-06,156.47000122070312,157.08999633789062,153.69000244140625,154.52999877929688,73714800.0
2022-09-07,154.82000732421875,156.6699981689453,153.61000061035156,155.9600067138672,87449600.0
2022-09-08,154.63999938964844,156.36000061035156,152.67999267578125,154.4600067138672,84923800.0
2022-09-09,155.47000122070312,157.82000732421875,154.75,157.3699951171875,68028800.0
2022-09-12,159.58999633789062,164.25999450683594,159.3000030517578,163.42999267578125,104956000.0
2022-09-13,159.89999389648438,160.5399932861328,153.3699951171875,153.83999633789062,122656600.0
2022-09-14,154.7899932861328,157.10000610351562,153.61000061035156,155.30999755859375,87965400.0
2022-09-15,154.64999389648438,155.24000549316406,151.3800048828125,152.3699951171875,90481100.0
2022-09-16,151.2100067138672,151.35000610351562,148.3699951171875,150.6999969482422,162278800.0
2022-09-19,149.30999755859375,154.55999755859375,149.10000610351562,154.47999572753906,81474200.0
2022-09-20,153.39999389648438,158.0800018310547,153.0800018310547,156.89999389648438,107689800.0
2022-09-21,157.33999633789062,158.74000549316406,153.60000610351562,153.72000122070312,101696800.0
2022-09-22,152.3800048828125,154.47000122070312,150.91000366210938,152.74000549316406,86652500.0
2022-09-23,151.19000244140625,151.47000122070312,148.55999755859375,150.42999267578125,96029900.0
2022-09-26,149.66000366210938,153.77000427246094,149.63999938964844,150.77000427246094,93339400.0
2022-09-27,152.74000549316406,154.72000122070312,149.9499969482422,151.75999450683594,84442700.0
2022-09-28,147.63999938964844,150.63999938964844,144.83999633789062,149.83999633789062,146691400.0
2022-09-29,146.10000610351562,146.72000122070312,140.67999267578125,142.47999572753906,128138200.0
2022-09-30,141.27999877929688,143.10000610351562,138.0,138.1999969482422,124925300.0
2022-10-03,138.2100067138672,143.07000732421875,137.69000244140625,142.4499969482422,114311700.0
2022-10-04,145.02999877929688,146.22000122070312,144.25999450683594,146.10000610351562,87830100.0
2022-10-05,144.07000732421875,147.3800048828125,143.00999450683594,146.39999389648438,79471000.0
2022-10-06,145.80999755859375,147.5399932861328,145.22000122070312,145.42999267578125,68402200.0
2022-10-07,142.5399932861328,143.10000610351562,139.4499969482422,140.08999633789062,85925600.0
2022-10-10,140.4199981689453,141.88999938964844,138.57000732421875,140.4199981689453,74899000.0
2022-10-11,139.89999389648438,141.35000610351562,138.22000122070312,138.97999572753906,77033700.0
2022-10-12,139.1300048828125,140.36000061035156,138.16000366210938,138.33999633789062,70433700.0
2022-10-13,134.99000549316406,143.58999633789062,134.3699951171875,142.99000549316406,113224000.0
2022-10-14,144.30999755859375,144.52000427246094,138.19000244140625,138.3800048828125,88598000.0
2022-10-17,141.07000732421875,142.89999389648438,140.27000427246094,142.41000366210938,85250900.0
2022-10-18,145.49000549316406,146.6999969482422,140.61000061035156,143.75,99136600.0
2022-10-19,141.69000244140625,144.9499969482422,141.5,143.86000061035156,61758300.0
2022-10-20,143.02000427246094,145.88999938964844,142.64999389648438,143.38999938964844,64522000.0
2022-10-21,142.8699951171875,147.85000610351562,142.64999389648438,147.27000427246094,86548600.0
2022-10-24,147.19000244140625,150.22999572753906,146.0,149.4499969482422,75981900.0
2022-10-25,150.08999633789062,152.49000549316406,149.36000061035156,152.33999633789062,74732300.0
2022-10-26,150.9600067138672,151.99000549316406,148.0399932861328,149.35000610351562,88194300.0
2022-10-27,148.07000732421875,149.0500030517578,144.1300048828125,144.8000030517578,109180200.0
2022-10-28,148.1999969482422,157.5,147.82000732421875,155.74000549316406,164762400.0
2022-10-31,153.16000366210938,154.24000549316406,151.9199981689453,153.33999633789062,97943200.0
2022-11-01,155.0800018310547,155.4499969482422,149.1300048828125,150.64999389648438,80379300.0
2022-11-02,148.9499969482422,152.1699981689453,145.0,145.02999877929688,93604600.0
2022-11-03,142.05999755859375,142.8000030517578,138.75,138.8800048828125,97918500.0
2022-11-04,142.08999633789062,142.6699981689453,134.3800048828125,138.3800048828125,140814800.0
2022-11-07,137.11000061035156,139.14999389648438,135.6699981689453,138.9199981689453,83374600.0
2022-11-08,140.41000366210938,141.42999267578125,137.49000549316406,139.5,89908500.0
2022-11-09,138.5,138.5500030517578,134.58999633789062,134.8699951171875,74917800.0
2022-11-10,141.24000549316406,146.8699951171875,139.5,146.8699951171875,118854000.0
2022-11-11,145.82000732421875,150.00999450683594,144.3699951171875,149.6999969482422,93979700.0
2022-11-14,148.97000122070312,150.27999877929688,147.42999267578125,148.27999877929688,73374100.0
2022-11-15,152.22000122070312,153.58999633789062,148.55999755859375,150.0399932861328,89868300.0
2022-11-16,149.1300048828125,149.8699951171875,147.2899932861328,148.7899932861328,64218300.0
2022-11-17,146.42999267578125,151.47999572753906,146.14999389648438,150.72000122070312,80389400.0
2022-11-18,152.30999755859375,152.6999969482422,149.97000122070312,151.2899932861328,74829600.0
2022-11-21,150.16000366210938,150.3699951171875,147.72000122070312,148.00999450683594,58724100.0
2022-11-22,148.1300048828125,150.4199981689453,146.92999267578125,150.17999267578125,51804100.0
2022-11-23,149.4499969482422,151.8300018310547,149.33999633789062,151.07000732421875,58301400.0
2022-11-25,148.30999755859375,148.8800048828125,147.1199951171875,148.11000061035156,35195900.0
2022-11-28,145.13999938964844,146.63999938964844,143.3800048828125,144.22000122070312,69246000.0
2022-11-29,144.2899932861328,144.80999755859375,140.35000610351562,141.1699981689453,83763800.0
2022-11-30,141.39999389648438,148.72000122070312,140.5500030517578,148.02999877929688,111380900.0
2022-12-01,148.2100067138672,149.1300048828125,146.61000061035156,148.30999755859375,71250400.0
2022-12-02,145.9600067138672,148.0,145.64999389648438,147.80999755859375,65447400.0
2022-12-05,147.77000427246094,150.9199981689453,145.77000427246094,146.6300048828125,68826400.0
2022-12-06,147.07000732421875,147.3000030517578,141.9199981689453,142.91000366210938,64727200.0
2022-12-07,142.19000244140625,143.3699951171875,140.0,140.94000244140625,69721100.0
2022-12-08,142.36000061035156,143.52000427246094,141.10000610351562,142.64999389648438,62128300.0
2022-12-09,142.33999633789062,145.57000732421875,140.89999389648438,142.16000366210938,76097000.0
2022-12-12,142.6999969482422,144.5,141.05999755859375,144.49000549316406,70462700.0
2022-12-13,149.5,149.97000122070312,144.24000549316406,145.47000122070312,93886200.0
2022-12-14,145.35000610351562,146.66000366210938,141.16000366210938,143.2100067138672,82291200.0
2022-12-15,141.11000061035156,141.8000030517578,136.02999877929688,136.5,98931900.0
2022-12-16,136.69000244140625,137.64999389648438,133.72999572753906,134.50999450683594,160156900.0
2022-12-19,135.11000061035156,135.1999969482422,131.32000732421875,132.3699951171875,79592600.0
2022-12-20,131.38999938964844,133.25,129.88999938964844,132.3000030517578,77432800.0
2022-12-21,132.97999572753906,136.80999755859375,132.75,135.4499969482422,85928000.0
2022-12-22,134.35000610351562,134.55999755859375,130.3000030517578,132.22999572753906,77852100.0
2022-12-23,130.9199981689453,132.4199981689453,129.63999938964844,131.86000061035156,63814900.0
2022-12-27,131.3800048828125,131.41000366210938,128.72000122070312,130.02999877929688,69007800.0
2022-12-28,129.6699981689453,131.02999877929688,125.87000274658205,126.04000091552734,85438400.0
2022-12-29,127.98999786376952,130.47999572753906,127.7300033569336,129.61000061035156,75703700.0
2022-12-30,128.41000366210938,129.9499969482422,127.43000030517578,129.92999267578125,77034200.0
2023-01-03,130.27999877929688,130.89999389648438,124.16999816894533,125.06999969482422,112117500.0
2023-01-04,126.88999938964844,128.66000366210938,125.08000183105467,126.36000061035156,89113600.0
2023-01-05,127.12999725341795,127.7699966430664,124.76000213623048,125.0199966430664,80962700.0
2023-01-06,126.01000213623048,130.2899932861328,124.88999938964844,129.6199951171875,87754700.0
2023-01-09,130.47000122070312,133.41000366210938,129.88999938964844,130.14999389648438,70790800.0
2023-01-10,130.25999450683594,131.25999450683594,128.1199951171875,130.72999572753906,63896200.0
2023-01-11,131.25,133.50999450683594,130.4600067138672,133.49000549316406,69458900.0
2023-01-12,133.8800048828125,134.25999450683594,131.44000244140625,133.41000366210938,71379600.0
2023-01-13,132.02999877929688,134.9199981689453,131.66000366210938,134.75999450683594,57809700.0
2023-01-17,134.8300018310547,137.2899932861328,134.1300048828125,135.94000244140625,63646600.0
2023-01-18,136.82000732421875,138.61000061035156,135.02999877929688,135.2100067138672,69672800.0
2023-01-19,134.0800018310547,136.25,133.77000427246094,135.27000427246094,58280400.0
2023-01-20,135.27999877929688,138.02000427246094,134.22000122070312,137.8699951171875,80223600.0
2023-01-23,138.1199951171875,143.32000732421875,137.89999389648438,141.11000061035156,81760300.0
2023-01-24,140.30999755859375,143.16000366210938,140.3000030517578,142.52999877929688,66435100.0
2023-01-25,140.88999938964844,142.42999267578125,138.80999755859375,141.86000061035156,65799300.0
2023-01-26,143.1699981689453,144.25,141.89999389648438,143.9600067138672,54105100.0
2023-01-27,143.16000366210938,147.22999572753906,143.0800018310547,145.92999267578125,70555800.0
2023-01-30,144.9600067138672,145.5500030517578,142.85000610351562,143.0,64015300.0
2023-01-31,142.6999969482422,144.33999633789062,142.27999877929688,144.2899932861328,65874500.0
2023-02-01,143.97000122070312,146.61000061035156,141.32000732421875,145.42999267578125,77663600.0
2023-02-02,148.89999389648438,151.17999267578125,148.1699981689453,150.82000732421875,118339000.0
2023-02-03,148.02999877929688,157.3800048828125,147.8300018310547,154.5,154357300.0
2023-02-06,152.57000732421875,153.10000610351562,150.77999877929688,151.72999572753906,69858300.0
2023-02-07,150.63999938964844,155.22999572753906,150.63999938964844,154.64999389648438,83322600.0
2023-02-08,153.8800048828125,154.5800018310547,151.1699981689453,151.9199981689453,64120100.0
2023-02-09,153.77999877929688,154.3300018310547,150.4199981689453,150.8699951171875,56007100.0
2023-02-10,149.4600067138672,151.33999633789062,149.22000122070312,151.00999450683594,57450700.0
2023-02-13,150.9499969482422,154.25999450683594,150.9199981689453,153.85000610351562,62199000.0
2023-02-14,152.1199951171875,153.77000427246094,150.86000061035156,153.1999969482422,61707600.0
2023-02-15,153.11000061035156,155.5,152.8800048828125,155.3300018310547,65573800.0
2023-02-16,153.50999450683594,156.3300018310547,153.35000610351562,153.7100067138672,68167900.0
2023-02-17,152.35000610351562,153.0,150.85000610351562,152.5500030517578,59144100.0
2023-02-21,150.1999969482422,151.3000030517578,148.41000366210938,148.47999572753906,58867200.0
2023-02-22,148.8699951171875,149.9499969482422,147.16000366210938,148.91000366210938,51011300.0
2023-02-23,150.08999633789062,150.33999633789062,147.24000549316406,149.39999389648438,48394200.0
2023-02-24,147.11000061035156,147.19000244140625,145.72000122070312,146.7100067138672,55469600.0
2023-02-27,147.7100067138672,149.1699981689453,147.4499969482422,147.9199981689453,44998500.0
2023-02-28,147.0500030517578,149.0800018310547,146.8300018310547,147.41000366210938,50547000.0
2023-03-01,146.8300018310547,147.22999572753906,145.00999450683594,145.30999755859375,55479000.0
2023-03-02,144.3800048828125,146.7100067138672,143.89999389648438,145.91000366210938,52238100.0
2023-03-03,148.0399932861328,151.11000061035156,147.3300018310547,151.02999877929688,70732300.0
2023-03-06,153.7899932861328,156.3000030517578,153.4600067138672,153.8300018310547,87558000.0
2023-03-07,153.6999969482422,154.02999877929688,151.1300048828125,151.60000610351562,56182000.0
2023-03-08,152.80999755859375,153.47000122070312,151.8300018310547,152.8699951171875,47204800.0
2023-03-09,153.55999755859375,154.5399932861328,150.22999572753906,150.58999633789062,53833600.0
2023-03-10,150.2100067138672,150.94000244140625,147.61000061035156,148.5,68572400.0
2023-03-13,147.80999755859375,153.13999938964844,147.6999969482422,150.47000122070312,84457100.0
2023-03-14,151.27999877929688,153.39999389648438,150.10000610351562,152.58999633789062,73695900.0
2023-03-15,151.19000244140625,153.25,149.9199981689453,152.99000549316406,77167900.0
2023-03-16,152.16000366210938,156.4600067138672,151.63999938964844,155.85000610351562,76161100.0
2023-03-17,156.0800018310547,156.74000549316406,154.27999877929688,155.0,98944600.0
2023-03-20,155.07000732421875,157.82000732421875,154.14999389648438,157.39999389648438,73641400.0
2023-03-21,157.32000732421875,159.39999389648438,156.5399932861328,159.27999877929688,73938300.0
2023-03-22,159.3000030517578,162.13999938964844,157.80999755859375,157.8300018310547,75701800.0
2023-03-23,158.8300018310547,161.5500030517578,157.67999267578125,158.92999267578125,67622100.0
2023-03-24,158.86000061035156,160.33999633789062,157.85000610351562,160.25,59196500.0
2023-03-27,159.94000244140625,160.77000427246094,157.8699951171875,158.27999877929688,52390300.0
2023-03-28,157.97000122070312,158.49000549316406,155.97999572753906,157.64999389648438,45992200.0
2023-03-29,159.3699951171875,161.0500030517578,159.35000610351562,160.77000427246094,51305700.0
2023-03-30,161.52999877929688,162.47000122070312,161.27000427246094,162.36000061035156,49501700.0
2023-03-31,162.44000244140625,165.0,161.91000366210938,164.89999389648438,68749800.0
2023-04-03,164.27000427246094,166.2899932861328,164.22000122070312,166.1699981689453,56976200.0
2023-04-04,166.60000610351562,166.83999633789062,165.11000061035156,165.6300048828125,46278300.0
2023-04-05,164.74000549316406,165.0500030517578,161.8000030517578,163.75999450683594,51511700.0
2023-04-06,162.42999267578125,164.9600067138672,162.0,164.66000366210938,45390100.0
2023-04-10,161.4199981689453,162.02999877929688,160.0800018310547,162.02999877929688,47716900.0
2023-04-11,162.35000610351562,162.36000061035156,160.50999450683594,160.8000030517578,47644200.0
2023-04-12,161.22000122070312,162.05999755859375,159.77999877929688,160.10000610351562,50133100.0
2023-04-13,161.6300048828125,165.8000030517578,161.4199981689453,165.55999755859375,68445600.0
2023-04-14,164.58999633789062,166.32000732421875,163.82000732421875,165.2100067138672,49386500.0
2023-04-17,165.08999633789062,165.38999938964844,164.02999877929688,165.22999572753906,41516200.0
2023-04-18,166.10000610351562,167.41000366210938,165.64999389648438,166.47000122070312,49923000.0
2023-04-19,165.8000030517578,168.16000366210938,165.5399932861328,167.6300048828125,47720200.0
2023-04-20,166.08999633789062,167.8699951171875,165.55999755859375,166.64999389648438,52456400.0
2023-04-21,165.0500030517578,166.4499969482422,164.49000549316406,165.02000427246094,58337300.0
2023-04-24,165.0,165.60000610351562,163.88999938964844,165.3300018310547,41949600.0
2023-04-25,165.19000244140625,166.30999755859375,163.72999572753906,163.77000427246094,48714100.0
2023-04-26,163.05999755859375,165.27999877929688,162.8000030517578,163.75999450683594,45498800.0
2023-04-27,165.19000244140625,168.55999755859375,165.19000244140625,168.41000366210938,64902300.0
2023-04-28,168.49000549316406,169.85000610351562,167.8800048828125,169.67999267578125,55209200.0
2023-05-01,169.27999877929688,170.4499969482422,168.63999938964844,169.58999633789062,52472900.0
2023-05-02,170.08999633789062,170.35000610351562,167.5399932861328,168.5399932861328,48425700.0
2023-05-03,169.5,170.9199981689453,167.16000366210938,167.4499969482422,65136000.0
2023-05-04,164.88999938964844,167.0399932861328,164.30999755859375,165.7899932861328,81235400.0
2023-05-05,170.97999572753906,174.3000030517578,170.75999450683594,173.57000732421875,113316400.0
2023-05-08,172.47999572753906,173.85000610351562,172.11000061035156,173.5,55962800.0
2023-05-09,173.0500030517578,173.5399932861328,171.60000610351562,171.77000427246094,45326900.0
2023-05-10,173.02000427246094,174.02999877929688,171.89999389648438,173.55999755859375,53724500.0
2023-05-11,173.85000610351562,174.58999633789062,172.1699981689453,173.75,49514700.0
2023-05-12,173.6199951171875,174.05999755859375,171.0,172.57000732421875,45497800.0
2023-05-15,173.16000366210938,173.2100067138672,171.47000122070312,172.07000732421875,37266700.0
2023-05-16,171.99000549316406,173.13999938964844,171.8000030517578,172.07000732421875,42110300.0
2023-05-17,171.7100067138672,172.92999267578125,170.4199981689453,172.69000244140625,57951600.0
2023-05-18,173.0,175.24000549316406,172.5800018310547,175.0500030517578,65496700.0
2023-05-19,176.38999938964844,176.38999938964844,174.94000244140625,175.16000366210938,55772400.0
2023-05-22,173.97999572753906,174.7100067138672,173.4499969482422,174.1999969482422,43570900.0
2023-05-23,173.1300048828125,173.3800048828125,171.27999877929688,171.55999755859375,50747300.0
2023-05-24,171.08999633789062,172.4199981689453,170.52000427246094,171.83999633789062,45143500.0
2023-05-25,172.41000366210938,173.89999389648438,171.69000244140625,172.99000549316406,56058300.0
2023-05-26,173.32000732421875,175.77000427246094,173.11000061035156,175.42999267578125,54835000.0
2023-05-30,176.9600067138672,178.99000549316406,176.57000732421875,177.3000030517578,55964400.0
2023-05-31,177.3300018310547,179.35000610351562,176.75999450683594,177.25,99625300.0
2023-06-01,177.6999969482422,180.1199951171875,176.92999267578125,180.08999633789062,68901800.0
2023-06-02,181.02999877929688,181.77999877929688,179.25999450683594,180.9499969482422,61945900.0
2023-06-05,182.6300048828125,184.9499969482422,178.0399932861328,179.5800018310547,121946500.0
2023-06-06,179.97000122070312,180.1199951171875,177.42999267578125,179.2100067138672,64848400.0
2023-06-07,178.44000244140625,181.2100067138672,177.32000732421875,177.82000732421875,61944600.0
2023-06-08,177.89999389648438,180.83999633789065,177.4600067138672,180.57000732421875,50214900.0
2023-06-09,181.5,182.22999572753903,180.6300048828125,180.9600067138672,48870700.0
2023-06-12,181.2700042724609,183.88999938964844,180.97000122070312,183.7899932861328,54274900.0
2023-06-13,182.8000030517578,184.1499938964844,182.44000244140625,183.30999755859372,54929100.0
2023-06-14,183.3699951171875,184.38999938964844,182.0200042724609,183.9499969482422,57462900.0
2023-06-15,183.9600067138672,186.5200042724609,183.77999877929688,186.00999450683597,65433200.0
2023-06-16,186.72999572753903,186.9900054931641,184.2700042724609,184.9199981689453,101235600.0
2023-06-20,184.41000366210935,186.1000061035156,184.41000366210935,185.00999450683597,49799100.0
2023-06-21,184.8999938964844,185.41000366210935,182.58999633789065,183.9600067138672,49515700.0
2023-06-22,183.7400054931641,187.0500030517578,183.6699981689453,187.0,51245300.0
2023-06-23,185.5500030517578,187.55999755859372,185.00999450683597,186.67999267578125,53079300.0
2023-06-26,186.8300018310547,188.0500030517578,185.22999572753903,185.2700042724609,48088700.0
2023-06-27,185.88999938964844,188.38999938964844,185.6699981689453,188.05999755859372,50730800.0
2023-06-28,187.92999267578125,189.8999938964844,187.6000061035156,189.25,51216800.0
2023-06-29,189.0800018310547,190.07000732421875,188.94000244140625,189.58999633789065,46347300.0
2023-06-30,191.6300048828125,194.47999572753903,191.25999450683597,193.97000122070312,85069600.0
2023-07-03,193.77999877929688,193.8800048828125,191.75999450683597,192.4600067138672,31458200.0
2023-07-05,191.57000732421875,192.97999572753903,190.6199951171875,191.3300018310547,46920300.0
2023-07-06,189.83999633789065,192.0200042724609,189.1999969482422,191.80999755859372,45094300.0
2023-07-07,191.41000366210935,192.6699981689453,190.2400054931641,190.67999267578125,46778000.0
2023-07-10,189.25999450683597,189.9900054931641,187.0399932861328,188.6100006103516,59922200.0
2023-07-11,189.16000366210935,189.3000030517578,186.6000061035156,188.0800018310547,46638100.0
2023-07-12,189.67999267578125,191.6999969482422,188.47000122070312,189.7700042724609,60750200.0
2023-07-13,190.5,191.19000244140625,189.77999877929688,190.5399932861328,41342300.0
2023-07-14,190.22999572753903,191.17999267578125,189.6300048828125,190.69000244140625,41573900.0
2023-07-17,191.8999938964844,194.32000732421875,191.80999755859372,193.9900054931641,50520200.0
2023-07-18,193.3500061035156,194.3300018310547,192.4199981689453,193.72999572753903,48353800.0
2023-07-19,193.1000061035156,198.22999572753903,192.6499938964844,195.1000061035156,80507300.0
2023-07-20,195.08999633789065,196.47000122070312,192.5,193.1300048828125,59581200.0
2023-07-21,194.1000061035156,194.97000122070312,191.22999572753903,191.94000244140625,71917800.0
2023-07-24,193.41000366210935,194.91000366210935,192.25,192.75,45377800.0
2023-07-25,193.3300018310547,194.44000244140625,192.9199981689453,193.6199951171875,37283200.0
2023-07-26,193.6699981689453,195.63999938964844,193.32000732421875,194.5,47471900.0
2023-07-27,196.0200042724609,197.1999969482422,192.5500030517578,193.22000122070312,47460200.0
2023-07-28,194.6699981689453,196.6300048828125,194.13999938964844,195.8300018310547,48291400.0
2023-07-31,196.05999755859372,196.4900054931641,195.25999450683597,196.4499969482422,38824100.0
2023-08-01,196.2400054931641,196.72999572753903,195.27999877929688,195.6100006103516,35175100.0
2023-08-02,195.0399932861328,195.17999267578125,191.8500061035156,192.5800018310547,50389300.0
2023-08-03,191.57000732421875,192.3699951171875,190.69000244140625,191.1699981689453,61235200.0
2023-08-04,185.5200042724609,187.3800048828125,181.9199981689453,181.9900054931641,115799700.0
2023-08-07,182.1300048828125,183.1300048828125,177.35000610351562,178.85000610351562,97576100.0
2023-08-08,179.69000244140625,180.2700042724609,177.5800018310547,179.8000030517578,67823000.0
2023-08-09,180.8699951171875,180.92999267578125,177.00999450683594,178.19000244140625,60378500.0
2023-08-10,179.47999572753906,180.75,177.60000610351562,177.97000122070312,54686900.0
2023-08-11,177.32000732421875,178.6199951171875,176.5500030517578,177.7899932861328,51988100.0
2023-08-14,177.97000122070312,179.69000244140625,177.30999755859375,179.4600067138672,43675600.0
2023-08-15,178.8800048828125,179.47999572753906,177.0500030517578,177.4499969482422,43622600.0
2023-08-16,177.1300048828125,178.5399932861328,176.5,176.57000732421875,46964900.0
2023-08-17,177.13999938964844,177.50999450683594,173.47999572753906,174.0,66062900.0
2023-08-18,172.3000030517578,175.10000610351562,171.9600067138672,174.49000549316406,61114200.0
2023-08-21,175.07000732421875,176.1300048828125,173.74000549316406,175.83999633789062,46311900.0
2023-08-22,177.05999755859375,177.67999267578125,176.25,177.22999572753906,42084200.0
2023-08-23,178.52000427246094,181.5500030517578,178.3300018310547,181.1199951171875,52722800.0
2023-08-24,180.6699981689453,181.1000061035156,176.00999450683594,176.3800048828125,54945800.0
2023-08-25,177.3800048828125,179.14999389648438,175.82000732421875,178.61000061035156,51449600.0
2023-08-28,180.08999633789062,180.58999633789065,178.5500030517578,180.19000244140625,43820700.0
2023-08-29,179.6999969482422,184.8999938964844,179.5,184.1199951171875,53003900.0
2023-08-30,184.94000244140625,187.8500061035156,184.7400054931641,187.6499938964844,60813900.0
2023-08-31,187.83999633789065,189.1199951171875,187.47999572753903,187.8699951171875,60794500.0
2023-09-01,189.4900054931641,189.9199981689453,188.27999877929688,189.4600067138672,45732600.0
2023-09-05,188.27999877929688,189.97999572753903,187.6100006103516,189.6999969482422,45280000.0
2023-09-06,188.3999938964844,188.8500061035156,181.47000122070312,182.91000366210935,81755800.0
2023-09-07,175.17999267578125,178.2100067138672,173.5399932861328,177.55999755859375,112488800.0
2023-09-08,178.35000610351562,180.2400054931641,177.7899932861328,178.17999267578125,65551300.0
2023-09-11,180.07000732421875,180.3000030517578,177.33999633789062,179.36000061035156,58953100.0
2023-09-12,179.49000549316406,180.1300048828125,174.82000732421875,176.3000030517578,90370200.0
2023-09-13,176.50999450683594,177.3000030517578,173.97999572753906,174.2100067138672,84267900.0
2023-09-14,174.0,176.10000610351562,173.5800018310547,175.74000549316406,60895800.0
2023-09-15,176.47999572753906,176.5,173.82000732421875,175.00999450683594,109205100.0
2023-09-18,176.47999572753906,179.3800048828125,176.1699981689453,177.97000122070312,67257600.0
2023-09-19,177.52000427246094,179.6300048828125,177.1300048828125,179.07000732421875,51826900.0
2023-09-20,179.25999450683594,179.6999969482422,175.39999389648438,175.49000549316406,58436200.0
2023-09-21,174.5500030517578,176.3000030517578,173.86000061035156,173.92999267578125,63047900.0
2023-09-22,174.6699981689453,177.0800018310547,174.0500030517578,174.7899932861328,56725400.0
2023-09-25,174.1999969482422,176.97000122070312,174.14999389648438,176.0800018310547,46172700.0
2023-09-26,174.82000732421875,175.1999969482422,171.66000366210938,171.9600067138672,64588900.0
2023-09-27,172.6199951171875,173.0399932861328,169.0500030517578,170.42999267578125,66921800.0
2023-09-28,169.33999633789062,172.02999877929688,167.6199951171875,170.69000244140625,56294400.0
2023-09-29,172.02000427246094,173.07000732421875,170.33999633789062,171.2100067138672,51814200.0
2023-10-02,171.22000122070312,174.3000030517578,170.92999267578125,173.75,52164500.0
2023-10-03,172.25999450683594,173.6300048828125,170.82000732421875,172.39999389648438,49594600.0
2023-10-04,171.08999633789062,174.2100067138672,170.97000122070312,173.66000366210938,53020300.0
2023-10-05,173.7899932861328,175.4499969482422,172.67999267578125,174.91000366210938,48527900.0
2023-10-06,173.8000030517578,177.99000549316406,173.17999267578125,177.49000549316406,57224100.0
2023-10-09,176.80999755859375,179.0500030517578,175.8000030517578,178.99000549316406,42390800.0
2023-10-10,178.10000610351562,179.72000122070312,177.9499969482422,178.38999938964844,43698000.0
2023-10-11,178.1999969482422,179.85000610351562,177.60000610351562,179.8000030517578,47551100.0
2023-10-12,180.07000732421875,182.33999633789065,179.0399932861328,180.7100067138672,56743100.0
2023-10-13,181.4199981689453,181.92999267578125,178.13999938964844,178.85000610351562,51427100.0
2023-10-16,176.75,179.0800018310547,176.50999450683594,178.72000122070312,52517000.0
2023-10-17,176.64999389648438,178.4199981689453,174.8000030517578,177.14999389648438,57549400.0
2023-10-18,175.5800018310547,177.5800018310547,175.11000061035156,175.83999633789062,54764400.0
2023-10-19,176.0399932861328,177.83999633789062,175.19000244140625,175.4600067138672,59302900.0
2023-10-20,175.30999755859375,175.4199981689453,172.63999938964844,172.8800048828125,64189300.0
2023-10-23,170.91000366210938,174.00999450683594,169.92999267578125,173.0,55980100.0
2023-10-24,173.0500030517578,173.6699981689453,171.4499969482422,173.44000244140625,43816600.0
2023-10-25,171.8800048828125,173.05999755859375,170.64999389648438,171.10000610351562,57157000.0
2023-10-26,170.3699951171875,171.3800048828125,165.6699981689453,166.88999938964844,70625300.0
2023-10-27,166.91000366210938,168.9600067138672,166.8300018310547,168.22000122070312,58499100.0
2023-10-30,169.02000427246094,171.1699981689453,168.8699951171875,170.2899932861328,51131000.0
2023-10-31,169.35000610351562,170.89999389648438,167.89999389648438,170.77000427246094,44846000.0
2023-11-01,171.0,174.22999572753906,170.1199951171875,173.97000122070312,56934900.0
2023-11-02,175.52000427246094,177.77999877929688,175.4600067138672,177.57000732421875,77334800.0
2023-11-03,174.24000549316406,176.82000732421875,173.35000610351562,176.64999389648438,79763700.0
2023-11-06,176.3800048828125,179.42999267578125,176.2100067138672,179.22999572753906,63841300.0
2023-11-07,179.17999267578125,182.44000244140625,178.97000122070312,181.82000732421875,70530000.0
2023-11-08,182.3500061035156,183.4499969482422,181.58999633789065,182.88999938964844,49340300.0
2023-11-09,182.9600067138672,184.1199951171875,181.80999755859372,182.41000366210935,53763500.0
2023-11-10,183.97000122070312,186.57000732421875,183.52999877929688,186.3999938964844,66133400.0
2023-11-13,185.82000732421875,186.02999877929688,184.2100067138672,184.8000030517578,43627500.0
2023-11-14,187.6999969482422,188.1100006103516,186.3000030517578,187.44000244140625,60108400.0
2023-11-15,187.8500061035156,189.5,187.77999877929688,188.00999450683597,53790500.0
2023-11-16,189.57000732421875,190.9600067138672,188.6499938964844,189.7100067138672,54412900.0
2023-11-17,190.25,190.3800048828125,188.57000732421875,189.69000244140625,50922700.0
2023-11-20,189.88999938964844,191.91000366210935,189.8800048828125,191.4499969482422,46505100.0
2023-11-21,191.41000366210935,191.5200042724609,189.7400054931641,190.63999938964844,38134500.0
2023-11-22,191.4900054931641,192.92999267578125,190.8300018310547,191.30999755859372,39617700.0
2023-11-24,190.8699951171875,190.8999938964844,189.25,189.97000122070312,24048300.0
2023-11-27,189.9199981689453,190.6699981689453,188.8999938964844,189.7899932861328,40552600.0
2023-11-28,189.77999877929688,191.0800018310547,189.3999938964844,190.3999938964844,38415400.0
2023-11-29,190.8999938964844,192.08999633789065,188.97000122070312,189.3699951171875,43014200.0
2023-11-30,189.83999633789065,190.32000732421875,188.19000244140625,189.9499969482422,48794400.0
2023-12-01,190.3300018310547,191.55999755859372,189.22999572753903,191.2400054931641,45679300.0
2023-12-04,189.97999572753903,190.0500030517578,187.4499969482422,189.42999267578125,43389500.0
2023-12-05,190.2100067138672,194.3999938964844,190.17999267578125,193.4199981689453,66628400.0
2023-12-06,194.4499969482422,194.75999450683597,192.1100006103516,192.32000732421875,41089700.0
2023-12-07,193.6300048828125,195.0,193.58999633789065,194.2700042724609,47477700.0
2023-12-08,194.1999969482422,195.9900054931641,193.6699981689453,195.7100067138672,53377300.0
2023-12-11,193.1100006103516,193.4900054931641,191.4199981689453,193.17999267578125,60943700.0
2023-12-12,193.0800018310547,194.72000122070312,191.72000122070312,194.7100067138672,52696900.0
2023-12-13,195.08999633789065,198.0,194.8500061035156,197.9600067138672,70404200.0
2023-12-14,198.0200042724609,199.6199951171875,196.16000366210935,198.1100006103516,66831600.0
2023-12-15,197.52999877929688,198.3999938964844,197.0,197.57000732421875,128256700.0
2023-12-18,196.08999633789065,196.6300048828125,194.38999938964844,195.88999938964844,55751900.0
2023-12-19,196.16000366210935,196.9499969482422,195.88999938964844,196.94000244140625,40714100.0
2023-12-20,196.8999938964844,197.67999267578125,194.8300018310547,194.8300018310547,52242800.0
2023-12-21,196.1000061035156,197.0800018310547,193.5,194.67999267578125,46482500.0
2023-12-22,195.17999267578125,195.41000366210935,192.97000122070312,193.6000061035156,37122800.0
2023-12-26,193.6100006103516,193.88999938964844,192.8300018310547,193.0500030517578,28919300.0
2023-12-27,192.4900054931641,193.5,191.08999633789065,193.1499938964844,48087700.0
2023-12-28,194.13999938964844,194.66000366210935,193.1699981689453,193.5800018310547,34049900.0
2023-12-29,193.8999938964844,194.3999938964844,191.72999572753903,192.52999877929688,42628800.0
2024-01-02,187.1499938964844,188.44000244140625,183.88999938964844,185.63999938964844,82488700.0
2024-01-03,184.22000122070312,185.8800048828125,183.42999267578125,184.25,58414500.0
2024-01-04,182.1499938964844,183.08999633789065,180.8800048828125,181.91000366210935,71983600.0
2024-01-05,181.9900054931641,182.75999450683597,180.1699981689453,181.17999267578125,62303300.0
2024-01-08,182.08999633789065,185.6000061035156,181.5,185.55999755859372,59144500.0
2024-01-09,183.9199981689453,185.1499938964844,182.72999572753903,185.13999938964844,42841800.0
2024-01-10,184.3500061035156,186.3999938964844,183.9199981689453,186.19000244140625,46792900.0
2024-01-11,186.5399932861328,187.0500030517578,183.6199951171875,185.58999633789065,49128400.0
2024-01-12,186.05999755859372,186.7400054931641,185.19000244140625,185.9199981689453,40444700.0
2024-01-16,182.16000366210935,184.25999450683597,180.92999267578125,183.6300048828125,65603000.0
2024-01-17,181.2700042724609,182.92999267578125,180.3000030517578,182.67999267578125,47317400.0
2024-01-18,186.08999633789065,189.13999938964844,185.8300018310547,188.6300048828125,78005800.0
2024-01-19,189.3300018310547,191.9499969482422,188.82000732421875,191.55999755859372,68741000.0
2024-01-22,192.3000030517578,195.3300018310547,192.25999450683597,193.88999938964844,60133900.0
2024-01-23,195.0200042724609,195.75,193.8300018310547,195.17999267578125,42355600.0
2024-01-24,195.4199981689453,196.3800048828125,194.33999633789065,194.5,53631300.0
2024-01-25,195.22000122070312,196.2700042724609,193.1100006103516,194.1699981689453,54822100.0
2024-01-26,194.2700042724609,194.75999450683597,191.94000244140625,192.4199981689453,44594000.0
2024-01-29,192.00999450683597,192.1999969482422,189.5800018310547,191.72999572753903,47145600.0
2024-01-30,190.94000244140625,191.8000030517578,187.47000122070312,188.0399932861328,55859400.0
2024-01-31,187.0399932861328,187.1000061035156,184.3500061035156,184.3999938964844,55467800.0
2024-02-01,183.9900054931641,186.9499969482422,183.82000732421875,186.8600006103516,64885400.0
2024-02-02,179.86000061035156,187.3300018310547,179.25,185.8500061035156,102518000.0
2024-02-05,188.1499938964844,189.25,185.83999633789065,187.67999267578125,69668800.0
2024-02-06,186.8600006103516,189.30999755859372,186.7700042724609,189.3000030517578,43490800.0
2024-02-07,190.63999938964844,191.0500030517578,188.6100006103516,189.41000366210935,53439000.0
2024-02-08,189.38999938964844,189.5399932861328,187.3500061035156,188.32000732421875,40962000.0
2024-02-09,188.6499938964844,189.9900054931641,188.0,188.8500061035156,45155200.0
2024-02-12,188.4199981689453,188.6699981689453,186.7899932861328,187.1499938964844,41781900.0
2024-02-13,185.7700042724609,186.2100067138672,183.50999450683597,185.0399932861328,56529500.0
2024-02-14,185.32000732421875,185.52999877929688,182.44000244140625,184.1499938964844,54630500.0
2024-02-15,183.5500030517578,184.4900054931641,181.3500061035156,183.8600006103516,65434500.0
2024-02-16,183.4199981689453,184.8500061035156,181.6699981689453,182.30999755859372,49701400.0
2024-02-20,181.7899932861328,182.42999267578125,180.0,181.55999755859372,53665600.0
2024-02-21,181.94000244140625,182.88999938964844,180.66000366210935,182.32000732421875,41529700.0
2024-02-22,183.47999572753903,184.9600067138672,182.4600067138672,184.3699951171875,52292200.0
2024-02-23,185.00999450683597,185.0399932861328,182.22999572753903,182.5200042724609,45119700.0
2024-02-26,182.2400054931641,182.75999450683597,180.6499938964844,181.16000366210935,40867400.0
2024-02-27,181.1000061035156,183.9199981689453,179.55999755859375,182.6300048828125,54318900.0
2024-02-28,182.50999450683597,183.1199951171875,180.1300048828125,181.4199981689453,48953900.0
2024-02-29,181.2700042724609,182.57000732421875,179.52999877929688,180.75,136682600.0
2024-03-01,179.5500030517578,180.52999877929688,177.3800048828125,179.66000366210938,73488000.0
2024-03-04,176.14999389648438,176.89999389648438,173.7899932861328,175.10000610351562,81510100.0
2024-03-05,170.75999450683594,172.0399932861328,169.6199951171875,170.1199951171875,95132400.0
2024-03-06,171.05999755859375,171.24000549316406,168.67999267578125,169.1199951171875,68587700.0
2024-03-07,169.14999389648438,170.72999572753906,168.49000549316406,169.0,71765100.0
2024-03-08,169.0,173.6999969482422,168.94000244140625,170.72999572753906,76114600.0
2024-03-11,172.94000244140625,174.3800048828125,172.0500030517578,172.75,60139500.0
2024-03-12,173.14999389648438,174.02999877929688,171.00999450683594,173.22999572753906,59825400.0
2024-03-13,172.77000427246094,173.19000244140625,170.75999450683594,171.1300048828125,52488700.0
2024-03-14,172.91000366210938,174.30999755859375,172.0500030517578,173.0,72913500.0
2024-03-15,171.1699981689453,172.6199951171875,170.2899932861328,172.6199951171875,121664700.0
2024-03-18,175.57000732421875,177.7100067138672,173.52000427246094,173.72000122070312,75604200.0
2024-03-19,174.33999633789062,176.61000061035156,173.02999877929688,176.0800018310547,55215200.0
2024-03-20,175.72000122070312,178.6699981689453,175.08999633789062,178.6699981689453,53423100.0
2024-03-21,177.0500030517578,177.49000549316406,170.83999633789062,171.3699951171875,106181300.0
2024-03-22,171.75999450683594,173.0500030517578,170.05999755859375,172.27999877929688,71106600.0
2024-03-25,170.57000732421875,171.94000244140625,169.4499969482422,170.85000610351562,54288300.0
2024-03-26,170.0,171.4199981689453,169.5800018310547,169.7100067138672,57388400.0
2024-03-27,170.41000366210938,173.60000610351562,170.11000061035156,173.30999755859375,60273300.0
2024-03-28,171.75,172.22999572753906,170.50999450683594,171.47999572753906,65672700.0
2024-04-01,171.19000244140625,171.25,169.47999572753906,170.02999877929688,46240500.0
2024-04-02,169.0800018310547,169.33999633789062,168.22999572753906,168.83999633789062,49329500.0
2024-04-03,168.7899932861328,170.67999267578125,168.5800018310547,169.64999389648438,47691700.0
2024-04-04,170.2899932861328,171.9199981689453,168.82000732421875,168.82000732421875,53704400.0
2024-04-05,169.58999633789062,170.38999938964844,168.9499969482422,169.5800018310547,42055200.0
2024-04-08,169.02999877929688,169.1999969482422,168.24000549316406,168.4499969482422,37425500.0
2024-04-09,168.6999969482422,170.0800018310547,168.35000610351562,169.6699981689453,42451200.0
2024-04-10,168.8000030517578,169.08999633789062,167.11000061035156,167.77999877929688,49709300.0
2024-04-11,168.33999633789062,175.4600067138672,168.16000366210938,175.0399932861328,91070300.0
2024-04-12,174.25999450683594,178.36000061035156,174.2100067138672,176.5500030517578,101593300.0
2024-04-15,175.36000061035156,176.6300048828125,172.5,172.69000244140625,73531800.0
2024-04-16,171.75,173.75999450683594,168.27000427246094,169.3800048828125,73711200.0
2024-04-17,169.61000061035156,170.64999389648438,168.0,168.0,50901200.0
2024-04-18,168.02999877929688,168.63999938964844,166.5500030517578,167.0399932861328,43122900.0
2024-04-19,166.2100067138672,166.39999389648438,164.0800018310547,165.0,67772100.0
2024-04-22,165.52000427246094,167.25999450683594,164.77000427246094,165.83999633789062,48116400.0
2024-04-23,165.35000610351562,167.0500030517578,164.9199981689453,166.89999389648438,49537800.0
2024-04-24,166.5399932861328,169.3000030517578,166.2100067138672,169.02000427246094,48251800.0
2024-04-25,169.52999877929688,170.61000061035156,168.14999389648438,169.88999938964844,50558300.0
2024-04-26,169.8800048828125,171.33999633789062,169.17999267578125,169.3000030517578,44838400.0
2024-04-29,173.3699951171875,176.02999877929688,173.10000610351562,173.5,68169400.0
2024-04-30,173.3300018310547,174.99000549316406,170.0,170.3300018310547,65934800.0
2024-05-01,169.5800018310547,172.7100067138672,169.11000061035156,169.3000030517578,50383100.0
2024-05-02,172.50999450683594,173.4199981689453,170.88999938964844,173.02999877929688,94214900.0
2024-05-03,186.6499938964844,187.0,182.66000366210935,183.3800048828125,163224100.0
2024-05-06,182.3500061035156,184.1999969482422,180.4199981689453,181.7100067138672,78569700.0
2024-05-07,183.4499969482422,184.8999938964844,181.32000732421875,182.3999938964844,77305800.0
2024-05-08,182.8500061035156,183.07000732421875,181.4499969482422,182.7400054931641,45057100.0
2024-05-09,182.55999755859372,184.66000366210935,182.1100006103516,184.57000732421875,48983000.0
2024-05-10,184.8999938964844,185.08999633789065,182.1300048828125,183.0500030517578,50759500.0
2024-05-13,185.44000244140625,187.1000061035156,184.6199951171875,186.27999877929688,72044800.0
2024-05-14,187.50999450683597,188.3000030517578,186.2899932861328,187.42999267578125,52393600.0
2024-05-15,187.91000366210935,190.6499938964844,187.3699951171875,189.72000122070312,70400000.0
2024-05-16,190.47000122070312,191.1000061035156,189.66000366210935,189.83999633789065,52845200.0
2024-05-17,189.50999450683597,190.80999755859372,189.17999267578125,189.8699951171875,41282900.0
2024-05-20,189.3300018310547,191.9199981689453,189.00999450683597,191.0399932861328,44361300.0
2024-05-21,191.08999633789065,192.72999572753903,190.9199981689453,192.3500061035156,42309400.0
2024-05-22,192.2700042724609,192.82000732421875,190.2700042724609,190.8999938964844,34648500.0
2024-05-23,190.97999572753903,191.0,186.6300048828125,186.8800048828125,51005900.0
2024-05-24,188.82000732421875,190.5800018310547,188.0399932861328,189.97999572753903,36294600.0
2024-05-28,191.50999450683597,193.0,189.1000061035156,189.9900054931641,52280100.0
2024-05-29,189.6100006103516,192.25,189.50999450683597,190.2899932861328,53068000.0
2024-05-30,190.75999450683597,192.17999267578125,190.6300048828125,191.2899932861328,49947900.0
2024-05-31,191.44000244140625,192.57000732421875,189.91000366210935,192.25,75158300.0
2024-06-03,192.8999938964844,194.9900054931641,192.5200042724609,194.02999877929688,50080500.0
2024-06-04,194.63999938964844,195.32000732421875,193.02999877929688,194.3500061035156,47471400.0
2024-06-05,195.3999938964844,196.8999938964844,194.8699951171875,195.8699951171875,54156800.0
2024-06-06,195.69000244140625,196.5,194.1699981689453,194.47999572753903,41181800.0
2024-06-07,194.6499938964844,196.94000244140625,194.13999938964844,196.88999938964844,53103900.0
2024-06-10,196.8999938964844,197.3000030517578,192.1499938964844,193.1199951171875,97262100.0
2024-06-11,193.6499938964844,207.16000366210935,193.6300048828125,207.1499938964844,172373300.0
2024-06-12,207.3699951171875,220.1999969482422,206.8999938964844,213.07000732421875,198134300.0
2024-06-13,214.7400054931641,216.75,211.6000061035156,214.2400054931641,97862700.0
2024-06-14,213.8500061035156,215.1699981689453,211.3000030517578,212.4900054931641,70122700.0
2024-06-17,213.3699951171875,218.9499969482422,212.72000122070312,216.6699981689453,93728300.0
2024-06-18,217.58999633789065,218.6300048828125,213.0,214.2899932861328,79943300.0
2024-06-20,213.92999267578125,214.2400054931641,208.8500061035156,209.67999267578125,86172500.0
2024-06-21,210.38999938964844,211.88999938964844,207.1100006103516,207.4900054931641,246421400.0
2024-06-24,207.72000122070312,212.6999969482422,206.58999633789065,208.13999938964844,80727000.0
2024-06-25,209.1499938964844,211.3800048828125,208.6100006103516,209.07000732421875,56713900.0
2024-06-26,211.5,214.8600006103516,210.63999938964844,213.25,66213200.0
2024-06-27,214.69000244140625,215.7400054931641,212.3500061035156,214.1000061035156,49772700.0
2024-06-28,215.7700042724609,216.07000732421875,210.3000030517578,210.6199951171875,82542700.0
2024-07-01,212.08999633789065,217.50999450683597,211.9199981689453,216.75,60402900.0
2024-07-02,216.1499938964844,220.3800048828125,215.1000061035156,220.2700042724609,58046200.0
2024-07-03,220.0,221.5500030517578,219.02999877929688,221.5500030517578,37369800.0
2024-07-05,221.6499938964844,226.4499969482422,221.6499938964844,226.33999633789065,60412400.0
2024-07-08,227.08999633789065,227.8500061035156,223.25,227.82000732421875,59085900.0
2024-07-09,227.92999267578125,229.3999938964844,226.3699951171875,228.67999267578125,48076100.0
2024-07-10,229.3000030517578,233.0800018310547,229.25,232.97999572753903,62627700.0
2024-07-11,231.38999938964844,232.38999938964844,225.7700042724609,227.57000732421875,64710600.0
2024-07-12,228.9199981689453,232.63999938964844,228.67999267578125,230.5399932861328,53046500.0
2024-07-15,236.47999572753903,237.22999572753903,233.08999633789065,234.3999938964844,62631300.0
2024-07-16,235.0,236.2700042724609,232.3300018310547,234.82000732421875,43234300.0
2024-07-17,229.4499969482422,231.4600067138672,226.63999938964844,228.8800048828125,57345900.0
2024-07-18,230.27999877929688,230.44000244140625,222.2700042724609,224.17999267578125,66034600.0
2024-07-19,224.82000732421875,226.8000030517578,223.27999877929688,224.30999755859372,49151500.0
2024-07-22,227.00999450683597,227.77999877929688,223.08999633789065,223.9600067138672,48201800.0
2024-07-23,224.3699951171875,226.94000244140625,222.67999267578125,225.00999450683597,39960300.0
2024-07-24,224.0,224.8000030517578,217.1300048828125,218.5399932861328,61777600.0
2024-07-25,218.92999267578125,220.8500061035156,214.6199951171875,217.4900054931641,51391200.0
2024-07-26,218.6999969482422,219.4900054931641,216.00999450683597,217.9600067138672,41601300.0
2024-07-29,216.9600067138672,219.3000030517578,215.75,218.2400054931641,36311800.0
2024-07-30,219.19000244140625,220.3300018310547,216.1199951171875,218.8000030517578,41643800.0
2024-07-31,221.44000244140625,223.82000732421875,220.6300048828125,222.0800018310547,50036300.0
2024-08-01,224.3699951171875,224.47999572753903,217.0200042724609,218.3600006103516,62501000.0
2024-08-02,219.1499938964844,225.6000061035156,217.7100067138672,219.8600006103516,105568600.0
2024-08-05,199.08999633789065,213.5,196.0,209.2700042724609,119548600.0
2024-08-06,205.3000030517578,209.9900054931641,201.07000732421875,207.22999572753903,69660500.0
2024-08-07,206.8999938964844,213.63999938964844,206.38999938964844,209.82000732421875,63516400.0
2024-08-08,213.1100006103516,214.1999969482422,208.8300018310547,213.30999755859372,47161100.0
2024-08-09,212.1000061035156,216.77999877929688,211.97000122070312,216.2400054931641,42201600.0
2024-08-12,216.07000732421875,219.50999450683597,215.6000061035156,217.52999877929688,38028100.0
2024-08-13,219.00999450683597,221.88999938964844,219.00999450683597,221.2700042724609,44155300.0
2024-08-14,220.57000732421875,223.02999877929688,219.6999969482422,221.72000122070312,41960600.0
2024-08-15,224.6000061035156,225.3500061035156,222.75999450683597,224.72000122070312,46414000.0
2024-08-16,223.9199981689453,226.8300018310547,223.6499938964844,226.0500030517578,44340200.0
2024-08-19,225.72000122070312,225.9900054931641,223.0399932861328,225.88999938964844,40687800.0
2024-08-20,225.7700042724609,227.1699981689453,225.4499969482422,226.50999450683597,30299000.0
2024-08-21,226.5200042724609,227.97999572753903,225.0500030517578,226.3999938964844,34765500.0
2024-08-22,227.7899932861328,228.33999633789065,223.8999938964844,224.52999877929688,43695300.0
2024-08-23,225.66000366210935,228.22000122070312,224.3300018310547,226.83999633789065,38677300.0
2024-08-26,226.75999450683597,227.27999877929688,223.88999938964844,227.17999267578125,30602200.0
2024-08-27,226.0,228.8500061035156,224.88999938964844,228.02999877929688,35934600.0
2024-08-28,227.9199981689453,229.8600006103516,225.67999267578125,226.4900054931641,38052200.0
2024-08-29,230.1000061035156,232.9199981689453,228.8800048828125,229.7899932861328,51906300.0
2024-08-30,230.19000244140625,230.3999938964844,227.47999572753903,229.0,52990800.0
2024-09-03,228.5500030517578,229.0,221.1699981689453,222.7700042724609,50190600.0
2024-09-04,221.66000366210935,221.77999877929688,217.47999572753903,220.8500061035156,43840200.0
2024-09-05,221.6300048828125,225.47999572753903,221.5200042724609,222.3800048828125,36615400.0
2024-09-06,223.9499969482422,225.2400054931641,219.7700042724609,220.82000732421875,48423000.0
2024-09-09,220.82000732421875,221.2700042724609,216.7100067138672,220.91000366210935,67180000.0
2024-09-10,218.9199981689453,221.47999572753903,216.72999572753903,220.1100006103516,51591000.0
2024-09-11,221.4600067138672,223.08999633789065,217.88999938964844,222.66000366210935,44587100.0
2024-09-12,222.5,223.5500030517578,219.82000732421875,222.7700042724609,37498200.0
2024-09-13,223.5800018310547,224.0399932861328,221.91000366210935,222.5,36766600.0
2024-09-16,216.5399932861328,217.22000122070312,213.9199981689453,216.32000732421875,59357400.0
2024-09-17,215.75,216.8999938964844,214.5,216.7899932861328,45519300.0
2024-09-18,217.5500030517578,222.7100067138672,217.5399932861328,220.69000244140625,59894900.0
2024-09-19,224.9900054931641,229.82000732421875,224.6300048828125,228.8699951171875,66781300.0
2024-09-20,229.97000122070312,233.08999633789065,227.6199951171875,228.1999969482422,318679900.0
2024-09-23,227.33999633789065,229.4499969482422,225.80999755859372,226.47000122070312,54146000.0
2024-09-24,228.6499938964844,229.3500061035156,225.72999572753903,227.3699951171875,43556100.0
2024-09-25,224.92999267578125,227.2899932861328,224.0200042724609,226.3699951171875,42308700.0
2024-09-26,227.3000030517578,228.5,225.41000366210935,227.5200042724609,36636700.0
2024-09-27,228.4600067138672,229.5200042724609,227.3000030517578,227.7899932861328,34026000.0
2024-09-30,230.0399932861328,233.0,229.6499938964844,233.0,54541900.0
2024-10-01,229.5200042724609,229.6499938964844,223.7400054931641,226.2100067138672,63285000.0
2024-10-02,225.88999938964844,227.3699951171875,223.0200042724609,226.77999877929688,32880600.0
2024-10-03,225.13999938964844,226.80999755859372,223.32000732421875,225.6699981689453,34044200.0
2024-10-04,227.8999938964844,228.0,224.1300048828125,226.8000030517578,37245100.0
2024-10-07,224.5,225.69000244140625,221.3300018310547,221.69000244140625,39505400.0
2024-10-08,224.3000030517578,225.97999572753903,223.25,225.7700042724609,31855700.0
2024-10-09,225.22999572753903,229.75,224.8300018310547,229.5399932861328,33591100.0
2024-10-10,227.77999877929688,229.5,227.1699981689453,229.0399932861328,28183500.0
2024-10-11,229.3000030517578,229.41000366210935,227.33999633789065,227.5500030517578,31759200.0
2024-10-14,228.6999969482422,231.72999572753903,228.6000061035156,231.3000030517578,39882100.0
2024-10-15,233.6100006103516,237.4900054931641,232.3699951171875,233.8500061035156,64751400.0
2024-10-16,231.6000061035156,232.1199951171875,229.83999633789065,231.77999877929688,34082200.0
2024-10-17,233.42999267578125,233.8500061035156,230.5200042724609,232.1499938964844,32993800.0
2024-10-18,236.17999267578125,236.17999267578125,234.00999450683597,235.0,46431500.0
2024-10-21,234.4499969482422,236.8500061035156,234.4499969482422,236.47999572753903,36254500.0
2024-10-22,233.88999938964844,236.22000122070312,232.6000061035156,235.8600006103516,38846600.0
2024-10-23,234.0800018310547,235.13999938964844,227.75999450683597,230.75999450683597,52287000.0
2024-10-24,229.97999572753903,230.82000732421875,228.41000366210935,230.57000732421875,31109500.0
2024-10-25,229.7400054931641,233.22000122070312,229.57000732421875,231.41000366210935,38802300.0
2024-10-28,233.32000732421875,234.72999572753903,232.5500030517578,233.3999938964844,36087100.0
2024-10-29,233.1000061035156,234.3300018310547,232.32000732421875,233.6699981689453,35417200.0
2024-10-30,232.6100006103516,233.47000122070312,229.5500030517578,230.1000061035156,47070900.0
2024-10-31,229.33999633789065,229.8300018310547,225.3699951171875,225.91000366210935,64370100.0
2024-11-01,220.97000122070312,225.3500061035156,220.2700042724609,222.91000366210935,65242200.0
2024-11-04,221.01199340820312,222.3999938964844,219.7100067138672,220.77999877929688,5229520.0
2024-11-05,221.80000,223.95000,221.14000,223.45000,28111300
2024-11-06,222.61000,226.070007,221.19000,222.72000,54561100
2024-11-07,224.63000,227.88000,224.57001,227.48000,42137700
2024-11-08,227.17000,228.66000,226.41000,226.96001,38328800
2024-11-11,225,225.70000,221.5,224.23000,42005600
2024-11-12,224.55000,225.59000,223.36000,224.23000,40398300
2024-11-13,224.0099945,226.64999,222.75999,225.12000,48566200
2024-11-14,225.020004,228.87000,225,228.22000,44923900
2024-11-15,226.39999,226.92000,224.27000,225,47923700
2024-11-18,225.25,229.74001,225.17000,228.020004,44686000
2024-11-19,226.98000,230.16000,226.66000,228.28000,36211800
2024-11-20,228.059998,229.92999,225.89000,229,35169600
2024-11-21,228.88000,230.16000,225.71001,228.52000,42108300
2024-11-22,228.059998,230.72000,228.059998,229.87000,38168300
2024-11-25,231.46001,233.25,229.74001,232.87000,90152800
2024-11-26,233.33000,235.57001,233.33000,235.059998,45986200
2024-11-27,234.47000,235.69000,233.81000,234.92999,33498400
2024-11-29,234.81000,237.81000,233.97000,237.33000,28481400
2024-12-02,237.27000,240.78999,237.16000,239.59000,48137100
2024-12-03,239.81000,242.75999,238.89999,242.64999,38861000
2024-12-04,242.87000,244.11000,241.25,243.0099945,44383900
2024-12-05,243.99001,244.53999,242.13000,243.039993,40033900
2024-12-06,242.91000,244.63000,242.080002,242.84000,36870600
2024-12-09,241.83000,247.24001,241.75,246.75,44649200
2024-12-10,246.89000,248.21001,245.34000,247.77000,36914800
2024-12-11,247.96001,250.80000,246.25999,246.49001,45205800
2024-12-12,246.89000,248.74001,245.67999,247.96001,32777500
2024-12-13,247.82001,249.28999,246.24001,248.13000,33155300
2024-12-16,247.99001,251.38000,247.64999,251.039993,51694800
2024-12-17,250.080002,253.83000,249.78000,253.48000,51356400
2024-12-18,252.16000,254.28000,247.74001,248.050003,56774100
2024-12-19,247.5,252,247.089996,249.78999,60882300
2024-12-20,248.039993,255,245.69000,254.49001,147495300
2024-12-23,254.77000,255.64999,253.45000,255.27000,40858800
2024-12-24,255.49001,258.20999,255.28999,258.20001,23234700
2024-12-26,258.19000,260.10001,257.63000,259.019989,27237100
2024-12-27,257.82999,258.70001,253.059998,255.59000,42355300
2024-12-30,252.23000,253.5,250.75,252.20000,35557500
2024-12-31,252.44000,253.28000,249.42999,250.42000,39480700
2025-01-02,248.92999,249.10001,241.82001,243.85001,55740700
2025-01-03,243.36000,244.17999,241.89000,243.36000,40244100
2025-01-06,244.31000,247.33000,243.20000,245,45045600
2025-01-07,242.98000,245.55000,241.35001,242.21001,40856000
2025-01-08,241.92000,243.71001,240.050003,242.70000,37628900
2025-01-10,240.0099945,240.16000,233,236.85001,61710900
2025-01-13,233.53000,234.67000,229.72000,234.39999,49630700
2025-01-14,234.75,236.12000,232.47000,233.28000,39435300
2025-01-15,234.64000,238.96001,234.42999,237.87000,39832000
2025-01-16,237.35001,238.0099945,228.029999,228.25999,71759100
2025-01-17,232.12000,232.28999,228.48000,229.98000,68488300
2025-01-21,224,224.42000,219.38000,222.64000,98070400
2025-01-22,219.78999,224.12000,219.78999,223.83000,64126500
2025-01-23,224.74001,227.029999,222.30000,223.66000,60234800
2025-01-24,224.78000,225.63000,221.41000,222.78000,54697900
2025-01-27,224.020004,232.14999,223.98000,229.86000,94863400
2025-01-28,230.85001,240.19000,230.81000,238.25999,75707600
2025-01-29,234.12000,239.86000,234.0099945,239.36000,45486100
2025-01-30,238.67000,240.78999,237.21001,237.59000,55658300
2025-01-31,247.19000,247.19000,233.44000,236,101075100
2025-02-03,229.99001,231.83000,225.70000,228.0099945,73063300
2025-02-04,227.25,233.13000,226.64999,232.80000,45067300
2025-02-05,228.53000,232.67000,228.27000,232.47000,39620300
2025-02-06,231.28999,233.80000,230.42999,233.22000,29925300
2025-02-07,232.60001,234,227.25999,227.63000,39707200
2025-02-10,229.57001,230.59000,227.20000,227.64999,33115600
2025-02-11,228.20000,235.23000,228.13000,232.62000,53718400
2025-02-12,231.20000,236.96001,230.67999,236.87000,45243300
2025-02-13,236.91000,242.34000,235.57001,241.53000,53614100
2025-02-14,241.25,245.55000,240.99001,244.60001,40896200
2025-02-18,244.14999,245.17999,241.84000,244.47000,48822500
2025-02-19,244.66000,246.0099945,243.16000,244.87000,32204200
2025-02-20,244.94000,246.78000,244.28999,245.83000,32316900
2025-02-21,245.95000,248.69000,245.22000,245.55000,53197400
2025-02-24,244.92999,248.86000,244.42000,247.10001,51326400
2025-02-25,248,250,244.91000,247.039993,48013300
2025-02-26,244.33000,244.98000,239.13000,240.36000,44433600
2025-02-27,239.41000,242.46001,237.059998,237.30000,41153600
2025-02-28,236.95000,242.089996,230.20000,241.84000,56833400
2025-03-03,241.78999,244.029999,236.11000,238.029999,47184000
2025-03-04,237.71001,240.070007,234.67999,235.92999,53798100
2025-03-05,235.42000,236.55000,229.23000,235.74001,47227600
2025-03-06,234.44000,237.86000,233.16000,235.33000,45170400
2025-03-07,235.11000,241.37000,234.75999,239.070007,46273600
2025-03-10,235.53999,236.16000,224.22000,227.48000,72071200
2025-03-11,223.81000,225.84000,217.45000,220.84000,76137400
2025-03-12,220.14000,221.75,214.91000,216.98000,62547500
2025-03-13,215.95000,216.84000,208.42000,209.67999,61368300
2025-03-14,211.25,213.95000,209.58000,213.49001,60107600
2025-03-17,213.31000,215.22000,209.97000,214,48073400
2025-03-18,214.16000,215.14999,211.49001,212.69000,42432400
2025-03-19,214.22000,218.75999,213.75,215.24001,54385400
2025-03-20,213.99001,217.49001,212.22000,214.10001,48862900
2025-03-21,211.56000,218.84000,211.28000,218.27000,94127800
2025-03-24,221,221.48000,218.58000,220.73000,44299500
2025-03-25,220.77000,224.10001,220.080002,223.75,34493600
2025-03-26,223.50999,225.020004,220.47000,221.53000,34466100
2025-03-27,221.39000,224.99001,220.56000,223.85001,37094800
2025-03-28,221.67000,223.81000,217.67999,217.89999,39818600
2025-03-31,217.0099945,225.62000,216.23000,222.13000,65299300
2025-04-01,219.81000,223.67999,218.89999,223.19000,36412700
2025-04-02,221.32001,225.19000,221.020004,223.89000,35905900
2025-04-03,205.53999,207.49001,201.25,203.19000,103419000
2025-04-04,193.89000,199.88000,187.34000,188.38000,125910900
2025-04-07,177.20000,194.14999,174.62000,181.46001,160466300
2025-04-08,186.70000,190.34000,169.21001,172.42000,120859500
2025-04-09,171.95000,200.61000,171.89000,198.85001,184395900
2025-04-10,189.070007,194.78000,183,190.42000,121880000
2025-04-11,186.10001,199.53999,186.059998,198.14999,87435900
2025-04-14,211.44000,212.94000,201.16000,202.52000,101352900
2025-04-15,201.86000,203.50999,199.80000,202.14000,51343900
2025-04-16,198.36000,200.70000,192.37000,194.27000,59732400
2025-04-17,197.20000,198.83000,194.42000,196.98000,51334300
2025-04-21,193.27000,193.80000,189.81000,193.16000,46742500
2025-04-22,196.12000,201.59000,195.97000,199.74001,52976400
2025-04-23,206,208,202.80000,204.60001,52929200
2025-04-24,204.89000,208.83000,202.94000,208.37000,47311000
2025-04-25,206.37000,209.75,206.20000,209.28000,38222300
2025-04-28,210,211.5,207.46001,210.14000,38743100
2025-04-29,208.69000,212.24001,208.37000,211.21001,36827600
2025-04-30,209.30000,213.58000,206.67000,212.5,52286500
2025-05-01,209.080002,214.56000,208.89999,213.32001,57365700
2025-05-02,206.089996,206.99001,202.16000,205.35001,101010600
2025-05-05,203.10001,204.10001,198.21001,198.89000,69018500
2025-05-06,198.21001,200.64999,197.020004,198.50999,51216500
2025-05-07,199.17000,199.44000,193.25,196.25,68536700
2025-05-08,197.72000,200.050003,194.67999,197.49001,50478900
2025-05-09,199,200.53999,197.53999,198.53000,36453900
2025-05-12,210.97000,211.27000,206.75,210.78999,63775800
2025-05-13,210.42999,213.39999,209,212.92999,51909300
2025-05-14,212.42999,213.94000,210.58000,212.33000,49325800
2025-05-15,210.95000,212.96001,209.53999,211.45000,45029500
2025-05-16,212.36000,212.57001,209.77000,211.25999,54737900
2025-05-19,207.91000,209.48000,204.25999,208.78000,46140500
2025-05-20,207.67000,208.47000,205.029999,206.86000,42496600
2025-05-21,205.17000,207.039993,200.71001,202.089996,59211800
2025-05-22,200.71001,202.75,199.70000,201.36000,46742400
2025-05-23,193.67000,197.70000,193.46001,195.27000,78432900
2025-05-27,198.30000,200.74001,197.42999,200.21001,56288500
2025-05-28,200.59000,202.73000,199.89999,200.42000,45339700
2025-05-29,203.58000,203.81000,198.50999,199.95000,51396800
2025-05-30,199.37000,201.96001,196.78000,200.85001,70819900
2025-06-02,200.28000,202.13000,200.12000,201.70000,35423300
2025-06-03,201.35001,203.77000,200.96001,203.27000,46381600
2025-06-04,202.91000,206.24001,202.10001,202.82001,43604000
2025-06-05,203.5,204.75,200.14999,200.63000,55126100
2025-06-06,203,205.70000,202.050003,203.92000,46607700
2025-06-09,204.39000,206,200.020004,201.45000,72862600
2025-06-10,200.60001,204.35001,200.57001,202.67000,54672600
2025-06-11,203.5,204.5,198.41000,198.78000,60989900
2025-06-12,199.080002,199.67999,197.36000,199.20000,43904600
2025-06-13,199.73000,200.37000,195.70000,196.45000,51447300
2025-06-16,197.30000,198.69000,196.56000,198.42000,43020700
2025-06-17,197.20000,198.39000,195.21001,195.64000,38856200
2025-06-18,195.94000,197.57001,195.070007,196.58000,45394700
2025-06-20,198.24001,201.70000,196.86000,201,96813500
2025-06-23,201.63000,202.30000,198.96001,201.5,55814300
2025-06-24,202.59000,203.44000,200.20000,200.30000,54064000
2025-06-25,201.45000,203.67000,200.62000,201.56000,39525700
2025-06-26,201.42999,202.64000,199.46001,201,50799100
2025-06-27,201.89000,203.22000,200,201.080002,73188600
2025-06-30,202.0099945,207.39000,199.25999,205.17000,91912800
2025-07-01,206.67000,210.19000,206.14000,207.82001,78788900
2025-07-02,208.91000,213.34000,208.14000,212.44000,67941800
2025-07-03,212.14999,214.64999,211.81000,213.55000,34955800
2025-07-07,212.67999,216.23000,208.80000,209.95000,50229000
2025-07-08,210.10001,211.42999,208.45000,210.0099945,42848900
2025-07-09,209.53000,211.33000,207.22000,211.14000,48749400
2025-07-10,210.50999,213.48000,210.029999,212.41000,44443600
2025-07-11,210.57001,212.13000,209.86000,211.16000,39765800
2025-07-14,209.92999,210.91000,207.53999,208.62000,38840100
2025-07-15,209.22000,211.89000,208.92000,209.11000,42296300
2025-07-16,210.30000,212.39999,208.64000,210.16000,47490500
2025-07-17,210.57001,211.80000,209.59000,210.020004,48068100
2025-07-18,210.87000,211.78999,209.70000,211.17999,48974600
2025-07-21,212.10001,215.78000,211.63000,212.48000,51377400
2025-07-22,213.14000,214.95000,212.23000,214.39999,46404100
2025-07-23,215,215.14999,212.41000,214.14999,46989300
2025-07-24,213.89999,215.69000,213.53000,213.75999,46022600
2025-07-25,214.70000,215.24001,213.39999,213.88000,40268800
2025-07-28,214.029999,214.85001,213.059998,214.050003,37858000
2025-07-29,214.17999,214.81000,210.82001,211.27000,51411700
2025-07-30,211.89999,212.39000,207.72000,209.050003,45512500
2025-07-31,208.49001,209.84000,207.16000,207.57001,80698400
2025-08-01,210.87000,213.58000,201.5,202.38000,104434500
2025-08-04,204.50999,207.88000,201.67999,203.35001,75109300
2025-08-05,203.39999,205.34000,202.16000,202.92000,44155100
2025-08-06,205.63000,215.38000,205.59000,213.25,108483100
2025-08-07,218.88000,220.85001,216.58000,220.029999,90224800
2025-08-08,220.83000,231,219.25,229.35001,113854000
2025-08-11,227.92000,229.56000,224.75999,227.17999,61806100
2025-08-12,228.0099945,230.80000,227.070007,229.64999,55626200
2025-08-13,231.070007,235,230.42999,233.33000,69878500
2025-08-14,234.059998,235.12000,230.85001,232.78000,51916300
2025-08-15,234,234.28000,229.34000,231.59000,56038700
2025-08-18,231.70000,233.12000,230.11000,230.89000,37476200
2025-08-19,231.28000,232.87000,229.35001,230.56000,39402600
2025-08-20,229.98000,230.47000,225.77000,226.0099945,42263900
2025-08-21,226.27000,226.52000,223.78000,224.89999,30621200
2025-08-22,226.17000,229.089996,225.41000,227.75999,42477800
2025-08-25,226.48000,229.30000,226.23000,227.16000,30983100
2025-08-26,226.87000,229.49001,224.69000,229.31000,54575100
2025-08-27,228.61000,230.89999,228.25999,230.49001,31259500
2025-08-28,230.82001,233.41000,229.34000,232.56000,38074700
2025-08-29,232.50999,233.38000,231.37000,232.14000,39418400
2025-09-02,229.25,230.85001,226.97000,229.72000,44075600
2025-09-03,237.21001,238.85001,234.36000,238.47000,66427800
2025-09-04,238.45000,239.89999,236.74001,239.78000,47549400
2025-09-05,240,241.32001,238.49001,239.69000,54870400
2025-09-08,239.30000,240.14999,236.34000,237.88000,48999500
2025-09-09,237,238.78000,233.36000,234.35001,66313900
2025-09-10,232.19000,232.42000,225.95000,226.78999,83440800
2025-09-11,226.88000,230.45000,226.64999,230.029999,50208600
2025-09-12,229.22000,234.50999,229.020004,234.070007,55824200
2025-09-15,237,238.19000,235.029999,236.70000,42699500
2025-09-16,237.17999,241.22000,236.32001,238.14999,63421100
2025-09-17,238.97000,240.10001,237.73000,238.99001,46508000
2025-09-18,239.97000,241.20000,236.64999,237.88000,44249600
2025-09-19,241.23000,246.30000,240.21001,245.5,163741300
2025-09-22,248.30000,256.64001,248.12000,256.079987,105517400
2025-09-23,255.88000,257.34000,253.58000,254.42999,60275200
2025-09-24,255.22000,255.74001,251.039993,252.31000,42303700
2025-09-25,253.21001,257.17001,251.71001,256.87000,55202100
2025-09-26,254.10001,257.60001,253.78000,255.46001,46076300
2025-09-29,254.56000,255,253.0099945,254.42999,40127700
2025-09-30,254.86000,255.92000,253.11000,254.63000,37704300
2025-10-01,255.039993,258.79001,254.92999,255.45000,48713900
2025-10-02,256.57999,258.17999,254.14999,257.13000,42630200
2025-10-03,254.67000,259.23999,253.95000,258.019989,49155600
2025-10-06,257.98999,259.070007,255.050003,256.69000,44664100
2025-10-07,256.81000,257.39999,255.42999,256.48001,31955800
2025-10-08,256.51999,258.51999,256.10999,258.059998,36496900
2025-10-09,257.81000,258,253.14000,254.039993,38322000
2025-10-10,254.94000,256.38000,244,245.27000,61999100
2025-10-13,249.38000,249.69000,245.56000,247.66000,38142900
2025-10-14,246.60001,248.85001,244.70000,247.77000,35478000
2025-10-15,249.49001,251.82001,247.47000,249.34000,33893600
2025-10-16,248.25,249.039993,245.13000,247.45000,39777000
2025-10-17,248.020004,253.38000,247.27000,252.28999,49147000
2025-10-20,255.89000,264.38000,255.63000,262.23999,90483000
2025-10-21,261.88000,265.29001,261.82999,262.76999,46695900
2025-10-22,262.64999,262.85001,255.42999,258.45001,45015300
2025-10-23,259.94000,260.62000,258.010010,259.57999,32754900
2025-10-24,261.19000,264.13000,259.17999,262.82001,38253700
2025-10-27,264.88000,269.12000,264.64999,268.81000,44888200
2025-10-28,268.98999,269.89001,268.14999,269,41534800
2025-10-29,269.28000,271.41000,267.10999,269.70001,51086700
2025-10-30,271.98999,274.14001,268.48001,271.39999,69886500
2025-10-31,276.98999,277.32001,269.16000,270.37000,86167100
2025-11-03,270.42001,270.85001,266.25,269.049988,50194600
2025-11-04,268.32999,271.48999,267.62000,270.040009,49274800
2025-11-05,268.60999,271.70001,266.92999,270.14001,43683100
2025-11-06,267.89001,273.39999,267.89001,269.76999,51204000
2025-11-07,269.79999,272.29001,266.76999,268.47000,48227400
2025-11-10,268.95999,273.73001,267.45999,269.42999,41312400
2025-11-11,269.81000,275.91000,269.79999,275.25,46208300
2025-11-12,275,275.73001,271.70001,273.47000,48398000
2025-11-13,274.10999,276.70001,272.089996,272.95001,49602800
2025-11-14,271.049988,275.95999,269.60001,272.41000,47431300
2025-11-17,268.82001,270.48999,265.73001,267.45999,45018300
2025-11-18,269.98999,270.70999,265.32001,267.44000,45677300
2025-11-19,265.53000,272.20999,265.5,268.56000,40424500
2025-11-20,270.82999,275.42999,265.92001,266.25,45823600
2025-11-21,265.95001,273.32999,265.67001,271.48999,59030800
2025-11-24,270.89999,277,270.89999,275.92001,65585800
2025-11-25,275.26999,280.38000,275.25,276.97000,46914200
2025-11-26,276.95999,279.53000,276.63000,277.54999,33431400
2025-11-28,277.26001,279,275.98999,278.85001,20135600
2025-12-01,278.010010,283.42001,276.14001,283.10001,46587700
2025-12-02,283,287.39999,282.63000,286.19000,53669500
2025-12-03,286.20001,288.62000,283.29999,284.14999,43538700
2025-12-04,284.10001,284.73001,278.59000,280.70001,43989100
2025-12-05,280.54001,281.14001,278.049988,278.78000,47265800
2025-12-08,278.13000,279.67001,276.14999,277.89001,38211800
2025-12-09,278.16000,280.029999,276.92001,277.17999,32193300
2025-12-10,277.75,279.75,276.44000,278.78000,33038300
2025-12-11,279.10001,279.59000,273.81000,278.029999,33248000
2025-12-12,277.89999,279.22000,276.82001,278.28000,39532900
2025-12-15,280.14999,280.14999,272.84000,274.10999,50409100
2025-12-16,272.82001,275.5,271.79001,274.60999,37648600
2025-12-17,275.010010,276.16000,271.64001,271.84000,50138700
2025-12-18,273.60999,273.63000,266.95001,272.19000,51630700
2025-12-19,272.14999,274.60001,269.89999,273.67001,144632000
2025-12-22,272.85999,273.88000,270.51001,270.97000,36571800
2025-12-23,270.84000,272.5,269.56000,272.35999,29642000
2025-12-24,272.34000,275.42999,272.20001,273.81000,17910600
2025-12-26,274.16000,275.37000,272.85999,273.39999,21521800
2025-12-29,272.69000,274.35999,272.35001,273.76001,23715200
2025-12-30,272.81000,274.079987,272.28000,273.079987,22139600
2025-12-31,273.059998,273.67999,271.75,271.85999,27293600
2026-01-02,272.26001,277.84000,269,271.010010,37838100
2026-01-05,270.64001,271.51001,266.14001,267.26001,45647200
2026-01-06,267,267.54999,262.12000,262.35999,52352100
2026-01-07,263.20001,263.67999,259.81000,260.32999,48309800
2026-01-08,257.019989,259.29001,255.70000,259.040009,50419300
2026-01-09,259.079987,260.20999,256.22000,259.37000,39997000
2026-01-12,259.16000,261.29999,256.79999,260.25,45263800
2026-01-13,258.72000,261.81000,258.39001,261.049988,45730800
2026-01-14,259.48999,261.82001,256.70999,259.95999,40019400
2026-01-15,260.64999,261.040009,257.049988,258.20999,39388600
2026-01-16,257.89999,258.89999,254.92999,255.53000,72142800
2026-01-20,252.73000,254.78999,243.42000,246.70000,80267500
2026-01-21,248.70000,251.56000,245.17999,247.64999,54641700
2026-01-22,249.20000,251,248.14999,248.35001,39708300
2026-01-23,247.32001,249.41000,244.67999,248.039993,41689000
2026-01-26,251.48000,256.56000,249.80000,255.41000,55969200
2026-01-27,259.17001,261.95001,258.20999,258.26999,49648300
2026-01-28,257.64999,258.85999,254.50999,256.44000,41288000
2026-01-29,258,259.64999,254.41000,258.28000,67253000
2026-01-30,255.17000,261.89999,252.17999,259.48001,92443400
2026-02-02,260.029999,270.48999,259.20999,270.010010,73913400
2026-02-03,269.20001,271.88000,267.60999,269.48001,64394700
2026-02-04,272.29001,278.95001,272.29001,276.48999,90545700
2026-02-05,278.13000,279.5,273.23001,275.91000,52977400
2026-02-06,277.12000,280.91000,276.92999,278.12000,50453400
2026-02-09,277.91000,278.20001,271.70001,274.62000,44623400
2026-02-10,274.89001,275.37000,272.94000,273.67999,34376900
2026-02-11,274.70001,280.17999,274.45001,275.5,51931300
2026-02-12,275.59000,275.72000,260.17999,261.73001,81077200
2026-02-13,262.010010,262.23001,255.45000,255.78000,56290700
2026-02-17,258.049988,266.29001,255.53999,263.88000,58469100
2026-02-18,263.60001,266.82001,262.45001,264.35001,34203300
2026-02-19,262.60001,264.48001,260.049988,260.57999,30845300
2026-02-20,258.97000,264.75,258.16000,264.57999,42070500
2026-02-23,263.48999,269.42999,263.38000,266.17999,37308200
2026-02-24,267.85999,274.89001,267.70999,272.14001,47014600
2026-02-25,271.78000,274.94000,271.049988,274.23001,33714300
2026-02-26,274.95001,276.10999,270.79999,272.95001,32345100
2026-02-27,272.81000,272.81000,262.89001,264.17999,72366500
2026-03-02,262.41000,266.53000,260.20001,264.72000,41827900
2026-03-03,263.48001,265.56000,260.13000,263.75,38568900
2026-03-04,264.64999,266.14999,261.42001,262.51999,39803100
2026-03-05,260.79001,261.56000,257.25,260.29001,49658600
2026-03-06,258.63000,258.76999,254.37000,257.45999,41120000
2026-03-09,255.69000,261.14999,253.67999,259.88000,38218500
2026-03-10,257.64999,262.48001,256.95001,260.82999,30590800
2026-03-11,261.089996,262.13000,259.54999,260.81000,26218900
2026-03-12,258.66000,258.95001,254.17999,255.75999,40794000
2026-03-13,255.48000,256.32999,249.52000,250.12000,36930000
2026-03-16,252.11000,253.89000,249.88000,252.82001,32074200
2026-03-17,252.96001,255.13000,252.17999,254.23000,32361600
2026-03-18,252.63000,254.94000,249,249.94000,35757900
2026-03-19,249.39999,251.83000,247.30000,248.96001,34864100
2026-03-20,247.98000,249.20000,246,247.99001,88331100
2026-03-23,253.97000,254.60001,250.28000,251.49001,40546100
2026-03-24,250.35001,254.83000,249.55000,251.64000,45152300
2026-03-25,254.10001,255,251.60001,252.62000,28476700
2026-03-26,252.12000,257,250.77000,252.89000,41796700
2026-03-27,253.89999,255.49001,248.070007,248.80000,47900000
2026-03-30,250.070007,250.87000,245.50999,246.63000,39446200
2026-03-31,247.91000,255.48000,247.10001,253.78999,49598100
2026-04-01,254.30000,256.17999,253.33000,255.63000,35595400
2026-04-02,254.14000,256.13000,250.64999,255.89000,21329803
